{
  "seed": 4,
  "conditions": {
    "n_10/complete": {
      "train_loss_final": 0.06645318865776062,
      "train_loss_running_mean_final": 0.18448953022714704,
      "best_running_mean_loss": 0.013385971370153129,
      "best_episode_idx": 4825,
      "best_validation_error": 0.0052,
      "best_validation_episode_idx": 4899,
      "validation_history": [
        [
          99,
          0.25224
        ],
        [
          199,
          0.00632
        ],
        [
          299,
          0.0246
        ],
        [
          399,
          0.02496
        ],
        [
          499,
          0.02528
        ],
        [
          599,
          0.02436
        ],
        [
          699,
          0.02468
        ],
        [
          799,
          0.02452
        ],
        [
          899,
          0.02428
        ],
        [
          999,
          0.54
        ],
        [
          1099,
          0.06332
        ],
        [
          1199,
          0.02444
        ],
        [
          1299,
          0.02416
        ],
        [
          1399,
          0.02416
        ],
        [
          1499,
          0.02392
        ],
        [
          1599,
          0.54
        ],
        [
          1699,
          0.20888
        ],
        [
          1799,
          0.1984
        ],
        [
          1899,
          0.54
        ],
        [
          1999,
          0.44396
        ],
        [
          2099,
          0.1984
        ],
        [
          2199,
          0.03016
        ],
        [
          2299,
          0.1984
        ],
        [
          2399,
          0.42048
        ],
        [
          2499,
          0.01132
        ],
        [
          2599,
          0.1984
        ],
        [
          2699,
          0.01424
        ],
        [
          2799,
          0.1984
        ],
        [
          2899,
          0.0108
        ],
        [
          2999,
          0.02728
        ],
        [
          3099,
          0.02836
        ],
        [
          3199,
          0.02696
        ],
        [
          3299,
          0.02688
        ],
        [
          3399,
          0.02708
        ],
        [
          3499,
          0.02684
        ],
        [
          3599,
          0.00792
        ],
        [
          3699,
          0.0262
        ],
        [
          3799,
          0.0262
        ],
        [
          3899,
          0.02572
        ],
        [
          3999,
          0.02572
        ],
        [
          4099,
          0.02528
        ],
        [
          4199,
          0.01608
        ],
        [
          4299,
          0.00872
        ],
        [
          4399,
          0.00788
        ],
        [
          4499,
          0.00732
        ],
        [
          4599,
          0.00724
        ],
        [
          4699,
          0.00564
        ],
        [
          4799,
          0.00536
        ],
        [
          4899,
          0.0052
        ],
        [
          4999,
          0.0078
        ]
      ],
      "consensus": {
        "unanimous": {
          "fraction_episodes_reach_consensus": 1.0,
          "fraction_episodes_consensus_correct": 0.997,
          "fraction_episodes_consensus_wrong_only": 0.003,
          "fraction_correct_at_first_consensus": 0.997,
          "mean_first_consensus_t": 2.137,
          "median_first_consensus_t": 2.0
        },
        "majority": {
          "fraction_episodes_reach_consensus": 1.0,
          "fraction_episodes_consensus_correct": 0.998,
          "fraction_episodes_consensus_wrong_only": 0.002,
          "fraction_correct_at_first_consensus": 0.991,
          "mean_first_consensus_t": 1.034,
          "median_first_consensus_t": 1.0
        }
      },
      "beta_fit": {
        "alpha": 0.4977217081924051,
        "beta": 0.021888061998993253,
        "beta_std": NaN,
        "beta_ci_lower": NaN,
        "beta_ci_upper": NaN,
        "epsilon_inf": 0.002278291807594937,
        "fit_success": false,
        "method": "anchored_t2_log_linear_fallback",
        "rmse": 0.3066837806166472,
        "r2": -110.95891900066204,
        "fit_window_t_max": 50,
        "n_full_series": 50,
        "plateau_detected": false,
        "fit_anchor": "t2",
        "failure_reason": "poor_fit_r2"
      },
      "beta_hst_max": 2.7725887222397816,
      "beta_gap": null,
      "exceeds_hst_bound": null,
      "convergence_warning": false,
      "epsilon_series": [
        0.2076,
        0.0392,
        0.0049,
        0.0025,
        0.0028,
        0.003,
        0.003,
        0.003,
        0.003,
        0.003,
        0.003,
        0.003,
        0.003,
        0.003,
        0.003,
        0.003,
        0.003,
        0.003,
        0.003,
        0.003,
        0.003,
        0.003,
        0.003,
        0.003,
        0.003,
        0.003,
        0.003,
        0.003,
        0.003,
        0.003,
        0.003,
        0.003,
        0.003,
        0.003,
        0.003,
        0.003,
        0.003,
        0.003,
        0.003,
        0.003,
        0.003,
        0.003,
        0.003,
        0.003,
        0.003,
        0.003,
        0.003,
        0.003,
        0.003,
        0.003
      ],
      "learning_rate_plot": "artifacts/training_metrics_vector/grid_runs/n_10/q_0p8/seed_4/plots/n_10__complete__anchored_t0.png",
      "learning_rate_plot_anchored_t0": "artifacts/training_metrics_vector/grid_runs/n_10/q_0p8/seed_4/plots/n_10__complete__anchored_t0.png",
      "train_loss_plot": "artifacts/training_metrics_vector/grid_runs/n_10/q_0p8/seed_4/plots/n_10__complete__train_loss.png",
      "learning_rate_plot_anchored_t2": "artifacts/anchor_t2/training_metrics_vector/grid_runs/n_10/q_0p8/seed_4/plots/n_10__complete__anchored_t2.png"
    },
    "n_10/ws_p_0.0_seed_4": {
      "train_loss_final": 0.03878403455018997,
      "train_loss_running_mean_final": 0.02270968472585082,
      "best_running_mean_loss": 0.020314915450289846,
      "best_episode_idx": 4572,
      "best_validation_error": 0.00852,
      "best_validation_episode_idx": 4899,