{
  "seed": 2,
  "conditions": {
    "n_100/complete": {
      "train_loss_final": null,
      "train_loss_running_mean_final": null,
      "best_running_mean_loss": null,
      "best_episode_idx": null,
      "best_validation_error": null,
      "best_validation_episode_idx": null,
      "validation_history": [],
      "consensus": {
        "unanimous": {
          "fraction_episodes_reach_consensus": 1.0,
          "fraction_episodes_consensus_correct": 0.999,
          "fraction_episodes_consensus_wrong_only": 0.001,
          "fraction_correct_at_first_consensus": 0.999,
          "mean_first_consensus_t": 2.002,
          "median_first_consensus_t": 2.0
        },
        "majority": {
          "fraction_episodes_reach_consensus": 1.0,
          "fraction_episodes_consensus_correct": 0.999,
          "fraction_episodes_consensus_wrong_only": 0.001,
          "fraction_correct_at_first_consensus": 0.999,
          "mean_first_consensus_t": 1.001,
          "median_first_consensus_t": 1.0
        }
      },
      "beta_fit": {
        "alpha": 0.0003299191438628243,
        "beta": 3.844827299026877,
        "beta_std": 0.14846424315194187,
        "beta_ci_lower": 3.553842729457074,
        "beta_ci_upper": 4.13581186859668,
        "epsilon_inf": 0.000999971428053703,
        "fit_success": true,
        "method": "scipy_anchored_t2",
        "rmse": 1.0047149389185895e-06,
        "r2": 0.9995363302509038,
        "fit_window_t_max": 50,
        "n_full_series": 50,
        "plateau_detected": false,
        "fit_anchor": "t2",
        "fit_start_t": 2,
        "failure_reason": ""
      },
      "beta_hst_max": 1.2380784168124472,
      "beta_gap": 2.60674888221443,
      "exceeds_hst_bound": true,
      "convergence_warning": false,
      "epsilon_series": [
        0.34813,
        0.00133,
        0.001,
        0.001,
        0.001,
        0.001,
        0.001,
        0.001,
        0.001,
        0.001,
        0.001,
        0.001,
        0.001,
        0.001,
        0.001,
        0.001,
        0.001,
        0.001,
        0.001,
        0.001,
        0.001,
        0.001,
        0.001,
        0.001,
        0.001,
        0.001,
        0.001,
        0.001,
        0.001,
        0.001,
        0.001,
        0.001,
        0.001,
        0.001,
        0.001,
        0.001,
        0.001,
        0.001,
        0.001,
        0.001,
        0.001,
        0.001,
        0.001,
        0.001,
        0.001,
        0.001,
        0.001,
        0.001,
        0.001,
        0.001
      ],
      "algorithm": "majority_vote",
      "learning_rate_plot": "artifacts/training_metrics_majority/grid_runs/n_100/q_0p65/seed_2/plots/n_100__complete__anchored_t2.png",
      "learning_rate_plot_anchored_t2": "artifacts/training_metrics_majority/grid_runs/n_100/q_0p65/seed_2/plots/n_100__complete__anchored_t2.png"
    },
    "n_100/ws_p_0.0_seed_2": {
      "train_loss_final": null,
      "train_loss_running_mean_final": null,
      "best_running_mean_loss": null,
      "best_episode_idx": null,
      "best_validation_error": null,
      "best_validation_episode_idx": null,
      "validation_history": [],
      "consensus": {
        "unanimous": {
          "fraction_episodes_reach_consensus": 0.197,
          "fraction_episodes_consensus_correct": 0.197,
          "fraction_episodes_consensus_wrong_only": 0.0,
          "fraction_correct_at_first_consensus": 1.0,
          "mean_first_consensus_t": 27.3248730964467,
          "median_first_consensus_t": 28.0
        },
        "majority": {
          "fraction_episodes_reach_consensus": 1.0,
          "fraction_episodes_consensus_correct": 1.0,
          "fraction_episodes_consensus_wrong_only": 0.0,
          "fraction_correct_at_first_consensus": 0.999,
          "mean_first_consensus_t": 1.001,
          "median_first_consensus_t": 1.0
        }
      },
      "beta_fit": {
        "alpha": 0.19447909399050078,
        "beta": 0.23248185282565043,
        "beta_std": 0.017356195165364834,
        "beta_ci_lower": 0.19846433539288716,
        "beta_ci_upper": 0.2664993702584137,
        "epsilon_inf": 0.05838514641214194,
        "fit_success": true,
        "method": "scipy_anchored_t2",
        "rmse": 0.01013480621682429,
        "r2": 0.943328836404622,
        "fit_window_t_max": 50,
        "n_full_series": 50,
        "plateau_detected": false,
        "fit_anchor": "t2",
        "fit_start_t": 2,
        "failure_reason": ""
      },
      "beta_hst_max": 1.2380784168124472,
      "beta_gap": -1.0055965639867968,
      "exceeds_hst_bound": false,
      "convergence_warning": true,
      "epsilon_series": [
        0.34813,
        0.28117,
        0.20693,
        0.15562,
        0.13672,
        0.12127,
        0.11257,
        0.10615,
        0.10085,
        0.09605,
        0.09273,
        0.08899,
        0.0861,
        0.08338,
        0.08076,
        0.07863,
        0.07674,
        0.07456,
        0.07308,
        0.07101,
        0.06975,
        0.06834,
        0.06737,
        0.06578,
        0.06473,
        0.06345,
        0.06239,
        0.06121,
        0.06035,
        0.05948,
        0.05869,
        0.05767,
        0.05664,
        0.05595,
        0.05546,
        0.05465,
        0.05369,
        0.05287,
        0.0523,
        0.05145,
        0.05094,
        0.05011,
        0.0496,
        0.04889,
        0.04851,
        0.04794,
        0.04748,
        0.04684,
        0.04652,
        0.04604
      ],
      "algorithm": "majority_vote",
      "learning_rate_plot": "artifacts/training_metrics_majority/grid_runs/n_100/q_0p65/seed_2/plots/n_100__ws_p_0.0_seed_2__anchored_t2.png",
      "learning_rate_plot_anchored_t2": "artifacts/training_metrics_majority/grid_runs/n_100/q_0p65/seed_2/plots/n_100__ws_p_0.0_seed_2__anchored_t2.png"
    },
    "n_100/ws_p_0.1_seed_2": {
      "train_loss_final": null,
      "train_loss_running_mean_final": null,
      "best_running_mean_loss": null,
      "best_episode_idx": null,
      "best_validation_error": null,
      "best_validation_episode_idx": null,
      "validation_history": [],
      "consensus": {
        "unanimous": {
          "fraction_episodes_reach_consensus": 0.189,
          "fraction_episodes_consensus_correct": 0.189,
          "fraction_episodes_consensus_wrong_only": 0.0,
          "fraction_correct_at_first_consensus": 1.0,
          "mean_first_consensus_t": 24.634920634920636,
          "median_first_consensus_t": 23.0
        },
        "majority": {
          "fraction_episodes_reach_consensus": 1.0,
          "fraction_episodes_consensus_correct": 1.0,
          "fraction_episodes_consensus_wrong_only": 0.0,
          "fraction_correct_at_first_consensus": 0.999,
          "mean_first_consensus_t": 1.001,
          "median_first_consensus_t": 1.0
        }
      },
      "beta_fit": {
        "alpha": 0.1953723994917062,
        "beta": 0.24354586067349354,
        "beta_std": 0.018272493168824174,
        "beta_ci_lower": 0.207732432154844,
        "beta_ci_upper": 0.2793592891921431,
        "epsilon_inf": 0.06011548652790178,
        "fit_success": true,
        "method": "scipy_anchored_t2",
        "rmse": 0.010112520044427432,
        "r2": 0.9426219779776015,
        "fit_window_t_max": 50,
        "n_full_series": 50,
        "plateau_detected": false,
        "fit_anchor": "t2",
        "fit_start_t": 2,
        "failure_reason": ""
      },
      "beta_hst_max": 1.2380784168124472,
      "beta_gap": -0.9945325561389537,
      "exceeds_hst_bound": false,
      "convergence_warning": true,