{
  "seed": 2,
  "conditions": {
    "n_10/complete": {
      "train_loss_final": 0.10297846794128418,
      "train_loss_running_mean_final": 0.3645129936933518,
      "best_running_mean_loss": 0.04931982252746821,
      "best_episode_idx": 2611,
      "best_validation_error": 0.01728,
      "best_validation_episode_idx": 3299,
      "validation_history": [
        [
          99,
          0.46656
        ],
        [
          199,
          0.03596
        ],
        [
          299,
          0.5142
        ],
        [
          399,
          0.50976
        ],
        [
          499,
          0.47668
        ],
        [
          599,
          0.30472
        ],
        [
          699,
          0.05624
        ],
        [
          799,
          0.51412
        ],
        [
          899,
          0.31444
        ],
        [
          999,
          0.46188
        ],
        [
          1099,
          0.44108
        ],
        [
          1199,
          0.3082
        ],
        [
          1299,
          0.24568
        ],
        [
          1399,
          0.04272
        ],
        [
          1499,
          0.47552
        ],
        [
          1599,
          0.29888
        ],
        [
          1699,
          0.03972
        ],
        [
          1799,
          0.03956
        ],
        [
          1899,
          0.1658
        ],
        [
          1999,
          0.09584
        ],
        [
          2099,
          0.03948
        ],
        [
          2199,
          0.02276
        ],
        [
          2299,
          0.0258
        ],
        [
          2399,
          0.03012
        ],
        [
          2499,
          0.02376
        ],
        [
          2599,
          0.01876
        ],
        [
          2699,
          0.02268
        ],
        [
          2799,
          0.0432
        ],
        [
          2899,
          0.02832
        ],
        [
          2999,
          0.02508
        ],
        [
          3099,
          0.01912
        ],
        [
          3199,
          0.02056
        ],
        [
          3299,
          0.01728
        ],
        [
          3399,
          0.28228
        ],
        [
          3499,
          0.0234
        ],
        [
          3599,
          0.51588
        ],
        [
          3699,
          0.51476
        ],
        [
          3799,
          0.34692
        ],
        [
          3899,
          0.47188
        ],
        [
          3999,
          0.51252
        ],
        [
          4099,
          0.44644
        ],
        [
          4199,
          0.28792
        ],
        [
          4299,
          0.34744
        ],
        [
          4399,
          0.50688
        ],
        [
          4499,
          0.25612
        ],
        [
          4599,
          0.1876
        ],
        [
          4699,
          0.30464
        ],
        [
          4799,
          0.14348
        ],
        [
          4899,
          0.14232
        ],
        [
          4999,
          0.27604
        ]
      ],
      "consensus": {
        "unanimous": {
          "fraction_episodes_reach_consensus": 1.0,
          "fraction_episodes_consensus_correct": 0.996,
          "fraction_episodes_consensus_wrong_only": 0.004,
          "fraction_correct_at_first_consensus": 0.992,
          "mean_first_consensus_t": 4.303,
          "median_first_consensus_t": 4.0
        },
        "majority": {
          "fraction_episodes_reach_consensus": 1.0,
          "fraction_episodes_consensus_correct": 0.996,
          "fraction_episodes_consensus_wrong_only": 0.004,
          "fraction_correct_at_first_consensus": 0.9,
          "mean_first_consensus_t": 1.182,
          "median_first_consensus_t": 1.0
        }
      },
      "beta_fit": {
        "alpha": 0.49744642803533773,
        "beta": 0.38015951824224575,
        "beta_std": 0.005950686063884066,
        "beta_ci_lower": 0.36849638787372857,
        "beta_ci_upper": 0.39182264861076294,
        "epsilon_inf": 0.0025535719646622755,
        "fit_success": true,
        "method": "scipy_anchored_t0",
        "rmse": 0.005776093263242313,
        "r2": 0.9919497367235541,
        "fit_window_t_max": 50,
        "n_full_series": 50,
        "plateau_detected": false,
        "fit_anchor": "t0",
        "failure_reason": ""
      },
      "beta_hst_max": 1.2380784168124472,
      "beta_gap": -0.8579188985702015,
      "exceeds_hst_bound": false,
      "convergence_warning": false,
      "epsilon_series": [
        0.3487,
        0.25320000000000004,
        0.1796,
        0.1087,
        0.06330000000000001,
        0.0354,
        0.024,
        0.015000000000000001,
        0.0112,
        0.0086,
        0.007500000000000001,
        0.006200000000000001,
        0.005,
        0.0045000000000000005,
        0.004200000000000001,
        0.0041,
        0.004,
        0.004,
        0.004,
        0.004,
        0.004,
        0.004,
        0.004,
        0.004,
        0.004,
        0.004,
        0.004,
        0.004,
        0.004,
        0.004,
        0.004,
        0.004,
        0.004,
        0.004,
        0.004,
        0.004,
        0.004,
        0.004,
        0.004,
        0.004,
        0.004,
        0.004,
        0.004,
        0.004,
        0.004,
        0.004,
        0.004,
        0.004,
        0.004,
        0.004
      ],
      "learning_rate_plot": "artifacts/training_metrics_vector/grid_runs/n_10/q_0p65/seed_2/plots/n_10__complete__anchored_t0.png",
      "learning_rate_plot_anchored_t0": "artifacts/training_metrics_vector/grid_runs/n_10/q_0p65/seed_2/plots/n_10__complete__anchored_t0.png",
      "train_loss_plot": "artifacts/training_metrics_vector/grid_runs/n_10/q_0p65/seed_2/plots/n_10__complete__train_loss.png"
    },
    "n_10/ws_p_0.0_seed_2": {
      "train_loss_final": 0.09308141469955444,
      "train_loss_running_mean_final": 0.0695710410643369,
      "best_running_mean_loss": 0.051975562786683444,
      "best_episode_idx": 3624,
      "best_validation_error": 0.02588,
      "best_validation_episode_idx": 3699,