{
  "seed": 2,
  "conditions": {
    "n_10/complete": {
      "train_loss_final": 0.7601599097251892,
      "train_loss_running_mean_final": 0.6913496142625809,
      "best_running_mean_loss": 0.6764176559448242,
      "best_episode_idx": 477,
      "best_validation_error": 0.47168,
      "best_validation_episode_idx": 3399,
      "validation_history": [
        [
          99,
          0.47992
        ],
        [
          199,
          0.52
        ],
        [
          299,
          0.515
        ],
        [
          399,
          0.48
        ],
        [
          499,
          0.48
        ],
        [
          599,
          0.52
        ],
        [
          699,
          0.52
        ],
        [
          799,
          0.52
        ],
        [
          899,
          0.52
        ],
        [
          999,
          0.50252
        ],
        [
          1099,
          0.47676
        ],
        [
          1199,
          0.47996
        ],
        [
          1299,
          0.48
        ],
        [
          1399,
          0.47764
        ],
        [
          1499,
          0.47676
        ],
        [
          1599,
          0.52
        ],
        [
          1699,
          0.52
        ],
        [
          1799,
          0.52
        ],
        [
          1899,
          0.52
        ],
        [
          1999,
          0.52
        ],
        [
          2099,
          0.52
        ],
        [
          2199,
          0.52
        ],
        [
          2299,
          0.52
        ],
        [
          2399,
          0.52
        ],
        [
          2499,
          0.47676
        ],
        [
          2599,
          0.47676
        ],
        [
          2699,
          0.52
        ],
        [
          2799,
          0.52
        ],
        [
          2899,
          0.50132
        ],
        [
          2999,
          0.52
        ],
        [
          3099,
          0.52
        ],
        [
          3199,
          0.52
        ],
        [
          3299,
          0.48
        ],
        [
          3399,
          0.47168
        ],
        [
          3499,
          0.47676
        ],
        [
          3599,
          0.52
        ],
        [
          3699,
          0.52
        ],
        [
          3799,
          0.52
        ],
        [
          3899,
          0.49876
        ],
        [
          3999,
          0.48896
        ],
        [
          4099,
          0.47676
        ],
        [
          4199,
          0.52
        ],
        [
          4299,
          0.52
        ],
        [
          4399,
          0.52
        ],
        [
          4499,
          0.52
        ],
        [
          4599,
          0.4822
        ],
        [
          4699,
          0.52
        ],
        [
          4799,
          0.47676
        ],
        [
          4899,
          0.48
        ],
        [
          4999,
          0.48
        ]
      ],
      "consensus": {
        "unanimous": {
          "fraction_episodes_reach_consensus": 0.992,
          "fraction_episodes_consensus_correct": 0.506,
          "fraction_episodes_consensus_wrong_only": 0.486,
          "fraction_correct_at_first_consensus": 0.5100806451612904,
          "mean_first_consensus_t": 11.314516129032258,
          "median_first_consensus_t": 9.0
        },
        "majority": {
          "fraction_episodes_reach_consensus": 1.0,
          "fraction_episodes_consensus_correct": 0.753,
          "fraction_episodes_consensus_wrong_only": 0.247,
          "fraction_correct_at_first_consensus": 0.575,
          "mean_first_consensus_t": 1.263,
          "median_first_consensus_t": 1.0
        }
      },
      "beta_fit": {
        "alpha": 0.018462012822637486,
        "beta": 9.999999997338609,
        "beta_std": 4823.157342511675,
        "beta_ci_lower": -9443.214683095463,
        "beta_ci_upper": 9463.21468309014,
        "epsilon_inf": 0.4815379871773625,
        "fit_success": true,
        "method": "scipy_anchored_t0",
        "rmse": 0.003921237236171102,
        "r2": -9.460376629855105e-06,
        "fit_window_t_max": 50,
        "n_full_series": 50,
        "plateau_detected": false,
        "fit_anchor": "t0",
        "failure_reason": ""
      },
      "beta_hst_max": 0.16008541534707313,
      "beta_gap": 9.839914581991536,
      "exceeds_hst_bound": false,
      "convergence_warning": true,
      "epsilon_series": [
        0.4772,
        0.47590000000000005,
        0.47890000000000005,
        0.48160000000000003,
        0.48260000000000003,
        0.4868,
        0.4758,
        0.4802,
        0.4812,
        0.47740000000000005,
        0.48050000000000004,
        0.4877,
        0.47950000000000004,
        0.4777,
        0.48160000000000003,
        0.4878,
        0.48300000000000004,
        0.47450000000000003,
        0.4818,
        0.4879,
        0.48550000000000004,
        0.47800000000000004,
        0.4806,
        0.4844,
        0.48550000000000004,
        0.47240000000000004,
        0.4792,
        0.4811,
        0.47840000000000005,
        0.4822,
        0.4843,
        0.48610000000000003,
        0.4898,
        0.4803,
        0.4787,
        0.48050000000000004,
        0.4859,
        0.4763,
        0.4792,
        0.4863,
        0.48360000000000003,
        0.4797,
        0.4796,
        0.4847,
        0.48700000000000004,
        0.4848,
        0.4768,
        0.48040000000000005,
        0.4801,
        0.4859
      ],
      "learning_rate_plot": "artifacts/training_metrics_fair/grid_runs/n_10/q_0p52/seed_2/plots/n_10__complete__anchored_t0.png",
      "learning_rate_plot_anchored_t0": "artifacts/training_metrics_fair/grid_runs/n_10/q_0p52/seed_2/plots/n_10__complete__anchored_t0.png",
      "train_loss_plot": "artifacts/training_metrics_fair/grid_runs/n_10/q_0p52/seed_2/plots/n_10__complete__train_loss.png"
    },
    "n_10/ws_p_0.0_seed_2": {
      "train_loss_final": 0.7391830086708069,
      "train_loss_running_mean_final": 0.6913884103298187,
      "best_running_mean_loss": 0.6790228885412216,
      "best_episode_idx": 477,
      "best_validation_error": 0.4672,
      "best_validation_episode_idx": 3199,