{
  "seed": 1,
  "conditions": {
    "n_10/complete": {
      "train_loss_final": 0.7308666706085205,
      "train_loss_running_mean_final": 0.695064690709114,
      "best_running_mean_loss": 0.6677725356817246,
      "best_episode_idx": 1815,
      "best_validation_error": 0.4,
      "best_validation_episode_idx": 199,
      "validation_history": [
        [
          99,
          0.596
        ],
        [
          199,
          0.4
        ],
        [
          299,
          0.6
        ],
        [
          399,
          0.6
        ],
        [
          499,
          0.59724
        ],
        [
          599,
          0.52924
        ],
        [
          699,
          0.6
        ],
        [
          799,
          0.59724
        ],
        [
          899,
          0.6
        ],
        [
          999,
          0.4842
        ],
        [
          1099,
          0.48296
        ],
        [
          1199,
          0.48296
        ],
        [
          1299,
          0.4842
        ],
        [
          1399,
          0.48296
        ],
        [
          1499,
          0.48296
        ],
        [
          1599,
          0.6
        ],
        [
          1699,
          0.59724
        ],
        [
          1799,
          0.6
        ],
        [
          1899,
          0.48296
        ],
        [
          1999,
          0.59724
        ],
        [
          2099,
          0.59724
        ],
        [
          2199,
          0.4842
        ],
        [
          2299,
          0.4842
        ],
        [
          2399,
          0.6
        ],
        [
          2499,
          0.6
        ],
        [
          2599,
          0.6
        ],
        [
          2699,
          0.6
        ],
        [
          2799,
          0.6
        ],
        [
          2899,
          0.4842
        ],
        [
          2999,
          0.4
        ],
        [
          3099,
          0.4
        ],
        [
          3199,
          0.4
        ],
        [
          3299,
          0.48292
        ],
        [
          3399,
          0.4842
        ],
        [
          3499,
          0.5972
        ],
        [
          3599,
          0.6
        ],
        [
          3699,
          0.4
        ],
        [
          3799,
          0.4842
        ],
        [
          3899,
          0.4842
        ],
        [
          3999,
          0.4842
        ],
        [
          4099,
          0.4842
        ],
        [
          4199,
          0.4
        ],
        [
          4299,
          0.59724
        ],
        [
          4399,
          0.52964
        ],
        [
          4499,
          0.4842
        ],
        [
          4599,
          0.59724
        ],
        [
          4699,
          0.6
        ],
        [
          4799,
          0.59724
        ],
        [
          4899,
          0.6
        ],
        [
          4999,
          0.6
        ]
      ],
      "consensus": {
        "unanimous": {
          "fraction_episodes_reach_consensus": 1.0,
          "fraction_episodes_consensus_correct": 0.502,
          "fraction_episodes_consensus_wrong_only": 0.498,
          "fraction_correct_at_first_consensus": 0.502,
          "mean_first_consensus_t": 1.0,
          "median_first_consensus_t": 1.0
        },
        "majority": {
          "fraction_episodes_reach_consensus": 1.0,
          "fraction_episodes_consensus_correct": 0.502,
          "fraction_episodes_consensus_wrong_only": 0.498,
          "fraction_correct_at_first_consensus": 0.502,
          "mean_first_consensus_t": 1.0,
          "median_first_consensus_t": 1.0
        }
      },
      "beta_fit": {
        "alpha": 0.5,
        "beta": 0.0,
        "beta_std": NaN,
        "beta_ci_lower": NaN,
        "beta_ci_upper": NaN,
        "epsilon_inf": 0.0,
        "fit_success": true,
        "method": "anchored_t2_log_linear_fallback",
        "rmse": 0.002000000000000002,
        "r2": NaN,
        "fit_window_t_max": 50,
        "n_full_series": 50,
        "plateau_detected": false,
        "fit_anchor": "t2",
        "failure_reason": ""
      },
      "beta_hst_max": 0.16008541534707313,
      "beta_gap": -0.16008541534707313,
      "exceeds_hst_bound": false,
      "convergence_warning": false,
      "epsilon_series": [
        0.498,
        0.498,
        0.498,
        0.498,
        0.498,
        0.498,
        0.498,
        0.498,
        0.498,
        0.498,
        0.498,
        0.498,
        0.498,
        0.498,
        0.498,
        0.498,
        0.498,
        0.498,
        0.498,
        0.498,
        0.498,
        0.498,
        0.498,
        0.498,
        0.498,
        0.498,
        0.498,
        0.498,
        0.498,
        0.498,
        0.498,
        0.498,
        0.498,
        0.498,
        0.498,
        0.498,
        0.498,
        0.498,
        0.498,
        0.498,
        0.498,
        0.498,
        0.498,
        0.498,
        0.498,
        0.498,
        0.498,
        0.498,
        0.498,
        0.498
      ],
      "learning_rate_plot": "artifacts/training_metrics_fair/grid_runs/n_10/q_0p52/seed_1/plots/n_10__complete__anchored_t0.png",
      "learning_rate_plot_anchored_t0": "artifacts/training_metrics_fair/grid_runs/n_10/q_0p52/seed_1/plots/n_10__complete__anchored_t0.png",
      "train_loss_plot": "artifacts/training_metrics_fair/grid_runs/n_10/q_0p52/seed_1/plots/n_10__complete__train_loss.png",
      "learning_rate_plot_anchored_t2": "artifacts/anchor_t2/training_metrics_fair/grid_runs/n_10/q_0p52/seed_1/plots/n_10__complete__anchored_t2.png"
    },
    "n_10/ws_p_0.0_seed_1": {
      "train_loss_final": 0.7406994700431824,
      "train_loss_running_mean_final": 0.6953521203994751,
      "best_running_mean_loss": 0.6711058306694031,
      "best_episode_idx": 1817,
      "best_validation_error": 0.4,
      "best_validation_episode_idx": 2999,