{
  "seed": 4,
  "conditions": {
    "n_10/complete": {
      "train_loss_final": 0.4995764493942261,
      "train_loss_running_mean_final": 0.6184934949874878,
      "best_running_mean_loss": 0.11666658291593195,
      "best_episode_idx": 1009,
      "best_validation_error": 0.05232,
      "best_validation_episode_idx": 899,
      "validation_history": [
        [
          99,
          0.10484
        ],
        [
          199,
          0.54
        ],
        [
          299,
          0.2578
        ],
        [
          399,
          0.45404
        ],
        [
          499,
          0.44524
        ],
        [
          599,
          0.35392
        ],
        [
          699,
          0.30744
        ],
        [
          799,
          0.27244
        ],
        [
          899,
          0.05232
        ],
        [
          999,
          0.06296
        ],
        [
          1099,
          0.3236
        ],
        [
          1199,
          0.16192
        ],
        [
          1299,
          0.48504
        ],
        [
          1399,
          0.16948
        ],
        [
          1499,
          0.06116
        ],
        [
          1599,
          0.35324
        ],
        [
          1699,
          0.3052
        ],
        [
          1799,
          0.14172
        ],
        [
          1899,
          0.5312
        ],
        [
          1999,
          0.45448
        ],
        [
          2099,
          0.35152
        ],
        [
          2199,
          0.44592
        ],
        [
          2299,
          0.31332
        ],
        [
          2399,
          0.35028
        ],
        [
          2499,
          0.26756
        ],
        [
          2599,
          0.116
        ],
        [
          2699,
          0.53184
        ],
        [
          2799,
          0.35712
        ],
        [
          2899,
          0.53168
        ],
        [
          2999,
          0.35364
        ],
        [
          3099,
          0.43376
        ],
        [
          3199,
          0.45304
        ],
        [
          3299,
          0.35028
        ],
        [
          3399,
          0.30856
        ],
        [
          3499,
          0.45304
        ],
        [
          3599,
          0.35028
        ],
        [
          3699,
          0.3474
        ],
        [
          3799,
          0.39716
        ],
        [
          3899,
          0.14628
        ],
        [
          3999,
          0.45396
        ],
        [
          4099,
          0.25292
        ],
        [
          4199,
          0.09368
        ],
        [
          4299,
          0.53212
        ],
        [
          4399,
          0.40136
        ],
        [
          4499,
          0.33352
        ],
        [
          4599,
          0.3148
        ],
        [
          4699,
          0.31148
        ],
        [
          4799,
          0.43384
        ],
        [
          4899,
          0.34548
        ],
        [
          4999,
          0.34928
        ]
      ],
      "consensus": {
        "unanimous": {
          "fraction_episodes_reach_consensus": 1.0,
          "fraction_episodes_consensus_correct": 0.975,
          "fraction_episodes_consensus_wrong_only": 0.025,
          "fraction_correct_at_first_consensus": 0.973,
          "mean_first_consensus_t": 6.724,
          "median_first_consensus_t": 6.0
        },
        "majority": {
          "fraction_episodes_reach_consensus": 1.0,
          "fraction_episodes_consensus_correct": 1.0,
          "fraction_episodes_consensus_wrong_only": 0.0,
          "fraction_correct_at_first_consensus": 0.89,
          "mean_first_consensus_t": 1.192,
          "median_first_consensus_t": 1.0
        }
      },
      "beta_fit": {
        "alpha": 0.2857174492128645,
        "beta": 0.3023143436294931,
        "beta_std": 0.02072543823243679,
        "beta_ci_lower": 0.2616932311301075,
        "beta_ci_upper": 0.3429354561288787,
        "epsilon_inf": 0.024058245718502166,
        "fit_success": true,
        "method": "scipy_anchored_t2",
        "rmse": 0.01273614853859378,
        "r2": 0.9513550148072175,
        "fit_window_t_max": 50,
        "n_full_series": 50,
        "plateau_detected": false,
        "fit_anchor": "t2",
        "fit_start_t": 2,
        "failure_reason": ""
      },
      "beta_hst_max": 1.2380784168124472,
      "beta_gap": -0.9357640731829542,
      "exceeds_hst_bound": false,
      "convergence_warning": false,
      "epsilon_series": [
        0.35250000000000004,
        0.262,
        0.2973,
        0.2001,
        0.1466,
        0.1051,
        0.07200000000000001,
        0.055900000000000005,
        0.041600000000000005,
        0.0354,
        0.031200000000000002,
        0.029400000000000003,
        0.0281,
        0.0268,
        0.0257,
        0.0264,
        0.025900000000000003,
        0.025900000000000003,
        0.0267,
        0.026600000000000002,
        0.0261,
        0.026600000000000002,
        0.0261,
        0.027100000000000003,
        0.0268,
        0.0267,
        0.0263,
        0.0264,
        0.0263,
        0.0263,
        0.0263,
        0.026000000000000002,
        0.0262,
        0.026000000000000002,
        0.0261,
        0.026000000000000002,
        0.026000000000000002,
        0.026000000000000002,
        0.026000000000000002,
        0.026000000000000002,
        0.026000000000000002,
        0.026000000000000002,
        0.026000000000000002,
        0.026000000000000002,
        0.026000000000000002,
        0.026000000000000002,
        0.026000000000000002,
        0.026000000000000002,
        0.026000000000000002,
        0.026000000000000002
      ],
      "learning_rate_plot": "/Users/leo-minhkustermann/Developer/Game Theory Project/artifacts/training_metrics_vector/grid_runs/n_10/q_0p65/seed_4/plots/n_10__complete__anchored_t2.png",
      "train_loss_plot": "artifacts/training_metrics_vector/grid_runs/n_10/q_0p65/seed_4/plots/n_10__complete__train_loss.png",
      "learning_rate_plot_anchored_t2": "/Users/leo-minhkustermann/Developer/Game Theory Project/artifacts/training_metrics_vector/grid_runs/n_10/q_0p65/seed_4/plots/n_10__complete__anchored_t2.png"
    },
    "n_10/ws_p_0.0_seed_4": {
      "train_loss_final": 0.6151283979415894,
      "train_loss_running_mean_final": 0.6819491010904312,
      "best_running_mean_loss": 0.045354776233434674,
      "best_episode_idx": 3847,
      "best_validation_error": 0.03116,
      "best_validation_episode_idx": 3699,