{
  "seed": 0,
  "conditions": {
    "n_10/complete": {
      "train_loss_final": 0.20276685059070587,
      "train_loss_running_mean_final": 0.1450899975001812,
      "best_running_mean_loss": 0.0843772148899734,
      "best_episode_idx": 3338,
      "best_validation_error": 0.0247,
      "best_validation_episode_idx": 4999,
      "validation_history": [
        [
          99,
          0.48
        ],
        [
          199,
          0.48
        ],
        [
          299,
          0.39986
        ],
        [
          399,
          0.37544
        ],
        [
          499,
          0.51586
        ],
        [
          599,
          0.48
        ],
        [
          699,
          0.4472
        ],
        [
          799,
          0.35796
        ],
        [
          899,
          0.5004
        ],
        [
          999,
          0.15926
        ],
        [
          1099,
          0.39924
        ],
        [
          1199,
          0.39924
        ],
        [
          1299,
          0.3947
        ],
        [
          1399,
          0.2472
        ],
        [
          1499,
          0.33034
        ],
        [
          1599,
          0.22468
        ],
        [
          1699,
          0.18428
        ],
        [
          1799,
          0.30826
        ],
        [
          1899,
          0.05832
        ],
        [
          1999,
          0.24706
        ],
        [
          2099,
          0.45064
        ],
        [
          2199,
          0.0591
        ],
        [
          2299,
          0.2151
        ],
        [
          2399,
          0.46302
        ],
        [
          2499,
          0.026
        ],
        [
          2599,
          0.31426
        ],
        [
          2699,
          0.20456
        ],
        [
          2799,
          0.04502
        ],
        [
          2899,
          0.04236
        ],
        [
          2999,
          0.04506
        ],
        [
          3099,
          0.0436
        ],
        [
          3199,
          0.02612
        ],
        [
          3299,
          0.04592
        ],
        [
          3399,
          0.02664
        ],
        [
          3499,
          0.0467
        ],
        [
          3599,
          0.0426
        ],
        [
          3699,
          0.04198
        ],
        [
          3799,
          0.02524
        ],
        [
          3899,
          0.04156
        ],
        [
          3999,
          0.04124
        ],
        [
          4099,
          0.04134
        ],
        [
          4199,
          0.4233
        ],
        [
          4299,
          0.03594
        ],
        [
          4399,
          0.06988
        ],
        [
          4499,
          0.21302
        ],
        [
          4599,
          0.02858
        ],
        [
          4699,
          0.09928
        ],
        [
          4799,
          0.08878
        ],
        [
          4899,
          0.04608
        ],
        [
          4999,
          0.0247
        ]
      ],
      "beta_fit": {
        "alpha": 0.4838588275241883,
        "beta": 0.19291189463109487,
        "beta_std": 0.00329059823310739,
        "beta_ci_lower": 0.18646244060661324,
        "beta_ci_upper": 0.1993613486555765,
        "epsilon_inf": 0.01614117247581172,
        "fit_success": true,
        "method": "scipy_anchored_t0",
        "rmse": 0.00526169275360756,
        "r2": 0.9976392738852355,
        "fit_window_t_max": 22,
        "n_full_series": 100,
        "plateau_detected": true,
        "failure_reason": ""
      },
      "beta_hst_max": 0.8109302162163284,
      "beta_gap": -0.6180183215852335,
      "exceeds_hst_bound": false,
      "convergence_warning": false,
      "epsilon_series": [
        0.4027,
        0.3295,
        0.29550000000000004,
        0.2368,
        0.20170000000000002,
        0.1699,
        0.1426,
        0.117,
        0.1032,
        0.0913,
        0.0782,
        0.0687,
        0.0582,
        0.0509,
        0.0439,
        0.0373,
        0.034800000000000005,
        0.0297,
        0.024900000000000002,
        0.0235,
        0.022000000000000002,
        0.0193,
        0.018000000000000002,
        0.0161,
        0.013900000000000001,
        0.0128,
        0.0109,
        0.0109,
        0.010400000000000001,
        0.0095,
        0.008700000000000001,
        0.0077,
        0.0079,
        0.0073,
        0.007,
        0.0067,
        0.006500000000000001,
        0.006500000000000001,
        0.0059,
        0.0057,
        0.005,
        0.0048000000000000004,
        0.0049,
        0.0045000000000000005,
        0.0043,
        0.0043,
        0.004200000000000001,
        0.0039000000000000003,
        0.0041,
        0.0039000000000000003,
        0.0037,
        0.0035,
        0.0035,
        0.0031000000000000003,
        0.0027,
        0.0028,
        0.0025,
        0.0025,
        0.0024000000000000002,
        0.0021000000000000003,
        0.0021000000000000003,
        0.0022,
        0.0022,
        0.0022,
        0.0018000000000000002,
        0.0017000000000000001,
        0.0015,
        0.0013000000000000002,
        0.0015,
        0.0013000000000000002,
        0.0014,
        0.0014,
        0.0012000000000000001,
        0.0014,
        0.0012000000000000001,
        0.0013000000000000002,
        0.0011,
        0.0011,
        0.0012000000000000001,
        0.0011,
        0.0008,
        0.0007,
        0.0007,
        0.0009000000000000001,
        0.001,
        0.001,
        0.0009000000000000001,
        0.0009000000000000001,
        0.0008,
        0.0008,
        0.0006000000000000001,
        0.001,
        0.001,
        0.0008,
        0.001,
        0.0007,
        0.0008,
        0.001,
        0.0011,
        0.0007
      ],
      "learning_rate_plot": "artifacts/training_metrics_fair/grid_runs/n_10/q_0p6/seed_0/plots/n_10__complete__anchored_t0.png",
      "learning_rate_plot_anchored_t0": "artifacts/training_metrics_fair/grid_runs/n_10/q_0p6/seed_0/plots/n_10__complete__anchored_t0.png",
      "train_loss_plot": "artifacts/training_metrics_fair/grid_runs/n_10/q_0p6/seed_0/plots/n_10__complete__train_loss.png"
    },
    "n_10/ws_p_0.0_seed_0": {
      "train_loss_final": 0.3489762842655182,
      "train_loss_running_mean_final": 0.1559189868811518,
      "best_running_mean_loss": 0.08799941854551435,
      "best_episode_idx": 4469,
      "best_validation_error": 0.03638,
      "best_validation_episode_idx": 4799,