{
  "seed": 0,
  "conditions": {
    "n_10/complete": {
      "train_loss_final": null,
      "train_loss_running_mean_final": null,
      "best_running_mean_loss": null,
      "best_episode_idx": null,
      "best_validation_error": null,
      "best_validation_episode_idx": null,
      "validation_history": [],
      "consensus": {
        "unanimous": {
          "fraction_episodes_reach_consensus": 1.0,
          "fraction_episodes_consensus_correct": 0.656,
          "fraction_episodes_consensus_wrong_only": 0.344,
          "fraction_correct_at_first_consensus": 0.656,
          "mean_first_consensus_t": 2.769,
          "median_first_consensus_t": 3.0
        },
        "majority": {
          "fraction_episodes_reach_consensus": 1.0,
          "fraction_episodes_consensus_correct": 0.656,
          "fraction_episodes_consensus_wrong_only": 0.344,
          "fraction_correct_at_first_consensus": 0.656,
          "mean_first_consensus_t": 1.343,
          "median_first_consensus_t": 1.0
        }
      },
      "beta_fit": {
        "alpha": 0.03370931058807703,
        "beta": 1.498115500444054,
        "beta_std": 0.004540499271631698,
        "beta_ci_lower": 1.4892162853998256,
        "beta_ci_upper": 1.5070147154882825,
        "epsilon_inf": 0.3439976593886811,
        "fit_success": true,
        "method": "scipy_anchored_t2",
        "rmse": 3.520225332766736e-05,
        "r2": 0.9999475499538829,
        "fit_window_t_max": 50,
        "n_full_series": 50,
        "plateau_detected": false,
        "fit_anchor": "t2",
        "fit_start_t": 2,
        "failure_reason": ""
      },
      "beta_hst_max": 0.4013413909243028,
      "beta_gap": 1.0967741095197512,
      "exceeds_hst_bound": false,
      "convergence_warning": true,
      "epsilon_series": [
        0.4499,
        0.3777,
        0.3516,
        0.3455,
        0.3445,
        0.344,
        0.344,
        0.344,
        0.344,
        0.344,
        0.344,
        0.344,
        0.344,
        0.344,
        0.344,
        0.344,
        0.344,
        0.344,
        0.344,
        0.344,
        0.344,
        0.344,
        0.344,
        0.344,
        0.344,
        0.344,
        0.344,
        0.344,
        0.344,
        0.344,
        0.344,
        0.344,
        0.344,
        0.344,
        0.344,
        0.344,
        0.344,
        0.344,
        0.344,
        0.344,
        0.344,
        0.344,
        0.344,
        0.344,
        0.344,
        0.344,
        0.344,
        0.344,
        0.344,
        0.344
      ],
      "algorithm": "majority_vote",
      "learning_rate_plot": "artifacts/training_metrics_majority/grid_runs/n_10/q_0p55/seed_0/plots/n_10__complete__anchored_t2.png",
      "learning_rate_plot_anchored_t2": "artifacts/training_metrics_majority/grid_runs/n_10/q_0p55/seed_0/plots/n_10__complete__anchored_t2.png"
    },
    "n_10/ws_p_0.0_seed_0": {
      "train_loss_final": null,
      "train_loss_running_mean_final": null,
      "best_running_mean_loss": null,
      "best_episode_idx": null,
      "best_validation_error": null,
      "best_validation_episode_idx": null,
      "validation_history": [],
      "consensus": {
        "unanimous": {
          "fraction_episodes_reach_consensus": 0.538,
          "fraction_episodes_consensus_correct": 0.453,
          "fraction_episodes_consensus_wrong_only": 0.085,
          "fraction_correct_at_first_consensus": 0.8420074349442379,
          "mean_first_consensus_t": 12.347583643122677,
          "median_first_consensus_t": 6.0
        },
        "majority": {
          "fraction_episodes_reach_consensus": 1.0,
          "fraction_episodes_consensus_correct": 0.807,
          "fraction_episodes_consensus_wrong_only": 0.193,
          "fraction_correct_at_first_consensus": 0.669,
          "mean_first_consensus_t": 1.407,
          "median_first_consensus_t": 1.0
        }
      },
      "beta_fit": {
        "alpha": 0.10345583904782311,
        "beta": 0.050029452156645775,
        "beta_std": 0.0034619869527749,
        "beta_ci_lower": 0.0432440824142594,
        "beta_ci_upper": 0.05681482189903215,
        "epsilon_inf": 0.27473248075874923,
        "fit_success": true,
        "method": "scipy_anchored_t2",
        "rmse": 0.007424039818068612,
        "r2": 0.9253537427854492,
        "fit_window_t_max": 100,
        "n_full_series": 100,
        "plateau_detected": false,
        "fit_anchor": "t2",
        "fit_start_t": 2,
        "failure_reason": ""
      },
      "beta_hst_max": 0.4013413909243028,
      "beta_gap": -0.35131193876765704,
      "exceeds_hst_bound": false,
      "convergence_warning": true,
      "epsilon_series": [
        0.4499,
        0.4234,
        0.3938,
        0.3716,
        0.3593,
        0.35,
        0.3452,
        0.3397,
        0.3362,
        0.3321,
        0.3274,
        0.3266,
        0.324,
        0.3203,
        0.3196,
        0.3184,
        0.3162,
        0.3173,
        0.3157,
        0.3145,
        0.3123,
        0.3107,
        0.3094,
        0.3099,
        0.3099,
        0.3079,
        0.3062,
        0.3049,
        0.3052,
        0.3036,
        0.3006,
        0.3002,
        0.2997,
        0.2991,
        0.2981,
        0.2973,
        0.2982,
        0.2969,
        0.2969,
        0.2957,
        0.2949,
        0.2949,
        0.2941,
        0.2943,
        0.2939,
        0.2925,
        0.2922,
        0.2913,
        0.2903,
        0.2899,
        0.2895,
        0.2889,
        0.289,
        0.2867,
        0.2871,
        0.2854,
        0.2846,
        0.285,
        0.2852,
        0.2841,
        0.2839,
        0.2831,
        0.2827,
        0.2826,
        0.2817,
        0.2811,
        0.2803,
        0.2797,
        0.2795,
        0.2789,
        0.2788,
        0.2782,
        0.278,
        0.278,
        0.2771,
        0.2771,
        0.2766,
        0.2767,
        0.2763,
        0.2756,
        0.275,
        0.2744,
        0.2732,
        0.2734,
        0.2732,
        0.2726,
        0.2716,
        0.2705,
        0.2706,
        0.2696,
        0.2678,
        0.2686,
        0.2699,
        0.2687,
        0.2686,
        0.2684,
        0.2693,
        0.2683,
        0.2687,
        0.2675
      ],
      "algorithm": "majority_vote",
      "learning_rate_plot": "artifacts/training_metrics_majority/grid_runs/n_10/q_0p55/seed_0/plots/n_10__ws_p_0.0_seed_0__anchored_t2.png",
      "learning_rate_plot_anchored_t2": "artifacts/training_metrics_majority/grid_runs/n_10/q_0p55/seed_0/plots/n_10__ws_p_0.0_seed_0__anchored_t2.png"
    },
    "n_10/ws_p_0.1_seed_0": {
      "train_loss_final": null,
      "train_loss_running_mean_final": null,
      "best_running_mean_loss": null,
      "best_episode_idx": null,
      "best_validation_error": null,
      "best_validation_episode_idx": null,
      "validation_history": [],
      "consensus": {
        "unanimous": {
          "fraction_episodes_reach_consensus": 0.538,
          "fraction_episodes_consensus_correct": 0.453,
          "fraction_episodes_consensus_wrong_only": 0.085,
          "fraction_correct_at_first_consensus": 0.8420074349442379,
          "mean_first_consensus_t": 12.347583643122677,
          "median_first_consensus_t": 6.0
        },
        "majority": {
          "fraction_episodes_reach_consensus": 1.0,
          "fraction_episodes_consensus_correct": 0.807,
          "fraction_episodes_consensus_wrong_only": 0.193,
          "fraction_correct_at_first_consensus": 0.669,
          "mean_first_consensus_t": 1.407,
          "median_first_consensus_t": 1.0
        }
      },
      "beta_fit": {
        "alpha": 0.10345583904782311,
        "beta": 0.050029452156645775,
        "beta_std": 0.0034619869527749,
        "beta_ci_lower": 0.0432440824142594,
        "beta_ci_upper": 0.05681482189903215,
        "epsilon_inf": 0.27473248075874923,
        "fit_success": true,
        "method": "scipy_anchored_t2",