{
  "seed": 2,
  "conditions": {
    "n_1000/complete": {
      "train_loss_final": null,
      "train_loss_running_mean_final": null,
      "best_running_mean_loss": null,
      "best_episode_idx": null,
      "best_validation_error": null,
      "best_validation_episode_idx": null,
      "validation_history": [],
      "consensus": {
        "unanimous": {
          "fraction_episodes_reach_consensus": 1.0,
          "fraction_episodes_consensus_correct": 0.999,
          "fraction_episodes_consensus_wrong_only": 0.001,
          "fraction_correct_at_first_consensus": 0.999,
          "mean_first_consensus_t": 2.0,
          "median_first_consensus_t": 2.0
        },
        "majority": {
          "fraction_episodes_reach_consensus": 1.0,
          "fraction_episodes_consensus_correct": 0.999,
          "fraction_episodes_consensus_wrong_only": 0.001,
          "fraction_correct_at_first_consensus": 0.999,
          "mean_first_consensus_t": 1.0,
          "median_first_consensus_t": 1.0
        }
      },
      "beta_fit": {
        "alpha": 7.006271198694247e-08,
        "beta": 0.0010571724313869018,
        "beta_std": 0.023516761556044468,
        "beta_ci_lower": -0.04503483325147638,
        "beta_ci_upper": 0.04714917811425018,
        "epsilon_inf": 0.0009999315537023564,
        "fit_success": true,
        "method": "scipy_anchored_t2",
        "rmse": 1.0297298638017433e-09,
        "r2": NaN,
        "fit_window_t_max": 50,
        "n_full_series": 50,
        "plateau_detected": false,
        "fit_anchor": "t2",
        "fit_start_t": 2,
        "failure_reason": ""
      },
      "beta_hst_max": 0.4013413909243028,
      "beta_gap": -0.4002842184929159,
      "exceeds_hst_bound": false,
      "convergence_warning": false,
      "epsilon_series": [
        0.450448,
        0.001,
        0.001,
        0.001,
        0.001,
        0.001,
        0.001,
        0.001,
        0.001,
        0.001,
        0.001,
        0.001,
        0.001,
        0.001,
        0.001,
        0.001,
        0.001,
        0.001,
        0.001,
        0.001,
        0.001,
        0.001,
        0.001,
        0.001,
        0.001,
        0.001,
        0.001,
        0.001,
        0.001,
        0.001,
        0.001,
        0.001,
        0.001,
        0.001,
        0.001,
        0.001,
        0.001,
        0.001,
        0.001,
        0.001,
        0.001,
        0.001,
        0.001,
        0.001,
        0.001,
        0.001,
        0.001,
        0.001,
        0.001,
        0.001
      ],
      "algorithm": "majority_vote",
      "learning_rate_plot": "artifacts/training_metrics_majority/grid_runs/n_1000/q_0p55/seed_2/plots/n_1000__complete__anchored_t2.png",
      "learning_rate_plot_anchored_t2": "artifacts/training_metrics_majority/grid_runs/n_1000/q_0p55/seed_2/plots/n_1000__complete__anchored_t2.png"
    },
    "n_1000/ws_p_0.0_seed_2": {
      "train_loss_final": null,
      "train_loss_running_mean_final": null,
      "best_running_mean_loss": null,
      "best_episode_idx": null,
      "best_validation_error": null,
      "best_validation_episode_idx": null,
      "validation_history": [],
      "consensus": {
        "unanimous": {
          "fraction_episodes_reach_consensus": 0.0,
          "fraction_episodes_consensus_correct": 0.0,
          "fraction_episodes_consensus_wrong_only": 0.0,
          "fraction_correct_at_first_consensus": null,
          "mean_first_consensus_t": null,
          "median_first_consensus_t": null
        },
        "majority": {
          "fraction_episodes_reach_consensus": 1.0,
          "fraction_episodes_consensus_correct": 1.0,
          "fraction_episodes_consensus_wrong_only": 0.0,
          "fraction_correct_at_first_consensus": 0.999,
          "mean_first_consensus_t": 1.0,
          "median_first_consensus_t": 1.0
        }
      },
      "beta_fit": {
        "alpha": 0.10416055027263862,
        "beta": 0.04524238407537169,
        "beta_std": 0.0030429850153247747,
        "beta_ci_lower": 0.039278243039840066,
        "beta_ci_upper": 0.05120652511090332,
        "epsilon_inf": 0.2742733646637021,
        "fit_success": true,
        "method": "scipy_anchored_t2",
        "rmse": 0.0070758980183066094,
        "r2": 0.9344390100255101,
        "fit_window_t_max": 100,
        "n_full_series": 100,
        "plateau_detected": false,
        "fit_anchor": "t2",
        "fit_start_t": 2,
        "failure_reason": ""
      },
      "beta_hst_max": 0.4013413909243028,
      "beta_gap": -0.35609900684893114,
      "exceeds_hst_bound": false,
      "convergence_warning": true,
      "epsilon_series": [
        0.450448,
        0.425435,
        0.395161,
        0.370377,
        0.360016,
        0.351293,
        0.346236,
        0.341824,
        0.338553,
        0.335182,
        0.332964,
        0.330613,
        0.328732,
        0.326563,
        0.325045,
        0.322987,
        0.321449,
        0.319754,
        0.318751,
        0.316984,
        0.31564,
        0.314451,
        0.313445,
        0.312034,
        0.311082,
        0.309919,
        0.309271,
        0.307915,
        0.3071,
        0.305876,
        0.305328,
        0.304075,
        0.303454,
        0.302387,
        0.301731,
        0.300668,
        0.300019,
        0.298994,
        0.29839,
        0.29743,
        0.296836,
        0.295958,
        0.295702,
        0.294795,
        0.294191,
        0.293372,
        0.292945,
        0.292062,
        0.291526,
        0.290872,
        0.290338,
        0.289605,
        0.289158,
        0.288494,
        0.288089,
        0.287438,
        0.286906,
        0.286356,
        0.285918,
        0.285182,
        0.284753,
        0.284093,
        0.283685,
        0.283093,
        0.282626,
        0.282086,
        0.281712,
        0.281177,
        0.280815,
        0.280192,
        0.279906,
        0.279208,
        0.278897,
        0.278387,
        0.278018,
        0.277436,
        0.277112,
        0.276611,
        0.276266,
        0.275787,
        0.275533,
        0.274993,
        0.274619,
        0.274243,
        0.273889,
        0.27345,
        0.273169,
        0.272618,
        0.272365,
        0.271928,
        0.27169,
        0.271207,
        0.270882,
        0.270466,
        0.270131,
        0.269706,
        0.269436,
        0.268997,
        0.268728,
        0.268319
      ],
      "algorithm": "majority_vote",
      "learning_rate_plot": "artifacts/training_metrics_majority/grid_runs/n_1000/q_0p55/seed_2/plots/n_1000__ws_p_0.0_seed_2__anchored_t2.png",
      "learning_rate_plot_anchored_t2": "artifacts/training_metrics_majority/grid_runs/n_1000/q_0p55/seed_2/plots/n_1000__ws_p_0.0_seed_2__anchored_t2.png"
    },
    "n_1000/ws_p_0.1_seed_2": {
      "train_loss_final": null,
      "train_loss_running_mean_final": null,
      "best_running_mean_loss": null,
      "best_episode_idx": null,
      "best_validation_error": null,
      "best_validation_episode_idx": null,
      "validation_history": [],
      "consensus": {
        "unanimous": {
          "fraction_episodes_reach_consensus": 0.0,
          "fraction_episodes_consensus_correct": 0.0,
          "fraction_episodes_consensus_wrong_only": 0.0,
          "fraction_correct_at_first_consensus": null,
          "mean_first_consensus_t": null,
          "median_first_consensus_t": null
        },
        "majority": {
          "fraction_episodes_reach_consensus": 1.0,
          "fraction_episodes_consensus_correct": 1.0,
          "fraction_episodes_consensus_wrong_only": 0.0,
          "fraction_correct_at_first_consensus": 0.999,
          "mean_first_consensus_t": 1.0,
          "median_first_consensus_t": 1.0
        }
      },
      "beta_fit": {
        "alpha": 0.09639060805310973,
        "beta": 0.05260066108334471,
        "beta_std": 0.003732426813868149,
        "beta_ci_lower": 0.045285238953231555,