{
  "seed": 0,
  "conditions": {
    "n_1000/complete": {
      "train_loss_final": null,
      "train_loss_running_mean_final": null,
      "best_running_mean_loss": null,
      "best_episode_idx": null,
      "best_validation_error": null,
      "best_validation_episode_idx": null,
      "validation_history": [],
      "consensus": {
        "unanimous": {
          "fraction_episodes_reach_consensus": 1.0,
          "fraction_episodes_consensus_correct": 0.999,
          "fraction_episodes_consensus_wrong_only": 0.001,
          "fraction_correct_at_first_consensus": 0.999,
          "mean_first_consensus_t": 2.001,
          "median_first_consensus_t": 2.0
        },
        "majority": {
          "fraction_episodes_reach_consensus": 1.0,
          "fraction_episodes_consensus_correct": 0.999,
          "fraction_episodes_consensus_wrong_only": 0.001,
          "fraction_correct_at_first_consensus": 0.999,
          "mean_first_consensus_t": 1.001,
          "median_first_consensus_t": 1.0
        }
      },
      "beta_fit": {
        "alpha": 0.00045589590530065166,
        "beta": 3.8724771561529074,
        "beta_std": 0.1484550247363446,
        "beta_ci_lower": 3.5815106543456694,
        "beta_ci_upper": 4.163443657960146,
        "epsilon_inf": 0.0009999608005181833,
        "fit_success": true,
        "method": "scipy_anchored_t2",
        "rmse": 1.350378956844243e-06,
        "r2": 0.9995613354280947,
        "fit_window_t_max": 50,
        "n_full_series": 50,
        "plateau_detected": false,
        "fit_anchor": "t2",
        "fit_start_t": 2,
        "failure_reason": ""
      },
      "beta_hst_max": 0.4013413909243028,
      "beta_gap": 3.471135765228605,
      "exceeds_hst_bound": true,
      "convergence_warning": false,
      "epsilon_series": [
        0.449423,
        0.001456,
        0.001,
        0.001,
        0.001,
        0.001,
        0.001,
        0.001,
        0.001,
        0.001,
        0.001,
        0.001,
        0.001,
        0.001,
        0.001,
        0.001,
        0.001,
        0.001,
        0.001,
        0.001,
        0.001,
        0.001,
        0.001,
        0.001,
        0.001,
        0.001,
        0.001,
        0.001,
        0.001,
        0.001,
        0.001,
        0.001,
        0.001,
        0.001,
        0.001,
        0.001,
        0.001,
        0.001,
        0.001,
        0.001,
        0.001,
        0.001,
        0.001,
        0.001,
        0.001,
        0.001,
        0.001,
        0.001,
        0.001,
        0.001
      ],
      "algorithm": "majority_vote",
      "learning_rate_plot": "artifacts/training_metrics_majority/grid_runs/n_1000/q_0p55/seed_0/plots/n_1000__complete__anchored_t2.png",
      "learning_rate_plot_anchored_t2": "artifacts/training_metrics_majority/grid_runs/n_1000/q_0p55/seed_0/plots/n_1000__complete__anchored_t2.png"
    },
    "n_1000/ws_p_0.0_seed_0": {
      "train_loss_final": null,
      "train_loss_running_mean_final": null,
      "best_running_mean_loss": null,
      "best_episode_idx": null,
      "best_validation_error": null,
      "best_validation_episode_idx": null,
      "validation_history": [],
      "consensus": {
        "unanimous": {
          "fraction_episodes_reach_consensus": 0.0,
          "fraction_episodes_consensus_correct": 0.0,
          "fraction_episodes_consensus_wrong_only": 0.0,
          "fraction_correct_at_first_consensus": null,
          "mean_first_consensus_t": null,
          "median_first_consensus_t": null
        },
        "majority": {
          "fraction_episodes_reach_consensus": 1.0,
          "fraction_episodes_consensus_correct": 1.0,
          "fraction_episodes_consensus_wrong_only": 0.0,
          "fraction_correct_at_first_consensus": 0.999,
          "mean_first_consensus_t": 1.001,
          "median_first_consensus_t": 1.0
        }
      },
      "beta_fit": {
        "alpha": 0.10335724286248457,
        "beta": 0.045491854793697134,
        "beta_std": 0.003102818119117707,
        "beta_ci_lower": 0.03941044302964812,
        "beta_ci_upper": 0.05157326655774615,
        "epsilon_inf": 0.2737753023455583,
        "fit_success": true,
        "method": "scipy_anchored_t2",
        "rmse": 0.007132272862053872,
        "r2": 0.9324014545097113,
        "fit_window_t_max": 100,
        "n_full_series": 100,
        "plateau_detected": false,
        "fit_anchor": "t2",
        "fit_start_t": 2,
        "failure_reason": ""
      },
      "beta_hst_max": 0.4013413909243028,
      "beta_gap": -0.35584953613060566,
      "exceeds_hst_bound": false,
      "convergence_warning": true,
      "epsilon_series": [
        0.449423,
        0.424786,
        0.3937,
        0.369135,
        0.358208,
        0.349747,
        0.344748,
        0.340387,
        0.337383,
        0.334114,
        0.331993,
        0.329324,
        0.327425,
        0.325459,
        0.323762,
        0.321956,
        0.320508,
        0.318888,
        0.317631,
        0.316015,
        0.314909,
        0.313463,
        0.312598,
        0.311165,
        0.310322,
        0.308906,
        0.307892,
        0.306946,
        0.306084,
        0.305078,
        0.304383,
        0.303233,
        0.302564,
        0.301457,
        0.300712,
        0.299858,
        0.299239,
        0.298331,
        0.297547,
        0.296727,
        0.296206,
        0.295231,
        0.294694,
        0.293875,
        0.293464,
        0.292585,
        0.292106,
        0.291264,
        0.290912,
        0.290138,
        0.289712,
        0.289079,
        0.288475,
        0.287878,
        0.287289,
        0.286778,
        0.28621,
        0.285568,
        0.285208,
        0.28445,
        0.283969,
        0.28342,
        0.283124,
        0.282431,
        0.282094,
        0.281491,
        0.281138,
        0.280467,
        0.280099,
        0.279547,
        0.279294,
        0.278717,
        0.278337,
        0.277785,
        0.277416,
        0.276944,
        0.276649,
        0.276137,
        0.275755,
        0.275352,
        0.275019,
        0.274488,
        0.274046,
        0.273596,
        0.273354,
        0.27284,
        0.272455,
        0.272085,
        0.271783,
        0.271354,
        0.27103,
        0.270565,
        0.270333,
        0.269819,
        0.269498,
        0.269067,
        0.268697,
        0.268346,
        0.268081,
        0.26777
      ],
      "algorithm": "majority_vote",
      "learning_rate_plot": "artifacts/training_metrics_majority/grid_runs/n_1000/q_0p55/seed_0/plots/n_1000__ws_p_0.0_seed_0__anchored_t2.png",
      "learning_rate_plot_anchored_t2": "artifacts/training_metrics_majority/grid_runs/n_1000/q_0p55/seed_0/plots/n_1000__ws_p_0.0_seed_0__anchored_t2.png"
    },
    "n_1000/ws_p_0.1_seed_0": {
      "train_loss_final": null,
      "train_loss_running_mean_final": null,
      "best_running_mean_loss": null,
      "best_episode_idx": null,
      "best_validation_error": null,
      "best_validation_episode_idx": null,
      "validation_history": [],
      "consensus": {
        "unanimous": {
          "fraction_episodes_reach_consensus": 0.0,
          "fraction_episodes_consensus_correct": 0.0,
          "fraction_episodes_consensus_wrong_only": 0.0,
          "fraction_correct_at_first_consensus": null,
          "mean_first_consensus_t": null,
          "median_first_consensus_t": null
        },
        "majority": {
          "fraction_episodes_reach_consensus": 1.0,
          "fraction_episodes_consensus_correct": 1.0,
          "fraction_episodes_consensus_wrong_only": 0.0,
          "fraction_correct_at_first_consensus": 0.999,
          "mean_first_consensus_t": 1.001,
          "median_first_consensus_t": 1.0
        }
      },
      "beta_fit": {
        "alpha": 0.09730492705968244,
        "beta": 0.052938880483017904,
        "beta_std": 0.003769515551385341,
        "beta_ci_lower": 0.04555076576313899,