{
  "seed": 1,
  "conditions": {
    "n_10/complete": {
      "train_loss_final": null,
      "train_loss_running_mean_final": null,
      "best_running_mean_loss": null,
      "best_episode_idx": null,
      "best_validation_error": null,
      "best_validation_episode_idx": null,
      "validation_history": [],
      "consensus": {
        "unanimous": {
          "fraction_episodes_reach_consensus": 1.0,
          "fraction_episodes_consensus_correct": 0.875,
          "fraction_episodes_consensus_wrong_only": 0.125,
          "fraction_correct_at_first_consensus": 0.875,
          "mean_first_consensus_t": 2.477,
          "median_first_consensus_t": 2.0
        },
        "majority": {
          "fraction_episodes_reach_consensus": 1.0,
          "fraction_episodes_consensus_correct": 0.875,
          "fraction_episodes_consensus_wrong_only": 0.125,
          "fraction_correct_at_first_consensus": 0.875,
          "mean_first_consensus_t": 1.225,
          "median_first_consensus_t": 1.0
        }
      },
      "beta_fit": {
        "alpha": 0.05220229030950779,
        "beta": 1.4918017161998993,
        "beta_std": 0.0033862255940456595,
        "beta_ci_lower": 1.4851648359920422,
        "beta_ci_upper": 1.4984385964077565,
        "epsilon_inf": 0.12499479873682114,
        "fit_success": true,
        "method": "scipy_anchored_t2",
        "rmse": 4.0952186869868406e-05,
        "r2": 0.9999704169865382,
        "fit_window_t_max": 50,
        "n_full_series": 50,
        "plateau_detected": false,
        "fit_anchor": "t2",
        "fit_start_t": 2,
        "failure_reason": ""
      },
      "beta_hst_max": 1.2380784168124472,
      "beta_gap": 0.2537232993874521,
      "exceeds_hst_bound": false,
      "convergence_warning": true,
      "epsilon_series": [
        0.3529,
        0.1772,
        0.1367,
        0.1278,
        0.1254,
        0.125,
        0.125,
        0.125,
        0.125,
        0.125,
        0.125,
        0.125,
        0.125,
        0.125,
        0.125,
        0.125,
        0.125,
        0.125,
        0.125,
        0.125,
        0.125,
        0.125,
        0.125,
        0.125,
        0.125,
        0.125,
        0.125,
        0.125,
        0.125,
        0.125,
        0.125,
        0.125,
        0.125,
        0.125,
        0.125,
        0.125,
        0.125,
        0.125,
        0.125,
        0.125,
        0.125,
        0.125,
        0.125,
        0.125,
        0.125,
        0.125,
        0.125,
        0.125,
        0.125,
        0.125
      ],
      "algorithm": "majority_vote",
      "learning_rate_plot": "artifacts/training_metrics_majority/grid_runs/n_10/q_0p65/seed_1/plots/n_10__complete__anchored_t2.png",
      "learning_rate_plot_anchored_t2": "artifacts/training_metrics_majority/grid_runs/n_10/q_0p65/seed_1/plots/n_10__complete__anchored_t2.png"
    },
    "n_10/ws_p_0.0_seed_1": {
      "train_loss_final": null,
      "train_loss_running_mean_final": null,
      "best_running_mean_loss": null,
      "best_episode_idx": null,
      "best_validation_error": null,
      "best_validation_episode_idx": null,
      "validation_history": [],
      "consensus": {
        "unanimous": {
          "fraction_episodes_reach_consensus": 0.866,
          "fraction_episodes_consensus_correct": 0.861,
          "fraction_episodes_consensus_wrong_only": 0.005,
          "fraction_correct_at_first_consensus": 0.9942263279445728,
          "mean_first_consensus_t": 7.587759815242494,
          "median_first_consensus_t": 4.0
        },
        "majority": {
          "fraction_episodes_reach_consensus": 1.0,
          "fraction_episodes_consensus_correct": 0.988,
          "fraction_episodes_consensus_wrong_only": 0.012,
          "fraction_correct_at_first_consensus": 0.885,
          "mean_first_consensus_t": 1.274,
          "median_first_consensus_t": 1.0
        }
      },
      "beta_fit": {
        "alpha": 0.19951680874225566,
        "beta": 0.24662049620388443,
        "beta_std": 0.01966870034166126,
        "beta_ci_lower": 0.20807055191151771,
        "beta_ci_upper": 0.2851704404962512,
        "epsilon_inf": 0.054358104806320556,
        "fit_success": true,
        "method": "scipy_anchored_t2",
        "rmse": 0.010942031245020358,
        "r2": 0.9356007670188241,
        "fit_window_t_max": 50,
        "n_full_series": 50,
        "plateau_detected": false,
        "fit_anchor": "t2",
        "fit_start_t": 2,
        "failure_reason": ""
      },
      "beta_hst_max": 1.2380784168124472,
      "beta_gap": -0.9914579206085627,
      "exceeds_hst_bound": false,
      "convergence_warning": true,
      "epsilon_series": [
        0.3529,
        0.2818,
        0.2036,
        0.1502,
        0.1319,
        0.1149,
        0.1067,
        0.1005,
        0.0953,
        0.0908,
        0.0873,
        0.0832,
        0.0819,
        0.079,
        0.077,
        0.0744,
        0.0728,
        0.0705,
        0.0691,
        0.0669,
        0.0665,
        0.0654,
        0.0631,
        0.0631,
        0.0609,
        0.0597,
        0.0593,
        0.0576,
        0.0569,
        0.0552,
        0.0546,
        0.0539,
        0.0531,
        0.052,
        0.0512,
        0.0504,
        0.0488,
        0.0485,
        0.0475,
        0.046,
        0.0457,
        0.0445,
        0.044,
        0.0431,
        0.0432,
        0.0419,
        0.0415,
        0.0407,
        0.0405,
        0.0398
      ],
      "algorithm": "majority_vote",
      "learning_rate_plot": "artifacts/training_metrics_majority/grid_runs/n_10/q_0p65/seed_1/plots/n_10__ws_p_0.0_seed_1__anchored_t2.png",
      "learning_rate_plot_anchored_t2": "artifacts/training_metrics_majority/grid_runs/n_10/q_0p65/seed_1/plots/n_10__ws_p_0.0_seed_1__anchored_t2.png"
    },
    "n_10/ws_p_0.1_seed_1": {
      "train_loss_final": null,
      "train_loss_running_mean_final": null,
      "best_running_mean_loss": null,
      "best_episode_idx": null,
      "best_validation_error": null,
      "best_validation_episode_idx": null,
      "validation_history": [],
      "consensus": {
        "unanimous": {
          "fraction_episodes_reach_consensus": 0.876,
          "fraction_episodes_consensus_correct": 0.869,
          "fraction_episodes_consensus_wrong_only": 0.007,
          "fraction_correct_at_first_consensus": 0.9920091324200914,
          "mean_first_consensus_t": 7.52054794520548,
          "median_first_consensus_t": 4.0
        },
        "majority": {
          "fraction_episodes_reach_consensus": 1.0,
          "fraction_episodes_consensus_correct": 0.984,
          "fraction_episodes_consensus_wrong_only": 0.016,
          "fraction_correct_at_first_consensus": 0.877,
          "mean_first_consensus_t": 1.272,
          "median_first_consensus_t": 1.0
        }
      },
      "beta_fit": {
        "alpha": 0.20335770563214725,
        "beta": 0.2692972428623943,
        "beta_std": 0.020423693136585066,
        "beta_ci_lower": 0.2292675398833897,
        "beta_ci_upper": 0.3093269458413989,
        "epsilon_inf": 0.05789637635858974,
        "fit_success": true,
        "method": "scipy_anchored_t2",
        "rmse": 0.010359520556908707,
        "r2": 0.941193224249114,
        "fit_window_t_max": 50,
        "n_full_series": 50,
        "plateau_detected": false,
        "fit_anchor": "t2",
        "fit_start_t": 2,
        "failure_reason": ""
      },
      "beta_hst_max": 1.2380784168124472,
      "beta_gap": -0.9687811739500529,
      "exceeds_hst_bound": false,
      "convergence_warning": true,