{
  "seed": 2,
  "conditions": {
    "n_10/complete": {
      "train_loss_final": 0.34841230511665344,
      "train_loss_running_mean_final": 0.32867658205330375,
      "best_running_mean_loss": 0.263109076321125,
      "best_episode_idx": 4575,
      "best_validation_error": 0.09406,
      "best_validation_episode_idx": 4399,
      "validation_history": [
        [
          99,
          0.47968
        ],
        [
          199,
          0.46592
        ],
        [
          299,
          0.52
        ],
        [
          399,
          0.48
        ],
        [
          499,
          0.47968
        ],
        [
          599,
          0.46358
        ],
        [
          699,
          0.47478
        ],
        [
          799,
          0.52
        ],
        [
          899,
          0.44944
        ],
        [
          999,
          0.44944
        ],
        [
          1099,
          0.44944
        ],
        [
          1199,
          0.43292
        ],
        [
          1299,
          0.42892
        ],
        [
          1399,
          0.48634
        ],
        [
          1499,
          0.44944
        ],
        [
          1599,
          0.44684
        ],
        [
          1699,
          0.51542
        ],
        [
          1799,
          0.41036
        ],
        [
          1899,
          0.52
        ],
        [
          1999,
          0.51276
        ],
        [
          2099,
          0.38094
        ],
        [
          2199,
          0.37572
        ],
        [
          2299,
          0.38724
        ],
        [
          2399,
          0.35152
        ],
        [
          2499,
          0.47104
        ],
        [
          2599,
          0.11272
        ],
        [
          2699,
          0.50928
        ],
        [
          2799,
          0.39404
        ],
        [
          2899,
          0.18912
        ],
        [
          2999,
          0.15822
        ],
        [
          3099,
          0.34086
        ],
        [
          3199,
          0.10256
        ],
        [
          3299,
          0.14972
        ],
        [
          3399,
          0.14976
        ],
        [
          3499,
          0.1172
        ],
        [
          3599,
          0.41058
        ],
        [
          3699,
          0.12744
        ],
        [
          3799,
          0.18038
        ],
        [
          3899,
          0.11814
        ],
        [
          3999,
          0.10408
        ],
        [
          4099,
          0.09678
        ],
        [
          4199,
          0.23374
        ],
        [
          4299,
          0.36346
        ],
        [
          4399,
          0.09406
        ],
        [
          4499,
          0.13146
        ],
        [
          4599,
          0.18274
        ],
        [
          4699,
          0.13764
        ],
        [
          4799,
          0.17952
        ],
        [
          4899,
          0.26894
        ],
        [
          4999,
          0.11426
        ]
      ],
      "beta_fit": {
        "alpha": 0.4719884207369144,
        "beta": 0.05564594809700206,
        "beta_std": 0.0019333481710279146,
        "beta_ci_lower": 0.05185665531221096,
        "beta_ci_upper": 0.05943524088179316,
        "epsilon_inf": 0.02801157926308561,
        "fit_success": true,
        "method": "scipy_anchored_t0",
        "rmse": 0.01586677903985469,
        "r2": 0.9845762627224605,
        "fit_window_t_max": 60,
        "n_full_series": 100,
        "plateau_detected": true,
        "failure_reason": ""
      },
      "beta_hst_max": 0.4013413909243028,
      "beta_gap": -0.34569544282730075,
      "exceeds_hst_bound": false,
      "convergence_warning": false,
      "epsilon_series": [
        0.506,
        0.506,
        0.4697,
        0.4615,
        0.43160000000000004,
        0.40130000000000005,
        0.3709,
        0.3456,
        0.32120000000000004,
        0.2975,
        0.2752,
        0.2584,
        0.24330000000000002,
        0.23070000000000002,
        0.22260000000000002,
        0.2165,
        0.2049,
        0.19540000000000002,
        0.18580000000000002,
        0.1772,
        0.1675,
        0.15710000000000002,
        0.15230000000000002,
        0.14300000000000002,
        0.1345,
        0.1303,
        0.12510000000000002,
        0.11950000000000001,
        0.1145,
        0.109,
        0.1062,
        0.10300000000000001,
        0.0998,
        0.0978,
        0.0945,
        0.0896,
        0.0876,
        0.0862,
        0.0828,
        0.08170000000000001,
        0.07780000000000001,
        0.0763,
        0.0745,
        0.0714,
        0.0698,
        0.0665,
        0.0651,
        0.063,
        0.0618,
        0.059300000000000005,
        0.0591,
        0.057,
        0.0558,
        0.056,
        0.054900000000000004,
        0.0538,
        0.0534,
        0.0505,
        0.0502,
        0.0478,
        0.0468,
        0.0449,
        0.0425,
        0.042100000000000005,
        0.0417,
        0.0413,
        0.041100000000000005,
        0.0397,
        0.0395,
        0.037200000000000004,
        0.0371,
        0.0374,
        0.0357,
        0.0364,
        0.0351,
        0.0345,
        0.034,
        0.0322,
        0.0325,
        0.0324,
        0.031900000000000005,
        0.031400000000000004,
        0.0296,
        0.030100000000000002,
        0.028300000000000002,
        0.028200000000000003,
        0.027800000000000002,
        0.026600000000000002,
        0.027200000000000002,
        0.0264,
        0.0261,
        0.0264,
        0.0253,
        0.025400000000000002,
        0.025,
        0.0253,
        0.0253,
        0.0256,
        0.025400000000000002,
        0.0246
      ],
      "learning_rate_plot": "artifacts/training_metrics_fair/grid_runs/n_10/q_0p55/seed_2/plots/n_10__complete__anchored_t0.png",
      "learning_rate_plot_anchored_t0": "artifacts/training_metrics_fair/grid_runs/n_10/q_0p55/seed_2/plots/n_10__complete__anchored_t0.png",
      "train_loss_plot": "artifacts/training_metrics_fair/grid_runs/n_10/q_0p55/seed_2/plots/n_10__complete__train_loss.png"
    },
    "n_10/ws_p_0.0_seed_2": {
      "train_loss_final": 0.27644237875938416,
      "train_loss_running_mean_final": 0.436469344496727,
      "best_running_mean_loss": 0.394471155628562,
      "best_episode_idx": 4587,
      "best_validation_error": 0.13696,
      "best_validation_episode_idx": 4699,