{
  "seed": 2,
  "conditions": {
    "n_10/complete": {
      "train_loss_final": 0.028349511325359344,
      "train_loss_running_mean_final": 0.02409372345544398,
      "best_running_mean_loss": 0.012573957964777947,
      "best_episode_idx": 4210,
      "best_validation_error": 0.00384,
      "best_validation_episode_idx": 4799,
      "validation_history": [
        [
          99,
          0.00596
        ],
        [
          199,
          0.00508
        ],
        [
          299,
          0.0042
        ],
        [
          399,
          0.00408
        ],
        [
          499,
          0.5132
        ],
        [
          599,
          0.23024
        ],
        [
          699,
          0.19836
        ],
        [
          799,
          0.19836
        ],
        [
          899,
          0.19836
        ],
        [
          999,
          0.19836
        ],
        [
          1099,
          0.19836
        ],
        [
          1199,
          0.11444
        ],
        [
          1299,
          0.18884
        ],
        [
          1399,
          0.11076
        ],
        [
          1499,
          0.00708
        ],
        [
          1599,
          0.00644
        ],
        [
          1699,
          0.00508
        ],
        [
          1799,
          0.00484
        ],
        [
          1899,
          0.00436
        ],
        [
          1999,
          0.00472
        ],
        [
          2099,
          0.00428
        ],
        [
          2199,
          0.00436
        ],
        [
          2299,
          0.00588
        ],
        [
          2399,
          0.00508
        ],
        [
          2499,
          0.00448
        ],
        [
          2599,
          0.0044
        ],
        [
          2699,
          0.00432
        ],
        [
          2799,
          0.00416
        ],
        [
          2899,
          0.00432
        ],
        [
          2999,
          0.46928
        ],
        [
          3099,
          0.00432
        ],
        [
          3199,
          0.0042
        ],
        [
          3299,
          0.0042
        ],
        [
          3399,
          0.00396
        ],
        [
          3499,
          0.00432
        ],
        [
          3599,
          0.00428
        ],
        [
          3699,
          0.00412
        ],
        [
          3799,
          0.00408
        ],
        [
          3899,
          0.00412
        ],
        [
          3999,
          0.00396
        ],
        [
          4099,
          0.00396
        ],
        [
          4199,
          0.00396
        ],
        [
          4299,
          0.00396
        ],
        [
          4399,
          0.00416
        ],
        [
          4499,
          0.00428
        ],
        [
          4599,
          0.00396
        ],
        [
          4699,
          0.00432
        ],
        [
          4799,
          0.00384
        ],
        [
          4899,
          0.00436
        ],
        [
          4999,
          0.00412
        ]
      ],
      "consensus": {
        "unanimous": {
          "fraction_episodes_reach_consensus": 1.0,
          "fraction_episodes_consensus_correct": 0.997,
          "fraction_episodes_consensus_wrong_only": 0.003,
          "fraction_correct_at_first_consensus": 0.996,
          "mean_first_consensus_t": 1.995,
          "median_first_consensus_t": 2.0
        },
        "majority": {
          "fraction_episodes_reach_consensus": 1.0,
          "fraction_episodes_consensus_correct": 0.997,
          "fraction_episodes_consensus_wrong_only": 0.003,
          "fraction_correct_at_first_consensus": 0.996,
          "mean_first_consensus_t": 1.027,
          "median_first_consensus_t": 1.0
        }
      },
      "beta_fit": {
        "alpha": 0.019309873808780995,
        "beta": 1.5695709378978089,
        "beta_std": 0.009848145376142209,
        "beta_ci_lower": 1.5502689276460555,
        "beta_ci_upper": 1.5888729481495623,
        "epsilon_inf": 0.0029982617371976444,
        "fit_success": true,
        "method": "scipy_anchored_t2",
        "rmse": 4.031954627219373e-05,
        "r2": 0.9997890977047039,
        "fit_window_t_max": 50,
        "n_full_series": 50,
        "plateau_detected": false,
        "fit_anchor": "t2",
        "fit_start_t": 2,
        "failure_reason": ""
      },
      "beta_hst_max": 2.7725887222397816,
      "beta_gap": -1.2030177843419727,
      "exceeds_hst_bound": false,
      "convergence_warning": false,
      "epsilon_series": [
        0.1952,
        0.0223,
        0.0071,
        0.0036000000000000003,
        0.0033,
        0.003,
        0.003,
        0.003,
        0.003,
        0.003,
        0.003,
        0.003,
        0.003,
        0.003,
        0.003,
        0.003,
        0.003,
        0.003,
        0.003,
        0.003,
        0.003,
        0.003,
        0.003,
        0.003,
        0.003,
        0.003,
        0.003,
        0.003,
        0.003,
        0.003,
        0.003,
        0.003,
        0.003,
        0.003,
        0.003,
        0.003,
        0.003,
        0.003,
        0.003,
        0.003,
        0.003,
        0.003,
        0.003,
        0.003,
        0.003,
        0.003,
        0.003,
        0.003,
        0.003,
        0.003
      ],
      "learning_rate_plot": "/Users/leo-minhkustermann/Developer/Game Theory Project/artifacts/training_metrics_vector/grid_runs/n_10/q_0p8/seed_2/plots/n_10__complete__anchored_t2.png",
      "train_loss_plot": "artifacts/training_metrics_vector/grid_runs/n_10/q_0p8/seed_2/plots/n_10__complete__train_loss.png",
      "learning_rate_plot_anchored_t2": "/Users/leo-minhkustermann/Developer/Game Theory Project/artifacts/training_metrics_vector/grid_runs/n_10/q_0p8/seed_2/plots/n_10__complete__anchored_t2.png"
    },
    "n_10/ws_p_0.0_seed_2": {
      "train_loss_final": 0.0301988385617733,
      "train_loss_running_mean_final": 0.02389826436061412,
      "best_running_mean_loss": 0.01709730986971408,
      "best_episode_idx": 3285,
      "best_validation_error": 0.00624,
      "best_validation_episode_idx": 3199,