{
  "seed": 0,
  "conditions": {
    "n_10/complete": {
      "train_loss_final": 0.5989996194839478,
      "train_loss_running_mean_final": 0.6563480958342552,
      "best_running_mean_loss": 0.29750942001119257,
      "best_episode_idx": 782,
      "best_validation_error": 0.04628,
      "best_validation_episode_idx": 199,
      "validation_history": [
        [
          99,
          0.26404
        ],
        [
          199,
          0.04628
        ],
        [
          299,
          0.47572
        ],
        [
          399,
          0.475
        ],
        [
          499,
          0.37112
        ],
        [
          599,
          0.47444
        ],
        [
          699,
          0.25612
        ],
        [
          799,
          0.07828
        ],
        [
          899,
          0.05268
        ],
        [
          999,
          0.33732
        ],
        [
          1099,
          0.47624
        ],
        [
          1199,
          0.51188
        ],
        [
          1299,
          0.47132
        ],
        [
          1399,
          0.47108
        ],
        [
          1499,
          0.51396
        ],
        [
          1599,
          0.51188
        ],
        [
          1699,
          0.51312
        ],
        [
          1799,
          0.51312
        ],
        [
          1899,
          0.51204
        ],
        [
          1999,
          0.47588
        ],
        [
          2099,
          0.3474
        ],
        [
          2199,
          0.3474
        ],
        [
          2299,
          0.35212
        ],
        [
          2399,
          0.51076
        ],
        [
          2499,
          0.3474
        ],
        [
          2599,
          0.3474
        ],
        [
          2699,
          0.5106
        ],
        [
          2799,
          0.50872
        ],
        [
          2899,
          0.3474
        ],
        [
          2999,
          0.46988
        ],
        [
          3099,
          0.3474
        ],
        [
          3199,
          0.3474
        ],
        [
          3299,
          0.43312
        ],
        [
          3399,
          0.42076
        ],
        [
          3499,
          0.27908
        ],
        [
          3599,
          0.26328
        ],
        [
          3699,
          0.3478
        ],
        [
          3799,
          0.47448
        ],
        [
          3899,
          0.3474
        ],
        [
          3999,
          0.3474
        ],
        [
          4099,
          0.3474
        ],
        [
          4199,
          0.3474
        ],
        [
          4299,
          0.3474
        ],
        [
          4399,
          0.51164
        ],
        [
          4499,
          0.3474
        ],
        [
          4599,
          0.34692
        ],
        [
          4699,
          0.3474
        ],
        [
          4799,
          0.3474
        ],
        [
          4899,
          0.42756
        ],
        [
          4999,
          0.3474
        ]
      ],
      "consensus": {
        "unanimous": {
          "fraction_episodes_reach_consensus": 1.0,
          "fraction_episodes_consensus_correct": 0.991,
          "fraction_episodes_consensus_wrong_only": 0.009,
          "fraction_correct_at_first_consensus": 0.989,
          "mean_first_consensus_t": 5.401,
          "median_first_consensus_t": 5.0
        },
        "majority": {
          "fraction_episodes_reach_consensus": 1.0,
          "fraction_episodes_consensus_correct": 0.994,
          "fraction_episodes_consensus_wrong_only": 0.006,
          "fraction_correct_at_first_consensus": 0.83,
          "mean_first_consensus_t": 1.175,
          "median_first_consensus_t": 1.0
        }
      },
      "beta_fit": {
        "alpha": 0.49412237316924795,
        "beta": 0.2899796863423264,
        "beta_std": 0.00955825557141408,
        "beta_ci_lower": 0.2712458496673255,
        "beta_ci_upper": 0.3087135230173273,
        "epsilon_inf": 0.005877626830752028,
        "fit_success": true,
        "method": "scipy_anchored_t0",
        "rmse": 0.013486148745508119,
        "r2": 0.969236587522369,
        "fit_window_t_max": 50,
        "n_full_series": 50,
        "plateau_detected": false,
        "fit_anchor": "t0",
        "failure_reason": ""
      },
      "beta_hst_max": 1.2380784168124472,
      "beta_gap": -0.9480987304701208,
      "exceeds_hst_bound": false,
      "convergence_warning": false,
      "epsilon_series": [
        0.3523,
        0.3537,
        0.22610000000000002,
        0.17750000000000002,
        0.12010000000000001,
        0.0771,
        0.046900000000000004,
        0.0292,
        0.0182,
        0.0146,
        0.0118,
        0.0112,
        0.01,
        0.009600000000000001,
        0.009300000000000001,
        0.009300000000000001,
        0.0092,
        0.0091,
        0.009000000000000001,
        0.009000000000000001,
        0.009000000000000001,
        0.009000000000000001,
        0.009000000000000001,
        0.009000000000000001,
        0.009000000000000001,
        0.009000000000000001,
        0.009000000000000001,
        0.009000000000000001,
        0.009000000000000001,
        0.009000000000000001,
        0.009000000000000001,
        0.009000000000000001,
        0.009000000000000001,
        0.009000000000000001,
        0.009000000000000001,
        0.009000000000000001,
        0.009000000000000001,
        0.009000000000000001,
        0.009000000000000001,
        0.009000000000000001,
        0.009000000000000001,
        0.009000000000000001,
        0.009000000000000001,
        0.009000000000000001,
        0.009000000000000001,
        0.009000000000000001,
        0.009000000000000001,
        0.009000000000000001,
        0.009000000000000001,
        0.009000000000000001
      ],
      "learning_rate_plot": "artifacts/training_metrics_vector/grid_runs/n_10/q_0p65/seed_0/plots/n_10__complete__anchored_t0.png",
      "learning_rate_plot_anchored_t0": "artifacts/training_metrics_vector/grid_runs/n_10/q_0p65/seed_0/plots/n_10__complete__anchored_t0.png",
      "train_loss_plot": "artifacts/training_metrics_vector/grid_runs/n_10/q_0p65/seed_0/plots/n_10__complete__train_loss.png"
    },
    "n_10/ws_p_0.0_seed_0": {
      "train_loss_final": 0.10454046726226807,
      "train_loss_running_mean_final": 0.07423127733170987,
      "best_running_mean_loss": 0.0520468055922538,
      "best_episode_idx": 4201,
      "best_validation_error": 0.02736,
      "best_validation_episode_idx": 4099,