{
  "seed": 4,
  "conditions": {
    "n_10/complete": {
      "train_loss_final": 0.09670963138341904,
      "train_loss_running_mean_final": 0.4445408735843375,
      "best_running_mean_loss": 0.01606051888782531,
      "best_episode_idx": 3494,
      "best_validation_error": 0.0088,
      "best_validation_episode_idx": 3599,
      "validation_history": [
        [
          99,
          0.46
        ],
        [
          199,
          0.22866
        ],
        [
          299,
          0.26422
        ],
        [
          399,
          0.3792
        ],
        [
          499,
          0.15494
        ],
        [
          599,
          0.4529
        ],
        [
          699,
          0.4584
        ],
        [
          799,
          0.43886
        ],
        [
          899,
          0.0153
        ],
        [
          999,
          0.0095
        ],
        [
          1099,
          0.02634
        ],
        [
          1199,
          0.02676
        ],
        [
          1299,
          0.02666
        ],
        [
          1399,
          0.31654
        ],
        [
          1499,
          0.02636
        ],
        [
          1599,
          0.04718
        ],
        [
          1699,
          0.04544
        ],
        [
          1799,
          0.02668
        ],
        [
          1899,
          0.06648
        ],
        [
          1999,
          0.45938
        ],
        [
          2099,
          0.0619
        ],
        [
          2199,
          0.0203
        ],
        [
          2299,
          0.4547
        ],
        [
          2399,
          0.00944
        ],
        [
          2499,
          0.02816
        ],
        [
          2599,
          0.00986
        ],
        [
          2699,
          0.02758
        ],
        [
          2799,
          0.00942
        ],
        [
          2899,
          0.00992
        ],
        [
          2999,
          0.02768
        ],
        [
          3099,
          0.02692
        ],
        [
          3199,
          0.02752
        ],
        [
          3299,
          0.02728
        ],
        [
          3399,
          0.02686
        ],
        [
          3499,
          0.02724
        ],
        [
          3599,
          0.0088
        ],
        [
          3699,
          0.0267
        ],
        [
          3799,
          0.02684
        ],
        [
          3899,
          0.02736
        ],
        [
          3999,
          0.02704
        ],
        [
          4099,
          0.02668
        ],
        [
          4199,
          0.0094
        ],
        [
          4299,
          0.02658
        ],
        [
          4399,
          0.02704
        ],
        [
          4499,
          0.00926
        ],
        [
          4599,
          0.02694
        ],
        [
          4699,
          0.02692
        ],
        [
          4799,
          0.026
        ],
        [
          4899,
          0.04582
        ],
        [
          4999,
          0.0269
        ]
      ],
      "beta_fit": {
        "alpha": 0.5,
        "beta": 0.47689985015182196,
        "beta_std": 0.06677114295299656,
        "beta_ci_lower": 0.3460308147573733,
        "beta_ci_upper": 0.6077688855462706,
        "epsilon_inf": 7.4990245137847075e-25,
        "fit_success": true,
        "method": "scipy_anchored_t0",
        "rmse": 0.017387602298060592,
        "r2": 0.9726062861824067,
        "fit_window_t_max": 6,
        "n_full_series": 100,
        "plateau_detected": true,
        "failure_reason": ""
      },
      "beta_hst_max": 1.694595720774407,
      "beta_gap": -1.2176958706225849,
      "exceeds_hst_bound": false,
      "convergence_warning": false,
      "epsilon_series": [
        0.3005,
        0.22260000000000002,
        0.1272,
        0.058,
        0.028,
        0.0155,
        0.0089,
        0.005,
        0.0039000000000000003,
        0.0035,
        0.0036000000000000003,
        0.0034000000000000002,
        0.0035,
        0.0032,
        0.003,
        0.003,
        0.003,
        0.003,
        0.003,
        0.003,
        0.003,
        0.003,
        0.003,
        0.003,
        0.003,
        0.003,
        0.003,
        0.003,
        0.003,
        0.003,
        0.003,
        0.003,
        0.003,
        0.003,
        0.003,
        0.003,
        0.003,
        0.003,
        0.003,
        0.003,
        0.003,
        0.003,
        0.003,
        0.003,
        0.003,
        0.003,
        0.003,
        0.003,
        0.003,
        0.003,
        0.003,
        0.003,
        0.003,
        0.003,
        0.003,
        0.003,
        0.003,
        0.003,
        0.003,
        0.003,
        0.003,
        0.003,
        0.003,
        0.003,
        0.003,
        0.003,
        0.003,
        0.003,
        0.003,
        0.003,
        0.003,
        0.003,
        0.003,
        0.003,
        0.003,
        0.003,
        0.003,
        0.003,
        0.003,
        0.003,
        0.003,
        0.003,
        0.003,
        0.003,
        0.003,
        0.003,
        0.003,
        0.003,
        0.003,
        0.003,
        0.003,
        0.003,
        0.003,
        0.003,
        0.003,
        0.003,
        0.003,
        0.003,
        0.003,
        0.003
      ],
      "learning_rate_plot": "artifacts/training_metrics_fair/grid_runs/n_10/q_0p7/seed_4/plots/n_10__complete__anchored_t0.png",
      "learning_rate_plot_anchored_t0": "artifacts/training_metrics_fair/grid_runs/n_10/q_0p7/seed_4/plots/n_10__complete__anchored_t0.png",
      "train_loss_plot": "artifacts/training_metrics_fair/grid_runs/n_10/q_0p7/seed_4/plots/n_10__complete__train_loss.png"
    },
    "n_10/ws_p_0.0_seed_4": {
      "train_loss_final": 0.043314624577760696,
      "train_loss_running_mean_final": 0.034254520046524704,
      "best_running_mean_loss": 0.023498685779049993,
      "best_episode_idx": 3846,
      "best_validation_error": 0.01256,
      "best_validation_episode_idx": 3499,