{
  "seed": 0,
  "conditions": {
    "n_10/complete": {
      "train_loss_final": 0.008833609521389008,
      "train_loss_running_mean_final": 0.03797123890835792,
      "best_running_mean_loss": 0.006964653651230037,
      "best_episode_idx": 2845,
      "best_validation_error": 0.00188,
      "best_validation_episode_idx": 3599,
      "validation_history": [
        [
          99,
          0.00444
        ],
        [
          199,
          0.0021
        ],
        [
          299,
          0.00224
        ],
        [
          399,
          0.00224
        ],
        [
          499,
          0.00208
        ],
        [
          599,
          0.00224
        ],
        [
          699,
          0.00222
        ],
        [
          799,
          0.00204
        ],
        [
          899,
          0.51438
        ],
        [
          999,
          0.158
        ],
        [
          1099,
          0.1303
        ],
        [
          1199,
          0.00422
        ],
        [
          1299,
          0.00238
        ],
        [
          1399,
          0.00224
        ],
        [
          1499,
          0.00376
        ],
        [
          1599,
          0.00222
        ],
        [
          1699,
          0.00234
        ],
        [
          1799,
          0.0216
        ],
        [
          1899,
          0.0023
        ],
        [
          1999,
          0.00232
        ],
        [
          2099,
          0.0025
        ],
        [
          2199,
          0.00234
        ],
        [
          2299,
          0.0024
        ],
        [
          2399,
          0.00216
        ],
        [
          2499,
          0.00222
        ],
        [
          2599,
          0.00208
        ],
        [
          2699,
          0.00208
        ],
        [
          2799,
          0.00208
        ],
        [
          2899,
          0.00204
        ],
        [
          2999,
          0.00208
        ],
        [
          3099,
          0.20054
        ],
        [
          3199,
          0.47708
        ],
        [
          3299,
          0.14454
        ],
        [
          3399,
          0.0187
        ],
        [
          3499,
          0.00328
        ],
        [
          3599,
          0.00188
        ],
        [
          3699,
          0.00194
        ],
        [
          3799,
          0.00202
        ],
        [
          3899,
          0.0069
        ],
        [
          3999,
          0.00648
        ],
        [
          4099,
          0.18414
        ],
        [
          4199,
          0.00546
        ],
        [
          4299,
          0.05428
        ],
        [
          4399,
          0.00326
        ],
        [
          4499,
          0.00634
        ],
        [
          4599,
          0.00784
        ],
        [
          4699,
          0.00194
        ],
        [
          4799,
          0.00208
        ],
        [
          4899,
          0.00228
        ],
        [
          4999,
          0.00188
        ]
      ],
      "consensus": {
        "unanimous": {
          "fraction_episodes_reach_consensus": 0.991,
          "fraction_episodes_consensus_correct": 0.984,
          "fraction_episodes_consensus_wrong_only": 0.007,
          "fraction_correct_at_first_consensus": 0.992936427850656,
          "mean_first_consensus_t": 1.900100908173562,
          "median_first_consensus_t": 2.0
        },
        "majority": {
          "fraction_episodes_reach_consensus": 1.0,
          "fraction_episodes_consensus_correct": 0.995,
          "fraction_episodes_consensus_wrong_only": 0.005,
          "fraction_correct_at_first_consensus": 0.993,
          "mean_first_consensus_t": 1.028,
          "median_first_consensus_t": 1.0
        }
      },
      "beta_fit": {
        "alpha": 0.4893956880046095,
        "beta": 1.1554590152649618,
        "beta_std": 0.03325360368853106,
        "beta_ci_lower": 1.0902831496792726,
        "beta_ci_upper": 1.2206348808506509,
        "epsilon_inf": 0.010604311995390515,
        "fit_success": true,
        "method": "scipy_anchored_t0",
        "rmse": 0.00615749497178343,
        "r2": 0.8926280929929218,
        "fit_window_t_max": 100,
        "n_full_series": 100,
        "plateau_detected": false,
        "fit_anchor": "t0",
        "failure_reason": ""
      },
      "beta_hst_max": 2.7725887222397816,
      "beta_gap": -1.6171297069748198,
      "exceeds_hst_bound": false,
      "convergence_warning": false,
      "epsilon_series": [
        0.1998,
        0.011600000000000001,
        0.0106,
        0.011000000000000001,
        0.0112,
        0.0114,
        0.0109,
        0.0106,
        0.010400000000000001,
        0.0115,
        0.0114,
        0.010100000000000001,
        0.010700000000000001,
        0.010100000000000001,
        0.010700000000000001,
        0.0103,
        0.0103,
        0.0108,
        0.010700000000000001,
        0.0102,
        0.0102,
        0.0105,
        0.0112,
        0.0111,
        0.0102,
        0.0106,
        0.011000000000000001,
        0.01,
        0.0112,
        0.0111,
        0.0111,
        0.0109,
        0.0115,
        0.0112,
        0.011300000000000001,
        0.010700000000000001,
        0.0112,
        0.0109,
        0.0102,
        0.011300000000000001,
        0.0119,
        0.011000000000000001,
        0.0117,
        0.0123,
        0.0114,
        0.0115,
        0.0111,
        0.0103,
        0.0115,
        0.0111,
        0.0112,
        0.011300000000000001,
        0.0111,
        0.0122,
        0.0114,
        0.0115,
        0.0111,
        0.0112,
        0.0112,
        0.0108,
        0.0105,
        0.0098,
        0.010700000000000001,
        0.0109,
        0.0106,
        0.0108,
        0.0103,
        0.0112,
        0.010100000000000001,
        0.012100000000000001,
        0.0111,
        0.0106,
        0.011000000000000001,
        0.0115,
        0.0106,
        0.010700000000000001,
        0.0114,
        0.0114,
        0.011300000000000001,
        0.010700000000000001,
        0.0114,
        0.0108,
        0.0108,
        0.0123,
        0.0112,
        0.0114,
        0.0112,
        0.0114,
        0.011300000000000001,
        0.011600000000000001,
        0.010100000000000001,
        0.012700000000000001,
        0.01,
        0.011300000000000001,
        0.0105,
        0.0119,
        0.0118,
        0.010400000000000001,
        0.0117,
        0.011600000000000001
      ],
      "learning_rate_plot": "artifacts/training_metrics_vector/grid_runs/n_10/q_0p8/seed_0/plots/n_10__complete__anchored_t0.png",
      "learning_rate_plot_anchored_t0": "artifacts/training_metrics_vector/grid_runs/n_10/q_0p8/seed_0/plots/n_10__complete__anchored_t0.png",
      "train_loss_plot": "artifacts/training_metrics_vector/grid_runs/n_10/q_0p8/seed_0/plots/n_10__complete__train_loss.png"
    },
    "n_10/ws_p_0.0_seed_0": {
      "train_loss_final": 0.0086270896717906,
      "train_loss_running_mean_final": 0.010490638089831918,
      "best_running_mean_loss": 0.009152153031900525,
      "best_episode_idx": 4620,
      "best_validation_error": 0.00362,
      "best_validation_episode_idx": 4099,