{
  "seed": 1,
  "conditions": {
    "n_10/complete": {
      "train_loss_final": 0.011634443886578083,
      "train_loss_running_mean_final": 0.016073722997680305,
      "best_running_mean_loss": 0.006159052584553138,
      "best_episode_idx": 1803,
      "best_validation_error": 0.00202,
      "best_validation_episode_idx": 1399,
      "validation_history": [
        [
          99,
          0.3672
        ],
        [
          199,
          0.47206
        ],
        [
          299,
          0.00258
        ],
        [
          399,
          0.00318
        ],
        [
          499,
          0.00256
        ],
        [
          599,
          0.00226
        ],
        [
          699,
          0.00224
        ],
        [
          799,
          0.00224
        ],
        [
          899,
          0.00224
        ],
        [
          999,
          0.00218
        ],
        [
          1099,
          0.00222
        ],
        [
          1199,
          0.00222
        ],
        [
          1299,
          0.00218
        ],
        [
          1399,
          0.00202
        ],
        [
          1499,
          0.00216
        ],
        [
          1599,
          0.00214
        ],
        [
          1699,
          0.00216
        ],
        [
          1799,
          0.00216
        ],
        [
          1899,
          0.00216
        ],
        [
          1999,
          0.00246
        ],
        [
          2099,
          0.0032
        ],
        [
          2199,
          0.0022
        ],
        [
          2299,
          0.00296
        ],
        [
          2399,
          0.0022
        ],
        [
          2499,
          0.0022
        ],
        [
          2599,
          0.00218
        ],
        [
          2699,
          0.00244
        ],
        [
          2799,
          0.00218
        ],
        [
          2899,
          0.00218
        ],
        [
          2999,
          0.00216
        ],
        [
          3099,
          0.14016
        ],
        [
          3199,
          0.00378
        ],
        [
          3299,
          0.00246
        ],
        [
          3399,
          0.00396
        ],
        [
          3499,
          0.00304
        ],
        [
          3599,
          0.00254
        ],
        [
          3699,
          0.0022
        ],
        [
          3799,
          0.00222
        ],
        [
          3899,
          0.00348
        ],
        [
          3999,
          0.0025
        ],
        [
          4099,
          0.00222
        ],
        [
          4199,
          0.0022
        ],
        [
          4299,
          0.00256
        ],
        [
          4399,
          0.00254
        ],
        [
          4499,
          0.00224
        ],
        [
          4599,
          0.00222
        ],
        [
          4699,
          0.00224
        ],
        [
          4799,
          0.0022
        ],
        [
          4899,
          0.0031
        ],
        [
          4999,
          0.00252
        ]
      ],
      "beta_fit": {
        "alpha": 0.4863377908387382,
        "beta": 1.0797012591373063,
        "beta_std": 0.018618638931827164,
        "beta_ci_lower": 1.0432093973897698,
        "beta_ci_upper": 1.1161931208848428,
        "epsilon_inf": 0.013662209161261814,
        "fit_success": true,
        "method": "scipy_anchored_t0",
        "rmse": 0.0038231952366774226,
        "r2": 0.9593156178980214,
        "fit_window_t_max": 100,
        "n_full_series": 100,
        "plateau_detected": false,
        "failure_reason": ""
      },
      "beta_hst_max": 2.7725887222397816,
      "beta_gap": -1.6928874631024753,
      "exceeds_hst_bound": false,
      "convergence_warning": false,
      "epsilon_series": [
        0.2023,
        0.044700000000000004,
        0.0178,
        0.013600000000000001,
        0.013300000000000001,
        0.0135,
        0.013600000000000001,
        0.014,
        0.014,
        0.014,
        0.014,
        0.014,
        0.014,
        0.014,
        0.014,
        0.014,
        0.014,
        0.014,
        0.014,
        0.014,
        0.014,
        0.014,
        0.014,
        0.014,
        0.014,
        0.014,
        0.014,
        0.014,
        0.014,
        0.014,
        0.014,
        0.014,
        0.014,
        0.014,
        0.014,
        0.014,
        0.014,
        0.014,
        0.014,
        0.014,
        0.014,
        0.014,
        0.014,
        0.014,
        0.014,
        0.014,
        0.014,
        0.014,
        0.014,
        0.014,
        0.014,
        0.014,
        0.014,
        0.014,
        0.014,
        0.014,
        0.014,
        0.014,
        0.014,
        0.014,
        0.014,
        0.014,
        0.014,
        0.014,
        0.014,
        0.014,
        0.014,
        0.014,
        0.014,
        0.014,
        0.014,
        0.014,
        0.014,
        0.014,
        0.014,
        0.014,
        0.014,
        0.014,
        0.014,
        0.014,
        0.014,
        0.014,
        0.014,
        0.014,
        0.014,
        0.014,
        0.014,
        0.014,
        0.014,
        0.014,
        0.014,
        0.014,
        0.014,
        0.014,
        0.014,
        0.014,
        0.014,
        0.014,
        0.014,
        0.014
      ],
      "learning_rate_plot": "artifacts/training_metrics_fair/grid_runs/n_10/q_0p8/seed_1/plots/n_10__complete__anchored_t0.png",
      "learning_rate_plot_anchored_t0": "artifacts/training_metrics_fair/grid_runs/n_10/q_0p8/seed_1/plots/n_10__complete__anchored_t0.png",
      "train_loss_plot": "artifacts/training_metrics_fair/grid_runs/n_10/q_0p8/seed_1/plots/n_10__complete__train_loss.png"
    },
    "n_10/ws_p_0.0_seed_1": {
      "train_loss_final": 0.011814800091087818,
      "train_loss_running_mean_final": 0.012776522422209382,
      "best_running_mean_loss": 0.00913252478465438,
      "best_episode_idx": 4734,
      "best_validation_error": 0.00308,
      "best_validation_episode_idx": 2599,