{
  "seed": 1,
  "conditions": {
    "n_10/complete": {
      "train_loss_final": 0.145826056599617,
      "train_loss_running_mean_final": 0.21065582701005042,
      "best_running_mean_loss": 0.044682237426750364,
      "best_episode_idx": 4890,
      "best_validation_error": 0.01444,
      "best_validation_episode_idx": 3899,
      "validation_history": [
        [
          99,
          0.4
        ],
        [
          199,
          0.52376
        ],
        [
          299,
          0.19236
        ],
        [
          399,
          0.03876
        ],
        [
          499,
          0.39376
        ],
        [
          599,
          0.2498
        ],
        [
          699,
          0.1432
        ],
        [
          799,
          0.07832
        ],
        [
          899,
          0.39764
        ],
        [
          999,
          0.39808
        ],
        [
          1099,
          0.3964
        ],
        [
          1199,
          0.27884
        ],
        [
          1299,
          0.35444
        ],
        [
          1399,
          0.19896
        ],
        [
          1499,
          0.27752
        ],
        [
          1599,
          0.28792
        ],
        [
          1699,
          0.1036
        ],
        [
          1799,
          0.03444
        ],
        [
          1899,
          0.39424
        ],
        [
          1999,
          0.57832
        ],
        [
          2099,
          0.33484
        ],
        [
          2199,
          0.2522
        ],
        [
          2299,
          0.11544
        ],
        [
          2399,
          0.333
        ],
        [
          2499,
          0.33188
        ],
        [
          2599,
          0.27744
        ],
        [
          2699,
          0.02732
        ],
        [
          2799,
          0.02332
        ],
        [
          2899,
          0.02876
        ],
        [
          2999,
          0.0196
        ],
        [
          3099,
          0.02496
        ],
        [
          3199,
          0.24808
        ],
        [
          3299,
          0.1768
        ],
        [
          3399,
          0.38448
        ],
        [
          3499,
          0.03504
        ],
        [
          3599,
          0.20164
        ],
        [
          3699,
          0.01756
        ],
        [
          3799,
          0.01888
        ],
        [
          3899,
          0.01444
        ],
        [
          3999,
          0.01708
        ],
        [
          4099,
          0.24544
        ],
        [
          4199,
          0.15692
        ],
        [
          4299,
          0.02492
        ],
        [
          4399,
          0.02
        ],
        [
          4499,
          0.36948
        ],
        [
          4599,
          0.0166
        ],
        [
          4699,
          0.0166
        ],
        [
          4799,
          0.017
        ],
        [
          4899,
          0.01588
        ],
        [
          4999,
          0.02588
        ]
      ],
      "consensus": {
        "unanimous": {
          "fraction_episodes_reach_consensus": 1.0,
          "fraction_episodes_consensus_correct": 1.0,
          "fraction_episodes_consensus_wrong_only": 0.0,
          "fraction_correct_at_first_consensus": 0.98,
          "mean_first_consensus_t": 3.373,
          "median_first_consensus_t": 3.0
        },
        "majority": {
          "fraction_episodes_reach_consensus": 1.0,
          "fraction_episodes_consensus_correct": 1.0,
          "fraction_episodes_consensus_wrong_only": 0.0,
          "fraction_correct_at_first_consensus": 0.821,
          "mean_first_consensus_t": 1.187,
          "median_first_consensus_t": 1.0
        }
      },
      "beta_fit": {
        "alpha": 0.23055431835665818,
        "beta": 0.6711251111927778,
        "beta_std": 0.02597608455440758,
        "beta_ci_lower": 0.6202129210067718,
        "beta_ci_upper": 0.7220373013787839,
        "epsilon_inf": 0.002370025453619646,
        "fit_success": true,
        "method": "scipy_anchored_t2",
        "rmse": 0.003384478510171003,
        "r2": 0.9974339989525889,
        "fit_window_t_max": 13,
        "n_full_series": 50,
        "plateau_detected": true,
        "fit_anchor": "t2",
        "fit_start_t": 2,
        "failure_reason": ""
      },
      "beta_hst_max": 1.2380784168124472,
      "beta_gap": -0.5669533056196694,
      "exceeds_hst_bound": false,
      "convergence_warning": false,
      "epsilon_series": [
        0.3529,
        0.2356,
        0.1125,
        0.063,
        0.04,
        0.0211,
        0.012,
        0.006900000000000001,
        0.0039000000000000003,
        0.0025,
        0.0013000000000000002,
        0.0008,
        0.00030000000000000003,
        0.0,
        0.0,
        0.0,
        0.0,
        0.0,
        0.0,
        0.0,
        0.0,
        0.0,
        0.0,
        0.0,
        0.0,
        0.0,
        0.0,
        0.0,
        0.0,
        0.0,
        0.0,
        0.0,
        0.0,
        0.0,
        0.0,
        0.0,
        0.0,
        0.0,
        0.0,
        0.0,
        0.0,
        0.0,
        0.0,
        0.0,
        0.0,
        0.0,
        0.0,
        0.0,
        0.0,
        0.0
      ],
      "learning_rate_plot": "/Users/leo-minhkustermann/Developer/Game Theory Project/artifacts/training_metrics_vector/grid_runs/n_10/q_0p65/seed_1/plots/n_10__complete__anchored_t2.png",
      "train_loss_plot": "artifacts/training_metrics_vector/grid_runs/n_10/q_0p65/seed_1/plots/n_10__complete__train_loss.png",
      "learning_rate_plot_anchored_t2": "/Users/leo-minhkustermann/Developer/Game Theory Project/artifacts/training_metrics_vector/grid_runs/n_10/q_0p65/seed_1/plots/n_10__complete__anchored_t2.png"
    },
    "n_10/ws_p_0.0_seed_1": {
      "train_loss_final": 0.02817652001976967,
      "train_loss_running_mean_final": 0.08550055063329637,
      "best_running_mean_loss": 0.05193785630166531,
      "best_episode_idx": 1894,
      "best_validation_error": 0.02452,
      "best_validation_episode_idx": 4999,