{
  "seed": 1,
  "conditions": {
    "n_10/complete": {
      "train_loss_final": 0.7266727089881897,
      "train_loss_running_mean_final": 0.6936256057024002,
      "best_running_mean_loss": 0.6655372020602226,
      "best_episode_idx": 1815,
      "best_validation_error": 0.39796,
      "best_validation_episode_idx": 4499,
      "validation_history": [
        [
          99,
          0.4
        ],
        [
          199,
          0.4
        ],
        [
          299,
          0.6
        ],
        [
          399,
          0.59468
        ],
        [
          499,
          0.5066
        ],
        [
          599,
          0.42556
        ],
        [
          699,
          0.6
        ],
        [
          799,
          0.58876
        ],
        [
          899,
          0.6
        ],
        [
          999,
          0.40108
        ],
        [
          1099,
          0.39856
        ],
        [
          1199,
          0.41496
        ],
        [
          1299,
          0.4826
        ],
        [
          1399,
          0.4174
        ],
        [
          1499,
          0.43144
        ],
        [
          1599,
          0.6
        ],
        [
          1699,
          0.569
        ],
        [
          1799,
          0.6
        ],
        [
          1899,
          0.40016
        ],
        [
          1999,
          0.6
        ],
        [
          2099,
          0.57196
        ],
        [
          2199,
          0.46568
        ],
        [
          2299,
          0.514
        ],
        [
          2399,
          0.56
        ],
        [
          2499,
          0.55372
        ],
        [
          2599,
          0.52804
        ],
        [
          2699,
          0.6
        ],
        [
          2799,
          0.45104
        ],
        [
          2899,
          0.4168
        ],
        [
          2999,
          0.40004
        ],
        [
          3099,
          0.40048
        ],
        [
          3199,
          0.39956
        ],
        [
          3299,
          0.44524
        ],
        [
          3399,
          0.47672
        ],
        [
          3499,
          0.59464
        ],
        [
          3599,
          0.6
        ],
        [
          3699,
          0.4
        ],
        [
          3799,
          0.39932
        ],
        [
          3899,
          0.4012
        ],
        [
          3999,
          0.427
        ],
        [
          4099,
          0.40004
        ],
        [
          4199,
          0.4
        ],
        [
          4299,
          0.45884
        ],
        [
          4399,
          0.55224
        ],
        [
          4499,
          0.39796
        ],
        [
          4599,
          0.59012
        ],
        [
          4699,
          0.5816
        ],
        [
          4799,
          0.54248
        ],
        [
          4899,
          0.59504
        ],
        [
          4999,
          0.53008
        ]
      ],
      "consensus": {
        "unanimous": {
          "fraction_episodes_reach_consensus": 1.0,
          "fraction_episodes_consensus_correct": 0.502,
          "fraction_episodes_consensus_wrong_only": 0.498,
          "fraction_correct_at_first_consensus": 0.502,
          "mean_first_consensus_t": 1.0,
          "median_first_consensus_t": 1.0
        },
        "majority": {
          "fraction_episodes_reach_consensus": 1.0,
          "fraction_episodes_consensus_correct": 0.503,
          "fraction_episodes_consensus_wrong_only": 0.497,
          "fraction_correct_at_first_consensus": 0.502,
          "mean_first_consensus_t": 1.0,
          "median_first_consensus_t": 1.0
        }
      },
      "beta_fit": {
        "alpha": 0.014158919873206222,
        "beta": 0.1138987391797961,
        "beta_std": 0.017990715513773292,
        "beta_ci_lower": 0.07863758471669444,
        "beta_ci_upper": 0.14915989364289775,
        "epsilon_inf": 0.4858410801267938,
        "fit_success": true,
        "method": "scipy_anchored_t0",
        "rmse": 0.0022968260613201717,
        "r2": 0.6967171445749678,
        "fit_window_t_max": 50,
        "n_full_series": 50,
        "plateau_detected": false,
        "fit_anchor": "t0",
        "failure_reason": ""
      },
      "beta_hst_max": 0.16008541534707313,
      "beta_gap": -0.046186676167277035,
      "exceeds_hst_bound": false,
      "convergence_warning": true,
      "epsilon_series": [
        0.498,
        0.498,
        0.498,
        0.498,
        0.498,
        0.49570000000000003,
        0.49350000000000005,
        0.4903,
        0.4882,
        0.4893,
        0.48950000000000005,
        0.4864,
        0.48760000000000003,
        0.4879,
        0.48410000000000003,
        0.4833,
        0.48500000000000004,
        0.4892,
        0.48660000000000003,
        0.4874,
        0.4923,
        0.4882,
        0.48700000000000004,
        0.4858,
        0.4877,
        0.4894,
        0.48700000000000004,
        0.4878,
        0.4882,
        0.49050000000000005,
        0.4908,
        0.4883,
        0.4874,
        0.4848,
        0.4828,
        0.48310000000000003,
        0.4853,
        0.4872,
        0.4868,
        0.48650000000000004,
        0.48500000000000004,
        0.4872,
        0.4863,
        0.48160000000000003,
        0.4848,
        0.4867,
        0.4848,
        0.4829,
        0.4862,
        0.4867
      ],
      "learning_rate_plot": "artifacts/training_metrics_vector/grid_runs/n_10/q_0p52/seed_1/plots/n_10__complete__anchored_t0.png",
      "learning_rate_plot_anchored_t0": "artifacts/training_metrics_vector/grid_runs/n_10/q_0p52/seed_1/plots/n_10__complete__anchored_t0.png",
      "train_loss_plot": "artifacts/training_metrics_vector/grid_runs/n_10/q_0p52/seed_1/plots/n_10__complete__train_loss.png"
    },
    "n_10/ws_p_0.0_seed_1": {
      "train_loss_final": 0.7305478453636169,
      "train_loss_running_mean_final": 0.6932955807447434,
      "best_running_mean_loss": 0.668893514573574,
      "best_episode_idx": 1817,
      "best_validation_error": 0.4,
      "best_validation_episode_idx": 3099,