{
  "seed": 3,
  "conditions": {
    "n_10/complete": {
      "train_loss_final": 0.06808962672948837,
      "train_loss_running_mean_final": 0.1823293450847268,
      "best_running_mean_loss": 0.054849155228585,
      "best_episode_idx": 3195,
      "best_validation_error": 0.02752,
      "best_validation_episode_idx": 4199,
      "validation_history": [
        [
          99,
          0.44
        ],
        [
          199,
          0.4356
        ],
        [
          299,
          0.55448
        ],
        [
          399,
          0.43638
        ],
        [
          499,
          0.44
        ],
        [
          599,
          0.04004
        ],
        [
          699,
          0.28838
        ],
        [
          799,
          0.04092
        ],
        [
          899,
          0.10134
        ],
        [
          999,
          0.07938
        ],
        [
          1099,
          0.02784
        ],
        [
          1199,
          0.04914
        ],
        [
          1299,
          0.04498
        ],
        [
          1399,
          0.0734
        ],
        [
          1499,
          0.063
        ],
        [
          1599,
          0.0348
        ],
        [
          1699,
          0.1933
        ],
        [
          1799,
          0.0506
        ],
        [
          1899,
          0.03838
        ],
        [
          1999,
          0.1241
        ],
        [
          2099,
          0.04868
        ],
        [
          2199,
          0.04344
        ],
        [
          2299,
          0.03048
        ],
        [
          2399,
          0.02874
        ],
        [
          2499,
          0.03118
        ],
        [
          2599,
          0.03058
        ],
        [
          2699,
          0.03052
        ],
        [
          2799,
          0.12018
        ],
        [
          2899,
          0.0278
        ],
        [
          2999,
          0.03972
        ],
        [
          3099,
          0.04584
        ],
        [
          3199,
          0.03114
        ],
        [
          3299,
          0.08296
        ],
        [
          3399,
          0.04492
        ],
        [
          3499,
          0.0302
        ],
        [
          3599,
          0.02784
        ],
        [
          3699,
          0.03394
        ],
        [
          3799,
          0.03442
        ],
        [
          3899,
          0.03126
        ],
        [
          3999,
          0.03482
        ],
        [
          4099,
          0.04104
        ],
        [
          4199,
          0.02752
        ],
        [
          4299,
          0.03148
        ],
        [
          4399,
          0.04142
        ],
        [
          4499,
          0.0705
        ],
        [
          4599,
          0.03026
        ],
        [
          4699,
          0.0474
        ],
        [
          4799,
          0.07602
        ],
        [
          4899,
          0.03106
        ],
        [
          4999,
          0.02846
        ]
      ],
      "beta_fit": {
        "alpha": 0.4656960139643983,
        "beta": 0.21795617386399962,
        "beta_std": 0.006750112344283075,
        "beta_ci_lower": 0.20472619677760556,
        "beta_ci_upper": 0.2311861509503937,
        "epsilon_inf": 0.03430398603560169,
        "fit_success": true,
        "method": "scipy_anchored_t0",
        "rmse": 0.011308775786183427,
        "r2": 0.9847609832623861,
        "fit_window_t_max": 30,
        "n_full_series": 100,
        "plateau_detected": true,
        "failure_reason": ""
      },
      "beta_hst_max": 0.8109302162163284,
      "beta_gap": -0.5929740423523289,
      "exceeds_hst_bound": false,
      "convergence_warning": false,
      "epsilon_series": [
        0.39830000000000004,
        0.30560000000000004,
        0.2561,
        0.21450000000000002,
        0.1885,
        0.1623,
        0.1429,
        0.1293,
        0.10890000000000001,
        0.10020000000000001,
        0.0883,
        0.08080000000000001,
        0.0736,
        0.0655,
        0.061500000000000006,
        0.0574,
        0.053000000000000005,
        0.0487,
        0.0465,
        0.0429,
        0.0369,
        0.0352,
        0.032600000000000004,
        0.0296,
        0.0303,
        0.0264,
        0.024800000000000003,
        0.0224,
        0.020900000000000002,
        0.0206,
        0.0183,
        0.018000000000000002,
        0.0159,
        0.0146,
        0.0135,
        0.0122,
        0.010400000000000001,
        0.0105,
        0.0103,
        0.0092,
        0.0092,
        0.0088,
        0.008400000000000001,
        0.008400000000000001,
        0.0079,
        0.0089,
        0.007200000000000001,
        0.0061,
        0.0058000000000000005,
        0.0056,
        0.0051,
        0.0049,
        0.0047,
        0.0044,
        0.0039000000000000003,
        0.004,
        0.0031000000000000003,
        0.0036000000000000003,
        0.0029000000000000002,
        0.0029000000000000002,
        0.0027,
        0.0025,
        0.0023,
        0.0018000000000000002,
        0.0014,
        0.0019,
        0.0016,
        0.0018000000000000002,
        0.0018000000000000002,
        0.0017000000000000001,
        0.0016,
        0.0017000000000000001,
        0.0013000000000000002,
        0.0012000000000000001,
        0.0012000000000000001,
        0.0011,
        0.0012000000000000001,
        0.001,
        0.001,
        0.0012000000000000001,
        0.0011,
        0.0011,
        0.0012000000000000001,
        0.001,
        0.001,
        0.0009000000000000001,
        0.0009000000000000001,
        0.001,
        0.0009000000000000001,
        0.0009000000000000001,
        0.0012000000000000001,
        0.0012000000000000001,
        0.0009000000000000001,
        0.001,
        0.001,
        0.0007,
        0.0007,
        0.0009000000000000001,
        0.0006000000000000001,
        0.0005
      ],
      "learning_rate_plot": "artifacts/training_metrics_fair/grid_runs/n_10/q_0p6/seed_3/plots/n_10__complete__anchored_t0.png",
      "learning_rate_plot_anchored_t0": "artifacts/training_metrics_fair/grid_runs/n_10/q_0p6/seed_3/plots/n_10__complete__anchored_t0.png",
      "train_loss_plot": "artifacts/training_metrics_fair/grid_runs/n_10/q_0p6/seed_3/plots/n_10__complete__train_loss.png"
    },
    "n_10/ws_p_0.0_seed_3": {
      "train_loss_final": 0.03885915130376816,
      "train_loss_running_mean_final": 0.15886819846928119,
      "best_running_mean_loss": 0.0827041587419808,
      "best_episode_idx": 4856,
      "best_validation_error": 0.0406,
      "best_validation_episode_idx": 4699,