{
  "seed": 4,
  "conditions": {
    "n_10/complete": {
      "train_loss_final": 0.031817421317100525,
      "train_loss_running_mean_final": 0.06986281404271721,
      "best_running_mean_loss": 0.049535827366635206,
      "best_episode_idx": 3791,
      "best_validation_error": 0.04056,
      "best_validation_episode_idx": 1899,
      "validation_history": [
        [
          99,
          0.46
        ],
        [
          199,
          0.39188
        ],
        [
          299,
          0.5377
        ],
        [
          399,
          0.46
        ],
        [
          499,
          0.46
        ],
        [
          599,
          0.50688
        ],
        [
          699,
          0.46
        ],
        [
          799,
          0.29608
        ],
        [
          899,
          0.38084
        ],
        [
          999,
          0.5241
        ],
        [
          1099,
          0.51314
        ],
        [
          1199,
          0.0586
        ],
        [
          1299,
          0.26828
        ],
        [
          1399,
          0.13536
        ],
        [
          1499,
          0.1421
        ],
        [
          1599,
          0.06368
        ],
        [
          1699,
          0.13454
        ],
        [
          1799,
          0.11914
        ],
        [
          1899,
          0.04056
        ],
        [
          1999,
          0.1916
        ],
        [
          2099,
          0.29148
        ],
        [
          2199,
          0.09916
        ],
        [
          2299,
          0.12048
        ],
        [
          2399,
          0.13464
        ],
        [
          2499,
          0.0767
        ],
        [
          2599,
          0.06766
        ],
        [
          2699,
          0.134
        ],
        [
          2799,
          0.1131
        ],
        [
          2899,
          0.08316
        ],
        [
          2999,
          0.0704
        ],
        [
          3099,
          0.0486
        ],
        [
          3199,
          0.08948
        ],
        [
          3299,
          0.05644
        ],
        [
          3399,
          0.09522
        ],
        [
          3499,
          0.05104
        ],
        [
          3599,
          0.22802
        ],
        [
          3699,
          0.08178
        ],
        [
          3799,
          0.13876
        ],
        [
          3899,
          0.06208
        ],
        [
          3999,
          0.06648
        ],
        [
          4099,
          0.0512
        ],
        [
          4199,
          0.04986
        ],
        [
          4299,
          0.09324
        ],
        [
          4399,
          0.05112
        ],
        [
          4499,
          0.10672
        ],
        [
          4599,
          0.04616
        ],
        [
          4699,
          0.06338
        ],
        [
          4799,
          0.04792
        ],
        [
          4899,
          0.07492
        ],
        [
          4999,
          0.04552
        ]
      ],
      "beta_fit": {
        "alpha": 0.48953835781773836,
        "beta": 0.15817543876387438,
        "beta_std": 0.0033473290093279204,
        "beta_ci_lower": 0.15161479446118553,
        "beta_ci_upper": 0.16473608306656323,
        "epsilon_inf": 0.010461642182261666,
        "fit_success": true,
        "method": "scipy_anchored_t0",
        "rmse": 0.006648726031377794,
        "r2": 0.9965262646141553,
        "fit_window_t_max": 24,
        "n_full_series": 100,
        "plateau_detected": true,
        "failure_reason": ""
      },
      "beta_hst_max": 0.8109302162163284,
      "beta_gap": -0.652754777452454,
      "exceeds_hst_bound": false,
      "convergence_warning": false,
      "epsilon_series": [
        0.40130000000000005,
        0.35850000000000004,
        0.3164,
        0.27990000000000004,
        0.23850000000000002,
        0.2074,
        0.17450000000000002,
        0.1506,
        0.1245,
        0.10890000000000001,
        0.0931,
        0.08220000000000001,
        0.0734,
        0.0623,
        0.0538,
        0.0468,
        0.0444,
        0.0378,
        0.035300000000000005,
        0.030600000000000002,
        0.028900000000000002,
        0.027600000000000003,
        0.024200000000000003,
        0.0233,
        0.023100000000000002,
        0.020300000000000002,
        0.0204,
        0.019,
        0.019,
        0.0181,
        0.0173,
        0.0171,
        0.0167,
        0.015600000000000001,
        0.015000000000000001,
        0.0146,
        0.014,
        0.0135,
        0.0128,
        0.0119,
        0.0105,
        0.0109,
        0.010100000000000001,
        0.0098,
        0.01,
        0.0088,
        0.009300000000000001,
        0.0085,
        0.0092,
        0.0085,
        0.0088,
        0.0074,
        0.007,
        0.0073,
        0.0067,
        0.006500000000000001,
        0.0064,
        0.0066,
        0.0067,
        0.006500000000000001,
        0.0063,
        0.006500000000000001,
        0.0066,
        0.0059,
        0.0055000000000000005,
        0.0056,
        0.006,
        0.0058000000000000005,
        0.0056,
        0.0055000000000000005,
        0.0054,
        0.0051,
        0.0049,
        0.005200000000000001,
        0.0049,
        0.0054,
        0.0044,
        0.0048000000000000004,
        0.0046,
        0.0047,
        0.0045000000000000005,
        0.0045000000000000005,
        0.0046,
        0.0044,
        0.004,
        0.0037,
        0.004,
        0.0041,
        0.0036000000000000003,
        0.0036000000000000003,
        0.0037,
        0.0038,
        0.0035,
        0.0037,
        0.0041,
        0.0037,
        0.0035,
        0.0033,
        0.0033,
        0.003
      ],
      "learning_rate_plot": "artifacts/training_metrics_fair/grid_runs/n_10/q_0p6/seed_4/plots/n_10__complete__anchored_t0.png",
      "learning_rate_plot_anchored_t0": "artifacts/training_metrics_fair/grid_runs/n_10/q_0p6/seed_4/plots/n_10__complete__anchored_t0.png",
      "train_loss_plot": "artifacts/training_metrics_fair/grid_runs/n_10/q_0p6/seed_4/plots/n_10__complete__train_loss.png"
    },
    "n_10/ws_p_0.0_seed_4": {
      "train_loss_final": 0.07130438834428787,
      "train_loss_running_mean_final": 0.10717573605477809,
      "best_running_mean_loss": 0.08520225915126503,
      "best_episode_idx": 3814,
      "best_validation_error": 0.05688,
      "best_validation_episode_idx": 4199,