{
  "seed": 0,
  "conditions": {
    "n_10/complete": {
      "train_loss_final": 0.4245458245277405,
      "train_loss_running_mean_final": 0.4918456123769283,
      "best_running_mean_loss": 0.357415572181344,
      "best_episode_idx": 4808,
      "best_validation_error": 0.10206,
      "best_validation_episode_idx": 4399,
      "validation_history": [
        [
          99,
          0.48
        ],
        [
          199,
          0.48
        ],
        [
          299,
          0.46488
        ],
        [
          399,
          0.48
        ],
        [
          499,
          0.51714
        ],
        [
          599,
          0.48
        ],
        [
          699,
          0.48
        ],
        [
          799,
          0.48
        ],
        [
          899,
          0.45158
        ],
        [
          999,
          0.44632
        ],
        [
          1099,
          0.44644
        ],
        [
          1199,
          0.44644
        ],
        [
          1299,
          0.46992
        ],
        [
          1399,
          0.41834
        ],
        [
          1499,
          0.4463
        ],
        [
          1599,
          0.4119
        ],
        [
          1699,
          0.47866
        ],
        [
          1799,
          0.51782
        ],
        [
          1899,
          0.51946
        ],
        [
          1999,
          0.47872
        ],
        [
          2099,
          0.4463
        ],
        [
          2199,
          0.4463
        ],
        [
          2299,
          0.4463
        ],
        [
          2399,
          0.51324
        ],
        [
          2499,
          0.37636
        ],
        [
          2599,
          0.44518
        ],
        [
          2699,
          0.51648
        ],
        [
          2799,
          0.51554
        ],
        [
          2899,
          0.41772
        ],
        [
          2999,
          0.4245
        ],
        [
          3099,
          0.32006
        ],
        [
          3199,
          0.46776
        ],
        [
          3299,
          0.43314
        ],
        [
          3399,
          0.43006
        ],
        [
          3499,
          0.2343
        ],
        [
          3599,
          0.11194
        ],
        [
          3699,
          0.1631
        ],
        [
          3799,
          0.24412
        ],
        [
          3899,
          0.1324
        ],
        [
          3999,
          0.14096
        ],
        [
          4099,
          0.35168
        ],
        [
          4199,
          0.2627
        ],
        [
          4299,
          0.23056
        ],
        [
          4399,
          0.10206
        ],
        [
          4499,
          0.31976
        ],
        [
          4599,
          0.12198
        ],
        [
          4699,
          0.11038
        ],
        [
          4799,
          0.29612
        ],
        [
          4899,
          0.12318
        ],
        [
          4999,
          0.1403
        ]
      ],
      "beta_fit": {
        "alpha": 0.41435329315403796,
        "beta": 0.08422273741836223,
        "beta_std": 0.0013386844183486172,
        "beta_ci_lower": 0.08159896417173398,
        "beta_ci_upper": 0.08684651066499047,
        "epsilon_inf": 0.08564670684596205,
        "fit_success": true,
        "method": "scipy_anchored_t0",
        "rmse": 0.0070132241408484815,
        "r2": 0.9945553246517206,
        "fit_window_t_max": 56,
        "n_full_series": 100,
        "plateau_detected": true,
        "failure_reason": ""
      },
      "beta_hst_max": 0.4013413909243028,
      "beta_gap": -0.3171186535059406,
      "exceeds_hst_bound": false,
      "convergence_warning": true,
      "epsilon_series": [
        0.4499,
        0.4214,
        0.3996,
        0.35600000000000004,
        0.3451,
        0.322,
        0.3047,
        0.2898,
        0.279,
        0.26,
        0.249,
        0.2383,
        0.22560000000000002,
        0.2152,
        0.20400000000000001,
        0.19840000000000002,
        0.1902,
        0.1806,
        0.1753,
        0.16920000000000002,
        0.1608,
        0.15710000000000002,
        0.1517,
        0.1462,
        0.14200000000000002,
        0.13970000000000002,
        0.1371,
        0.131,
        0.1265,
        0.127,
        0.1206,
        0.11670000000000001,
        0.1159,
        0.1126,
        0.1091,
        0.108,
        0.1051,
        0.10350000000000001,
        0.1022,
        0.0989,
        0.0983,
        0.09530000000000001,
        0.0937,
        0.092,
        0.0921,
        0.08990000000000001,
        0.091,
        0.0884,
        0.0879,
        0.0874,
        0.0868,
        0.0843,
        0.0844,
        0.0829,
        0.0834,
        0.0824,
        0.08170000000000001,
        0.0815,
        0.0815,
        0.0806,
        0.0818,
        0.082,
        0.0816,
        0.0814,
        0.0809,
        0.079,
        0.077,
        0.07680000000000001,
        0.0761,
        0.0752,
        0.0757,
        0.07590000000000001,
        0.0761,
        0.0738,
        0.0736,
        0.0717,
        0.0712,
        0.0713,
        0.0728,
        0.07050000000000001,
        0.0711,
        0.0688,
        0.0692,
        0.068,
        0.0679,
        0.0661,
        0.0666,
        0.06520000000000001,
        0.0661,
        0.0653,
        0.0659,
        0.06570000000000001,
        0.0663,
        0.0653,
        0.0646,
        0.06330000000000001,
        0.060500000000000005,
        0.0604,
        0.061900000000000004,
        0.061700000000000005
      ],
      "learning_rate_plot": "artifacts/training_metrics_fair/grid_runs/n_10/q_0p55/seed_0/plots/n_10__complete__anchored_t0.png",
      "learning_rate_plot_anchored_t0": "artifacts/training_metrics_fair/grid_runs/n_10/q_0p55/seed_0/plots/n_10__complete__anchored_t0.png",
      "train_loss_plot": "artifacts/training_metrics_fair/grid_runs/n_10/q_0p55/seed_0/plots/n_10__complete__train_loss.png"
    },
    "n_10/ws_p_0.0_seed_0": {
      "train_loss_final": 0.41731923818588257,
      "train_loss_running_mean_final": 0.44349491003900765,
      "best_running_mean_loss": 0.36335406932979825,
      "best_episode_idx": 4948,
      "best_validation_error": 0.12254,
      "best_validation_episode_idx": 3999,