{
  "seed": 1,
  "conditions": {
    "n_10/complete": {
      "train_loss_final": 0.016801435500383377,
      "train_loss_running_mean_final": 0.019503468410111965,
      "best_running_mean_loss": 0.011922740375157446,
      "best_episode_idx": 4734,
      "best_validation_error": 0.00428,
      "best_validation_episode_idx": 4699,
      "validation_history": [
        [
          99,
          0.35088
        ],
        [
          199,
          0.53196
        ],
        [
          299,
          0.00668
        ],
        [
          399,
          0.52088
        ],
        [
          499,
          0.375
        ],
        [
          599,
          0.0062
        ],
        [
          699,
          0.00512
        ],
        [
          799,
          0.00464
        ],
        [
          899,
          0.00456
        ],
        [
          999,
          0.0046
        ],
        [
          1099,
          0.00448
        ],
        [
          1199,
          0.00448
        ],
        [
          1299,
          0.0044
        ],
        [
          1399,
          0.00436
        ],
        [
          1499,
          0.00436
        ],
        [
          1599,
          0.00436
        ],
        [
          1699,
          0.6
        ],
        [
          1799,
          0.005
        ],
        [
          1899,
          0.00436
        ],
        [
          1999,
          0.00492
        ],
        [
          2099,
          0.00436
        ],
        [
          2199,
          0.00436
        ],
        [
          2299,
          0.05124
        ],
        [
          2399,
          0.00436
        ],
        [
          2499,
          0.00432
        ],
        [
          2599,
          0.00432
        ],
        [
          2699,
          0.00432
        ],
        [
          2799,
          0.00432
        ],
        [
          2899,
          0.00432
        ],
        [
          2999,
          0.00432
        ],
        [
          3099,
          0.00432
        ],
        [
          3199,
          0.00496
        ],
        [
          3299,
          0.00492
        ],
        [
          3399,
          0.00432
        ],
        [
          3499,
          0.00432
        ],
        [
          3599,
          0.00432
        ],
        [
          3699,
          0.00432
        ],
        [
          3799,
          0.00432
        ],
        [
          3899,
          0.00432
        ],
        [
          3999,
          0.00488
        ],
        [
          4099,
          0.00432
        ],
        [
          4199,
          0.00432
        ],
        [
          4299,
          0.00444
        ],
        [
          4399,
          0.00436
        ],
        [
          4499,
          0.00432
        ],
        [
          4599,
          0.00432
        ],
        [
          4699,
          0.00428
        ],
        [
          4799,
          0.00432
        ],
        [
          4899,
          0.00492
        ],
        [
          4999,
          0.00432
        ]
      ],
      "consensus": {
        "unanimous": {
          "fraction_episodes_reach_consensus": 1.0,
          "fraction_episodes_consensus_correct": 0.999,
          "fraction_episodes_consensus_wrong_only": 0.001,
          "fraction_correct_at_first_consensus": 0.999,
          "mean_first_consensus_t": 2.253,
          "median_first_consensus_t": 2.0
        },
        "majority": {
          "fraction_episodes_reach_consensus": 1.0,
          "fraction_episodes_consensus_correct": 0.999,
          "fraction_episodes_consensus_wrong_only": 0.001,
          "fraction_correct_at_first_consensus": 0.997,
          "mean_first_consensus_t": 1.035,
          "median_first_consensus_t": 1.0
        }
      },
      "beta_fit": {
        "alpha": 0.4991229819886076,
        "beta": 0.03587615848027288,
        "beta_std": NaN,
        "beta_ci_lower": NaN,
        "beta_ci_upper": NaN,
        "epsilon_inf": 0.0008770180113924052,
        "fit_success": false,
        "method": "anchored_t2_log_linear_fallback",
        "rmse": 0.24726945006472517,
        "r2": -73.00337558497574,
        "fit_window_t_max": 50,
        "n_full_series": 50,
        "plateau_detected": false,
        "fit_anchor": "t2",
        "failure_reason": "poor_fit_r2"
      },
      "beta_hst_max": 2.7725887222397816,
      "beta_gap": null,
      "exceeds_hst_bound": null,
      "convergence_warning": false,
      "epsilon_series": [
        0.2023,
        0.046,
        0.0047,
        0.0009000000000000001,
        0.0011,
        0.001,
        0.001,
        0.001,
        0.001,
        0.001,
        0.001,
        0.001,
        0.001,
        0.001,
        0.001,
        0.001,
        0.001,
        0.001,
        0.001,
        0.001,
        0.001,
        0.001,
        0.001,
        0.001,
        0.001,
        0.001,
        0.001,
        0.001,
        0.001,
        0.001,
        0.001,
        0.001,
        0.001,
        0.001,
        0.001,
        0.001,
        0.001,
        0.001,
        0.001,
        0.001,
        0.001,
        0.001,
        0.001,
        0.001,
        0.001,
        0.001,
        0.001,
        0.001,
        0.001,
        0.001
      ],
      "learning_rate_plot": "artifacts/training_metrics_fair/grid_runs/n_10/q_0p8/seed_1/plots/n_10__complete__anchored_t0.png",
      "learning_rate_plot_anchored_t0": "artifacts/training_metrics_fair/grid_runs/n_10/q_0p8/seed_1/plots/n_10__complete__anchored_t0.png",
      "train_loss_plot": "artifacts/training_metrics_fair/grid_runs/n_10/q_0p8/seed_1/plots/n_10__complete__train_loss.png",
      "learning_rate_plot_anchored_t2": "artifacts/anchor_t2/training_metrics_fair/grid_runs/n_10/q_0p8/seed_1/plots/n_10__complete__anchored_t2.png"
    },
    "n_10/ws_p_0.0_seed_1": {
      "train_loss_final": 0.021203886717557907,
      "train_loss_running_mean_final": 0.023822743673808874,
      "best_running_mean_loss": 0.019228215450420975,
      "best_episode_idx": 1909,
      "best_validation_error": 0.00616,
      "best_validation_episode_idx": 4799,