{
  "seed": 3,
  "conditions": {
    "n_10/complete": {
      "train_loss_final": 0.009633410722017288,
      "train_loss_running_mean_final": 0.01268528497312218,
      "best_running_mean_loss": 0.012316149915568531,
      "best_episode_idx": 4755,
      "best_validation_error": 0.0042,
      "best_validation_episode_idx": 4899,
      "validation_history": [
        [
          99,
          0.42924
        ],
        [
          199,
          0.00548
        ],
        [
          299,
          0.00624
        ],
        [
          399,
          0.0052
        ],
        [
          499,
          0.22664
        ],
        [
          599,
          0.0092
        ],
        [
          699,
          0.00576
        ],
        [
          799,
          0.00484
        ],
        [
          899,
          0.00484
        ],
        [
          999,
          0.04508
        ],
        [
          1099,
          0.55288
        ],
        [
          1199,
          0.1968
        ],
        [
          1299,
          0.54636
        ],
        [
          1399,
          0.1968
        ],
        [
          1499,
          0.1968
        ],
        [
          1599,
          0.1968
        ],
        [
          1699,
          0.19464
        ],
        [
          1799,
          0.1968
        ],
        [
          1899,
          0.16196
        ],
        [
          1999,
          0.01044
        ],
        [
          2099,
          0.00876
        ],
        [
          2199,
          0.00704
        ],
        [
          2299,
          0.00668
        ],
        [
          2399,
          0.00612
        ],
        [
          2499,
          0.00584
        ],
        [
          2599,
          0.00536
        ],
        [
          2699,
          0.00688
        ],
        [
          2799,
          0.006
        ],
        [
          2899,
          0.00556
        ],
        [
          2999,
          0.00556
        ],
        [
          3099,
          0.00556
        ],
        [
          3199,
          0.005
        ],
        [
          3299,
          0.00496
        ],
        [
          3399,
          0.00528
        ],
        [
          3499,
          0.00492
        ],
        [
          3599,
          0.00492
        ],
        [
          3699,
          0.00488
        ],
        [
          3799,
          0.00484
        ],
        [
          3899,
          0.02588
        ],
        [
          3999,
          0.19712
        ],
        [
          4099,
          0.007
        ],
        [
          4199,
          0.0056
        ],
        [
          4299,
          0.00512
        ],
        [
          4399,
          0.00508
        ],
        [
          4499,
          0.00488
        ],
        [
          4599,
          0.00484
        ],
        [
          4699,
          0.0048
        ],
        [
          4799,
          0.00464
        ],
        [
          4899,
          0.0042
        ],
        [
          4999,
          0.0046
        ]
      ],
      "consensus": {
        "unanimous": {
          "fraction_episodes_reach_consensus": 1.0,
          "fraction_episodes_consensus_correct": 1.0,
          "fraction_episodes_consensus_wrong_only": 0.0,
          "fraction_correct_at_first_consensus": 1.0,
          "mean_first_consensus_t": 2.072,
          "median_first_consensus_t": 2.0
        },
        "majority": {
          "fraction_episodes_reach_consensus": 1.0,
          "fraction_episodes_consensus_correct": 1.0,
          "fraction_episodes_consensus_wrong_only": 0.0,
          "fraction_correct_at_first_consensus": 0.987,
          "mean_first_consensus_t": 1.047,
          "median_first_consensus_t": 1.0
        }
      },
      "beta_fit": {
        "alpha": 0.5,
        "beta": 1.03443479925725,
        "beta_std": 0.1568696118425815,
        "beta_ci_lower": 0.7269760097770124,
        "beta_ci_upper": 1.3418935887374877,
        "epsilon_inf": 1.074018975711526e-25,
        "fit_success": true,
        "method": "scipy_anchored_t0",
        "rmse": 0.01944709351939059,
        "r2": 0.9397393931119211,
        "fit_window_t_max": 5,
        "n_full_series": 50,
        "plateau_detected": true,
        "fit_anchor": "t0",
        "failure_reason": ""
      },
      "beta_hst_max": 2.7725887222397816,
      "beta_gap": -1.7381539229825316,
      "exceeds_hst_bound": false,
      "convergence_warning": false,
      "epsilon_series": [
        0.2053,
        0.0368,
        0.003,
        0.0009000000000000001,
        0.00030000000000000003,
        0.0,
        0.0,
        0.0,
        0.0,
        0.0,
        0.0,
        0.0,
        0.0,
        0.0,
        0.0,
        0.0,
        0.0,
        0.0,
        0.0,
        0.0,
        0.0,
        0.0,
        0.0,
        0.0,
        0.0,
        0.0,
        0.0,
        0.0,
        0.0,
        0.0,
        0.0,
        0.0,
        0.0,
        0.0,
        0.0,
        0.0,
        0.0,
        0.0,
        0.0,
        0.0,
        0.0,
        0.0,
        0.0,
        0.0,
        0.0,
        0.0,
        0.0,
        0.0,
        0.0,
        0.0
      ],
      "learning_rate_plot": "artifacts/training_metrics_vector/grid_runs/n_10/q_0p8/seed_3/plots/n_10__complete__anchored_t0.png",
      "learning_rate_plot_anchored_t0": "artifacts/training_metrics_vector/grid_runs/n_10/q_0p8/seed_3/plots/n_10__complete__anchored_t0.png",
      "train_loss_plot": "artifacts/training_metrics_vector/grid_runs/n_10/q_0p8/seed_3/plots/n_10__complete__train_loss.png"
    },
    "n_10/ws_p_0.0_seed_3": {
      "train_loss_final": 0.009553291834890842,
      "train_loss_running_mean_final": 0.019276555224787443,
      "best_running_mean_loss": 0.015065020322799683,
      "best_episode_idx": 4258,
      "best_validation_error": 0.00612,
      "best_validation_episode_idx": 4899,