{
  "seed": 2,
  "conditions": {
    "n_10/complete": {
      "train_loss_final": 0.049501970410346985,
      "train_loss_running_mean_final": 0.15250411202199757,
      "best_running_mean_loss": 0.013531386503018439,
      "best_episode_idx": 2786,
      "best_validation_error": 0.00466,
      "best_validation_episode_idx": 3199,
      "validation_history": [
        [
          99,
          0.48
        ],
        [
          199,
          0.01856
        ],
        [
          299,
          0.43602
        ],
        [
          399,
          0.01206
        ],
        [
          499,
          0.5138
        ],
        [
          599,
          0.08304
        ],
        [
          699,
          0.00536
        ],
        [
          799,
          0.02522
        ],
        [
          899,
          0.00514
        ],
        [
          999,
          0.04632
        ],
        [
          1099,
          0.0258
        ],
        [
          1199,
          0.029
        ],
        [
          1299,
          0.00572
        ],
        [
          1399,
          0.00598
        ],
        [
          1499,
          0.00512
        ],
        [
          1599,
          0.02426
        ],
        [
          1699,
          0.00544
        ],
        [
          1799,
          0.02632
        ],
        [
          1899,
          0.40074
        ],
        [
          1999,
          0.0086
        ],
        [
          2099,
          0.00516
        ],
        [
          2199,
          0.0055
        ],
        [
          2299,
          0.0051
        ],
        [
          2399,
          0.00744
        ],
        [
          2499,
          0.00632
        ],
        [
          2599,
          0.00524
        ],
        [
          2699,
          0.00658
        ],
        [
          2799,
          0.00512
        ],
        [
          2899,
          0.00534
        ],
        [
          2999,
          0.00586
        ],
        [
          3099,
          0.00508
        ],
        [
          3199,
          0.00466
        ],
        [
          3299,
          0.00544
        ],
        [
          3399,
          0.0052
        ],
        [
          3499,
          0.00688
        ],
        [
          3599,
          0.00802
        ],
        [
          3699,
          0.00484
        ],
        [
          3799,
          0.0078
        ],
        [
          3899,
          0.00772
        ],
        [
          3999,
          0.04006
        ],
        [
          4099,
          0.00694
        ],
        [
          4199,
          0.0052
        ],
        [
          4299,
          0.00626
        ],
        [
          4399,
          0.0052
        ],
        [
          4499,
          0.01812
        ],
        [
          4599,
          0.00726
        ],
        [
          4699,
          0.00734
        ],
        [
          4799,
          0.00536
        ],
        [
          4899,
          0.0053
        ],
        [
          4999,
          0.0061
        ]
      ],
      "beta_fit": {
        "alpha": 0.49641599471506825,
        "beta": 0.5952394521872314,
        "beta_std": 0.054960106533944536,
        "beta_ci_lower": 0.4875196227942156,
        "beta_ci_upper": 0.7029592815802472,
        "epsilon_inf": 0.0035840052849317483,
        "fit_success": true,
        "method": "scipy_anchored_t0",
        "rmse": 0.012777338212388484,
        "r2": 0.9821988659105937,
        "fit_window_t_max": 6,
        "n_full_series": 100,
        "plateau_detected": true,
        "failure_reason": ""
      },
      "beta_hst_max": 1.694595720774407,
      "beta_gap": -1.0993562685871754,
      "exceeds_hst_bound": false,
      "convergence_warning": false,
      "epsilon_series": [
        0.3007,
        0.13520000000000001,
        0.0816,
        0.049300000000000004,
        0.0318,
        0.0224,
        0.0179,
        0.0164,
        0.015300000000000001,
        0.0142,
        0.0142,
        0.013900000000000001,
        0.013600000000000001,
        0.013600000000000001,
        0.0132,
        0.0129,
        0.0129,
        0.0129,
        0.012700000000000001,
        0.012700000000000001,
        0.0126,
        0.0126,
        0.0123,
        0.012100000000000001,
        0.0119,
        0.0118,
        0.0118,
        0.0118,
        0.012,
        0.0118,
        0.0119,
        0.0118,
        0.0117,
        0.0117,
        0.011600000000000001,
        0.0115,
        0.0111,
        0.011000000000000001,
        0.011000000000000001,
        0.011000000000000001,
        0.011000000000000001,
        0.011000000000000001,
        0.011000000000000001,
        0.011000000000000001,
        0.011000000000000001,
        0.011000000000000001,
        0.011000000000000001,
        0.011000000000000001,
        0.011000000000000001,
        0.011000000000000001,
        0.011000000000000001,
        0.011000000000000001,
        0.011000000000000001,
        0.011000000000000001,
        0.011000000000000001,
        0.011000000000000001,
        0.011000000000000001,
        0.011000000000000001,
        0.011000000000000001,
        0.011000000000000001,
        0.011000000000000001,
        0.011000000000000001,
        0.011000000000000001,
        0.011000000000000001,
        0.011000000000000001,
        0.011000000000000001,
        0.011000000000000001,
        0.011000000000000001,
        0.011000000000000001,
        0.011000000000000001,
        0.011000000000000001,
        0.011000000000000001,
        0.011000000000000001,
        0.011000000000000001,
        0.011000000000000001,
        0.011000000000000001,
        0.011000000000000001,
        0.011000000000000001,
        0.011000000000000001,
        0.011000000000000001,
        0.011000000000000001,
        0.011000000000000001,
        0.011000000000000001,
        0.011000000000000001,
        0.011000000000000001,
        0.011000000000000001,
        0.011000000000000001,
        0.011000000000000001,
        0.011000000000000001,
        0.011000000000000001,
        0.011000000000000001,
        0.011000000000000001,
        0.011000000000000001,
        0.011000000000000001,
        0.011000000000000001,
        0.011000000000000001,
        0.011000000000000001,
        0.011000000000000001,
        0.011000000000000001,
        0.011000000000000001
      ],
      "learning_rate_plot": "artifacts/training_metrics_fair/grid_runs/n_10/q_0p7/seed_2/plots/n_10__complete__anchored_t0.png",
      "learning_rate_plot_anchored_t0": "artifacts/training_metrics_fair/grid_runs/n_10/q_0p7/seed_2/plots/n_10__complete__anchored_t0.png",
      "train_loss_plot": "artifacts/training_metrics_fair/grid_runs/n_10/q_0p7/seed_2/plots/n_10__complete__train_loss.png"
    },
    "n_10/ws_p_0.0_seed_2": {
      "train_loss_final": 0.029592527076601982,
      "train_loss_running_mean_final": 0.03210972133092582,
      "best_running_mean_loss": 0.023530039340257644,
      "best_episode_idx": 3476,
      "best_validation_error": 0.01058,
      "best_validation_episode_idx": 4299,