{
  "seed": 2,
  "conditions": {
    "n_10/complete": {
      "train_loss_final": null,
      "train_loss_running_mean_final": null,
      "best_running_mean_loss": null,
      "best_episode_idx": null,
      "best_validation_error": null,
      "best_validation_episode_idx": null,
      "validation_history": [],
      "consensus": {
        "unanimous": {
          "fraction_episodes_reach_consensus": 1.0,
          "fraction_episodes_consensus_correct": 0.879,
          "fraction_episodes_consensus_wrong_only": 0.121,
          "fraction_correct_at_first_consensus": 0.879,
          "mean_first_consensus_t": 2.469,
          "median_first_consensus_t": 2.0
        },
        "majority": {
          "fraction_episodes_reach_consensus": 1.0,
          "fraction_episodes_consensus_correct": 0.879,
          "fraction_episodes_consensus_wrong_only": 0.121,
          "fraction_correct_at_first_consensus": 0.878,
          "mean_first_consensus_t": 1.193,
          "median_first_consensus_t": 1.0
        }
      },
      "beta_fit": {
        "alpha": 0.046179871611507585,
        "beta": 1.5170790845772517,
        "beta_std": 0.016304013199009083,
        "beta_ci_lower": 1.4851238059037282,
        "beta_ci_upper": 1.5490343632507753,
        "epsilon_inf": 0.12097641238834089,
        "fit_success": true,
        "method": "scipy_anchored_t2",
        "rmse": 0.0001694424149518265,
        "r2": 0.9993518027564295,
        "fit_window_t_max": 50,
        "n_full_series": 50,
        "plateau_detected": false,
        "fit_anchor": "t2",
        "fit_start_t": 2,
        "failure_reason": ""
      },
      "beta_hst_max": 1.2380784168124472,
      "beta_gap": 0.2790006677648045,
      "exceeds_hst_bound": false,
      "convergence_warning": true,
      "epsilon_series": [
        0.3487,
        0.1671,
        0.1316,
        0.1222,
        0.1211,
        0.121,
        0.121,
        0.121,
        0.121,
        0.121,
        0.121,
        0.121,
        0.121,
        0.121,
        0.121,
        0.121,
        0.121,
        0.121,
        0.121,
        0.121,
        0.121,
        0.121,
        0.121,
        0.121,
        0.121,
        0.121,
        0.121,
        0.121,
        0.121,
        0.121,
        0.121,
        0.121,
        0.121,
        0.121,
        0.121,
        0.121,
        0.121,
        0.121,
        0.121,
        0.121,
        0.121,
        0.121,
        0.121,
        0.121,
        0.121,
        0.121,
        0.121,
        0.121,
        0.121,
        0.121
      ],
      "algorithm": "majority_vote",
      "learning_rate_plot": "artifacts/training_metrics_majority/grid_runs/n_10/q_0p65/seed_2/plots/n_10__complete__anchored_t2.png",
      "learning_rate_plot_anchored_t2": "artifacts/training_metrics_majority/grid_runs/n_10/q_0p65/seed_2/plots/n_10__complete__anchored_t2.png"
    },
    "n_10/ws_p_0.0_seed_2": {
      "train_loss_final": null,
      "train_loss_running_mean_final": null,
      "best_running_mean_loss": null,
      "best_episode_idx": null,
      "best_validation_error": null,
      "best_validation_episode_idx": null,
      "validation_history": [],
      "consensus": {
        "unanimous": {
          "fraction_episodes_reach_consensus": 0.855,
          "fraction_episodes_consensus_correct": 0.849,
          "fraction_episodes_consensus_wrong_only": 0.006,
          "fraction_correct_at_first_consensus": 0.9929824561403509,
          "mean_first_consensus_t": 7.237426900584795,
          "median_first_consensus_t": 4.0
        },
        "majority": {
          "fraction_episodes_reach_consensus": 1.0,
          "fraction_episodes_consensus_correct": 0.978,
          "fraction_episodes_consensus_wrong_only": 0.022,
          "fraction_correct_at_first_consensus": 0.887,
          "mean_first_consensus_t": 1.218,
          "median_first_consensus_t": 1.0
        }
      },
      "beta_fit": {
        "alpha": 0.19197717886836427,
        "beta": 0.23717956135964924,
        "beta_std": 0.018386729835353888,
        "beta_ci_lower": 0.20114223308888754,
        "beta_ci_upper": 0.2732168896304109,
        "epsilon_inf": 0.05951248274806486,
        "fit_success": true,
        "method": "scipy_anchored_t2",
        "rmse": 0.010336743587145305,
        "r2": 0.9390785261306802,
        "fit_window_t_max": 50,
        "n_full_series": 50,
        "plateau_detected": false,
        "fit_anchor": "t2",
        "fit_start_t": 2,
        "failure_reason": ""
      },
      "beta_hst_max": 1.2380784168124472,
      "beta_gap": -1.000898855452798,
      "exceeds_hst_bound": false,
      "convergence_warning": true,
      "epsilon_series": [
        0.3487,
        0.2801,
        0.2036,
        0.1543,
        0.1363,
        0.1194,
        0.1135,
        0.1052,
        0.0999,
        0.096,
        0.0928,
        0.0884,
        0.0861,
        0.083,
        0.0824,
        0.0805,
        0.0774,
        0.0764,
        0.0749,
        0.0727,
        0.0713,
        0.0709,
        0.0681,
        0.0672,
        0.0666,
        0.0644,
        0.0636,
        0.062,
        0.0616,
        0.0592,
        0.0586,
        0.0581,
        0.057,
        0.0567,
        0.056,
        0.0544,
        0.0541,
        0.0537,
        0.0534,
        0.0523,
        0.0517,
        0.0512,
        0.0513,
        0.0499,
        0.0497,
        0.0489,
        0.0482,
        0.048,
        0.0474,
        0.0469
      ],
      "algorithm": "majority_vote",
      "learning_rate_plot": "artifacts/training_metrics_majority/grid_runs/n_10/q_0p65/seed_2/plots/n_10__ws_p_0.0_seed_2__anchored_t2.png",
      "learning_rate_plot_anchored_t2": "artifacts/training_metrics_majority/grid_runs/n_10/q_0p65/seed_2/plots/n_10__ws_p_0.0_seed_2__anchored_t2.png"
    },
    "n_10/ws_p_0.1_seed_2": {
      "train_loss_final": null,
      "train_loss_running_mean_final": null,
      "best_running_mean_loss": null,
      "best_episode_idx": null,
      "best_validation_error": null,
      "best_validation_episode_idx": null,
      "validation_history": [],
      "consensus": {
        "unanimous": {
          "fraction_episodes_reach_consensus": 0.865,
          "fraction_episodes_consensus_correct": 0.856,
          "fraction_episodes_consensus_wrong_only": 0.009,
          "fraction_correct_at_first_consensus": 0.9895953757225433,
          "mean_first_consensus_t": 6.994219653179191,
          "median_first_consensus_t": 4.0
        },
        "majority": {
          "fraction_episodes_reach_consensus": 1.0,
          "fraction_episodes_consensus_correct": 0.968,
          "fraction_episodes_consensus_wrong_only": 0.032,
          "fraction_correct_at_first_consensus": 0.884,
          "mean_first_consensus_t": 1.223,
          "median_first_consensus_t": 1.0
        }
      },
      "beta_fit": {
        "alpha": 0.20299627106706775,
        "beta": 0.3144982972856209,
        "beta_std": 0.0217502652041972,
        "beta_ci_lower": 0.27186856083119965,
        "beta_ci_upper": 0.35712803374004215,
        "epsilon_inf": 0.06384550950361781,
        "fit_success": true,
        "method": "scipy_anchored_t2",
        "rmse": 0.009024417932015914,
        "r2": 0.9505530661777024,
        "fit_window_t_max": 50,
        "n_full_series": 50,
        "plateau_detected": false,
        "fit_anchor": "t2",
        "fit_start_t": 2,
        "failure_reason": ""
      },
      "beta_hst_max": 1.2380784168124472,
      "beta_gap": -0.9235801195268263,
      "exceeds_hst_bound": false,
      "convergence_warning": true,