{
  "num_records": 15,
  "num_seeds": 5,
  "seeds": [
    0,
    1,
    2,
    3,
    4
  ],
  "cells": [
    {
      "num_nodes": 10,
      "signal_quality": 0.55,
      "topology": "complete",
      "n_seeds": 5,
      "beta_gat_mean": 0.10784751959398742,
      "beta_gat_std": 0.07376979836895785,
      "beta_gat_se_mean": 0.0037499162568802105,
      "beta_gat_ci_lower_mean": 0.10049781878546096,
      "beta_gat_ci_upper_mean": 0.11519722040251387,
      "beta_gat_best": 0.22373593035671735,
      "beta_gat_best_seed": 3,
      "beta_gap_at_best": -0.17760546056758547,
      "exceeds_hst_bound_at_best": false,
      "beta_hst_max_mean": 0.4013413909243028,
      "beta_gap_mean": -0.2934938713303154,
      "beta_gap_std": 0.07376979836895785,
      "exceeds_hst_bound_rate": 0.0,
      "convergence_warning_rate": 0.6,
      "fit_success_rate": 1.0,
      "fit_r2_mean": 0.9909285203448954,
      "unanimous_reach_consensus_rate_mean": 0.9911999999999999,
      "unanimous_correct_consensus_rate_mean": 0.8446,
      "unanimous_wrong_only_consensus_rate_mean": 0.1466,
      "unanimous_mean_first_consensus_t_mean": 8.939007532077255,
      "majority_reach_consensus_rate_mean": 1.0,
      "majority_correct_consensus_rate_mean": 0.9550000000000001,
      "majority_wrong_only_consensus_rate_mean": 0.045,
      "majority_mean_first_consensus_t_mean": 1.1632
    },
    {
      "num_nodes": 10,
      "signal_quality": 0.55,
      "topology": "ws_p_0.0",
      "n_seeds": 5,
      "beta_gat_mean": 0.09059671787163363,
      "beta_gat_std": 0.10373981783775145,
      "beta_gat_se_mean": 0.0027083808454099177,
      "beta_gat_ci_lower_mean": 0.08528838895821204,
      "beta_gat_ci_upper_mean": 0.09590504678505522,
      "beta_gat_best": 0.27579611496534673,
      "beta_gat_best_seed": 4,
      "beta_gap_at_best": -0.1255452759589561,
      "exceeds_hst_bound_at_best": false,
      "beta_hst_max_mean": 0.4013413909243028,
      "beta_gap_mean": -0.3107446730526692,
      "beta_gap_std": 0.10373981783775146,
      "exceeds_hst_bound_rate": 0.0,
      "convergence_warning_rate": 0.2,
      "fit_success_rate": 1.0,
      "fit_r2_mean": 0.9905317423090129,
      "unanimous_reach_consensus_rate_mean": 0.8301999999999999,
      "unanimous_correct_consensus_rate_mean": 0.8131999999999999,
      "unanimous_wrong_only_consensus_rate_mean": 0.017,
      "unanimous_mean_first_consensus_t_mean": 15.59448123709517,
      "majority_reach_consensus_rate_mean": 1.0,
      "majority_correct_consensus_rate_mean": 0.9778,
      "majority_wrong_only_consensus_rate_mean": 0.0222,
      "majority_mean_first_consensus_t_mean": 1.2122
    },
    {
      "num_nodes": 10,
      "signal_quality": 0.55,
      "topology": "ws_p_0.1",
      "n_seeds": 5,
      "beta_gat_mean": 0.04642101091364931,
      "beta_gat_std": 0.015881383568103695,
      "beta_gat_se_mean": 0.0005997328271388554,
      "beta_gat_ci_lower_mean": 0.04524555617211077,
      "beta_gat_ci_upper_mean": 0.047596465655187846,
      "beta_gat_best": 0.07009828004920726,
      "beta_gat_best_seed": 3,
      "beta_gap_at_best": -0.33124311087509556,
      "exceeds_hst_bound_at_best": false,
      "beta_hst_max_mean": 0.4013413909243028,
      "beta_gap_mean": -0.3549203800106535,
      "beta_gap_std": 0.015881383568103702,
      "exceeds_hst_bound_rate": 0.0,
      "convergence_warning_rate": 0.4,
      "fit_success_rate": 1.0,
      "fit_r2_mean": 0.9969535902914197,
      "unanimous_reach_consensus_rate_mean": 0.8346,
      "unanimous_correct_consensus_rate_mean": 0.8211999999999999,
      "unanimous_wrong_only_consensus_rate_mean": 0.0134,
      "unanimous_mean_first_consensus_t_mean": 32.440108114095196,
      "majority_reach_consensus_rate_mean": 1.0,
      "majority_correct_consensus_rate_mean": 0.9965999999999999,
      "majority_wrong_only_consensus_rate_mean": 0.0034000000000000002,
      "majority_mean_first_consensus_t_mean": 1.286
    }
  ],
  "by_cell_key": {
    "n_10/q_0.55/complete": {
      "num_nodes": 10,
      "signal_quality": 0.55,
      "topology": "complete",
      "n_seeds": 5,
      "beta_gat_mean": 0.10784751959398742,
      "beta_gat_std": 0.07376979836895785,
      "beta_gat_se_mean": 0.0037499162568802105,
      "beta_gat_ci_lower_mean": 0.10049781878546096,
      "beta_gat_ci_upper_mean": 0.11519722040251387,
      "beta_gat_best": 0.22373593035671735,
      "beta_gat_best_seed": 3,
      "beta_gap_at_best": -0.17760546056758547,
      "exceeds_hst_bound_at_best": false,
      "beta_hst_max_mean": 0.4013413909243028,
      "beta_gap_mean": -0.2934938713303154,
      "beta_gap_std": 0.07376979836895785,
      "exceeds_hst_bound_rate": 0.0,
      "convergence_warning_rate": 0.6,
      "fit_success_rate": 1.0,
      "fit_r2_mean": 0.9909285203448954,
      "unanimous_reach_consensus_rate_mean": 0.9911999999999999,
      "unanimous_correct_consensus_rate_mean": 0.8446,
      "unanimous_wrong_only_consensus_rate_mean": 0.1466,
      "unanimous_mean_first_consensus_t_mean": 8.939007532077255,
      "majority_reach_consensus_rate_mean": 1.0,
      "majority_correct_consensus_rate_mean": 0.9550000000000001,
      "majority_wrong_only_consensus_rate_mean": 0.045,
      "majority_mean_first_consensus_t_mean": 1.1632
    },
    "n_10/q_0.55/ws_p_0.0": {
      "num_nodes": 10,
      "signal_quality": 0.55,
      "topology": "ws_p_0.0",
      "n_seeds": 5,
      "beta_gat_mean": 0.09059671787163363,
      "beta_gat_std": 0.10373981783775145,
      "beta_gat_se_mean": 0.0027083808454099177,
      "beta_gat_ci_lower_mean": 0.08528838895821204,
      "beta_gat_ci_upper_mean": 0.09590504678505522,
      "beta_gat_best": 0.27579611496534673,
      "beta_gat_best_seed": 4,
      "beta_gap_at_best": -0.1255452759589561,
      "exceeds_hst_bound_at_best": false,
      "beta_hst_max_mean": 0.4013413909243028,
      "beta_gap_mean": -0.3107446730526692,
      "beta_gap_std": 0.10373981783775146,
      "exceeds_hst_bound_rate": 0.0,
      "convergence_warning_rate": 0.2,
      "fit_success_rate": 1.0,
      "fit_r2_mean": 0.9905317423090129,
      "unanimous_reach_consensus_rate_mean": 0.8301999999999999,
      "unanimous_correct_consensus_rate_mean": 0.8131999999999999,
      "unanimous_wrong_only_consensus_rate_mean": 0.017,
      "unanimous_mean_first_consensus_t_mean": 15.59448123709517,
      "majority_reach_consensus_rate_mean": 1.0,
      "majority_correct_consensus_rate_mean": 0.9778,
      "majority_wrong_only_consensus_rate_mean": 0.0222,
      "majority_mean_first_consensus_t_mean": 1.2122
    },
    "n_10/q_0.55/ws_p_0.1": {
      "num_nodes": 10,
      "signal_quality": 0.55,
      "topology": "ws_p_0.1",
      "n_seeds": 5,
      "beta_gat_mean": 0.04642101091364931,
      "beta_gat_std": 0.015881383568103695,
      "beta_gat_se_mean": 0.0005997328271388554,
      "beta_gat_ci_lower_mean": 0.04524555617211077,
      "beta_gat_ci_upper_mean": 0.047596465655187846,
      "beta_gat_best": 0.07009828004920726,
      "beta_gat_best_seed": 3,
      "beta_gap_at_best": -0.33124311087509556,
      "exceeds_hst_bound_at_best": false,
      "beta_hst_max_mean": 0.4013413909243028,
      "beta_gap_mean": -0.3549203800106535,
      "beta_gap_std": 0.015881383568103702,
      "exceeds_hst_bound_rate": 0.0,
      "convergence_warning_rate": 0.4,
      "fit_success_rate": 1.0,
      "fit_r2_mean": 0.9969535902914197,
      "unanimous_reach_consensus_rate_mean": 0.8346,
      "unanimous_correct_consensus_rate_mean": 0.8211999999999999,
      "unanimous_wrong_only_consensus_rate_mean": 0.0134,
      "unanimous_mean_first_consensus_t_mean": 32.440108114095196,
      "majority_reach_consensus_rate_mean": 1.0,
      "majority_correct_consensus_rate_mean": 0.9965999999999999,
      "majority_wrong_only_consensus_rate_mean": 0.0034000000000000002,
      "majority_mean_first_consensus_t_mean": 1.286
    }
  }
}