{
  "seed": 3,
  "conditions": {
    "n_10/complete": {
      "train_loss_final": null,
      "train_loss_running_mean_final": null,
      "best_running_mean_loss": null,
      "best_episode_idx": null,
      "best_validation_error": null,
      "best_validation_episode_idx": null,
      "validation_history": [],
      "consensus": {
        "unanimous": {
          "fraction_episodes_reach_consensus": 1.0,
          "fraction_episodes_consensus_correct": 0.857,
          "fraction_episodes_consensus_wrong_only": 0.143,
          "fraction_correct_at_first_consensus": 0.857,
          "mean_first_consensus_t": 2.476,
          "median_first_consensus_t": 2.0
        },
        "majority": {
          "fraction_episodes_reach_consensus": 1.0,
          "fraction_episodes_consensus_correct": 0.857,
          "fraction_episodes_consensus_wrong_only": 0.143,
          "fraction_correct_at_first_consensus": 0.857,
          "mean_first_consensus_t": 1.208,
          "median_first_consensus_t": 1.0
        }
      },
      "beta_fit": {
        "alpha": 0.04142005245497446,
        "beta": 1.3771635408065894,
        "beta_std": 0.004118705200666725,
        "beta_ci_lower": 1.369091026950345,
        "beta_ci_upper": 1.385236054662834,
        "epsilon_inf": 0.14298987529736418,
        "fit_success": true,
        "method": "scipy_anchored_t2",
        "rmse": 4.520406720339743e-05,
        "r2": 0.9999434221232807,
        "fit_window_t_max": 50,
        "n_full_series": 50,
        "plateau_detected": false,
        "fit_anchor": "t2",
        "fit_start_t": 2,
        "failure_reason": ""
      },
      "beta_hst_max": 1.2380784168124472,
      "beta_gap": 0.1390851239941422,
      "exceeds_hst_bound": false,
      "convergence_warning": true,
      "epsilon_series": [
        0.3531,
        0.1844,
        0.1535,
        0.1456,
        0.1435,
        0.1429,
        0.143,
        0.143,
        0.143,
        0.143,
        0.143,
        0.143,
        0.143,
        0.143,
        0.143,
        0.143,
        0.143,
        0.143,
        0.143,
        0.143,
        0.143,
        0.143,
        0.143,
        0.143,
        0.143,
        0.143,
        0.143,
        0.143,
        0.143,
        0.143,
        0.143,
        0.143,
        0.143,
        0.143,
        0.143,
        0.143,
        0.143,
        0.143,
        0.143,
        0.143,
        0.143,
        0.143,
        0.143,
        0.143,
        0.143,
        0.143,
        0.143,
        0.143,
        0.143,
        0.143
      ],
      "algorithm": "majority_vote",
      "learning_rate_plot": "artifacts/training_metrics_majority/grid_runs/n_10/q_0p65/seed_3/plots/n_10__complete__anchored_t2.png",
      "learning_rate_plot_anchored_t2": "artifacts/training_metrics_majority/grid_runs/n_10/q_0p65/seed_3/plots/n_10__complete__anchored_t2.png"
    },
    "n_10/ws_p_0.0_seed_3": {
      "train_loss_final": null,
      "train_loss_running_mean_final": null,
      "best_running_mean_loss": null,
      "best_episode_idx": null,
      "best_validation_error": null,
      "best_validation_episode_idx": null,
      "validation_history": [],
      "consensus": {
        "unanimous": {
          "fraction_episodes_reach_consensus": 0.855,
          "fraction_episodes_consensus_correct": 0.844,
          "fraction_episodes_consensus_wrong_only": 0.011,
          "fraction_correct_at_first_consensus": 0.9871345029239766,
          "mean_first_consensus_t": 7.15906432748538,
          "median_first_consensus_t": 4.0
        },
        "majority": {
          "fraction_episodes_reach_consensus": 1.0,
          "fraction_episodes_consensus_correct": 0.971,
          "fraction_episodes_consensus_wrong_only": 0.029,
          "fraction_correct_at_first_consensus": 0.861,
          "mean_first_consensus_t": 1.206,
          "median_first_consensus_t": 1.0
        }
      },
      "beta_fit": {
        "alpha": 0.19655892163764788,
        "beta": 0.22545428734819006,
        "beta_std": 0.0156978770279366,
        "beta_ci_lower": 0.19468701373969566,
        "beta_ci_upper": 0.25622156095668447,
        "epsilon_inf": 0.06409819044611662,
        "fit_success": true,
        "method": "scipy_anchored_t2",
        "rmse": 0.009625164314486824,
        "r2": 0.9504607003161375,
        "fit_window_t_max": 50,
        "n_full_series": 50,
        "plateau_detected": false,
        "fit_anchor": "t2",
        "fit_start_t": 2,
        "failure_reason": ""
      },
      "beta_hst_max": 1.2380784168124472,
      "beta_gap": -1.0126241294642573,
      "exceeds_hst_bound": false,
      "convergence_warning": true,
      "epsilon_series": [
        0.3531,
        0.2876,
        0.2187,
        0.1642,
        0.1452,
        0.1294,
        0.1206,
        0.1139,
        0.1094,
        0.1032,
        0.1011,
        0.0946,
        0.0917,
        0.0892,
        0.086,
        0.0847,
        0.0823,
        0.0813,
        0.0786,
        0.0776,
        0.0765,
        0.0736,
        0.0723,
        0.0714,
        0.0703,
        0.0687,
        0.0676,
        0.0658,
        0.0651,
        0.0642,
        0.0634,
        0.0629,
        0.0624,
        0.0617,
        0.0616,
        0.0607,
        0.0599,
        0.0595,
        0.0587,
        0.0575,
        0.0573,
        0.0571,
        0.0564,
        0.0556,
        0.0552,
        0.0549,
        0.0547,
        0.0539,
        0.0538,
        0.0526
      ],
      "algorithm": "majority_vote",
      "learning_rate_plot": "artifacts/training_metrics_majority/grid_runs/n_10/q_0p65/seed_3/plots/n_10__ws_p_0.0_seed_3__anchored_t2.png",
      "learning_rate_plot_anchored_t2": "artifacts/training_metrics_majority/grid_runs/n_10/q_0p65/seed_3/plots/n_10__ws_p_0.0_seed_3__anchored_t2.png"
    },
    "n_10/ws_p_0.1_seed_3": {
      "train_loss_final": null,
      "train_loss_running_mean_final": null,
      "best_running_mean_loss": null,
      "best_episode_idx": null,
      "best_validation_error": null,
      "best_validation_episode_idx": null,
      "validation_history": [],
      "consensus": {
        "unanimous": {
          "fraction_episodes_reach_consensus": 0.832,
          "fraction_episodes_consensus_correct": 0.815,
          "fraction_episodes_consensus_wrong_only": 0.017,
          "fraction_correct_at_first_consensus": 0.9795673076923077,
          "mean_first_consensus_t": 7.131009615384615,
          "median_first_consensus_t": 4.0
        },
        "majority": {
          "fraction_episodes_reach_consensus": 1.0,
          "fraction_episodes_consensus_correct": 0.943,
          "fraction_episodes_consensus_wrong_only": 0.057,
          "fraction_correct_at_first_consensus": 0.855,
          "mean_first_consensus_t": 1.21,
          "median_first_consensus_t": 1.0
        }
      },
      "beta_fit": {
        "alpha": 0.19305278920553318,
        "beta": 0.2771045058307399,
        "beta_std": 0.019258486963250044,
        "beta_ci_lower": 0.2393585649860357,
        "beta_ci_upper": 0.31485044667544415,
        "epsilon_inf": 0.08608252434097553,
        "fit_success": true,
        "method": "scipy_anchored_t2",
        "rmse": 0.008941479514371176,
        "r2": 0.9501125470864965,
        "fit_window_t_max": 50,
        "n_full_series": 50,
        "plateau_detected": false,
        "fit_anchor": "t2",
        "fit_start_t": 2,
        "failure_reason": ""
      },
      "beta_hst_max": 1.2380784168124472,
      "beta_gap": -0.9609739109817073,
      "exceeds_hst_bound": false,
      "convergence_warning": true,