{
  "seed": 3,
  "conditions": {
    "n_10/complete": {
      "train_loss_final": 0.5688064694404602,
      "train_loss_running_mean_final": 1.4395204887376167,
      "best_running_mean_loss": 0.0557298687659204,
      "best_episode_idx": 4818,
      "best_validation_error": 0.02396,
      "best_validation_episode_idx": 4799,
      "validation_history": [
        [
          99,
          0.44
        ],
        [
          199,
          0.50752
        ],
        [
          299,
          0.07116
        ],
        [
          399,
          0.07084
        ],
        [
          499,
          0.04336
        ],
        [
          599,
          0.10264
        ],
        [
          699,
          0.031
        ],
        [
          799,
          0.36164
        ],
        [
          899,
          0.19208
        ],
        [
          999,
          0.43856
        ],
        [
          1099,
          0.45176
        ],
        [
          1199,
          0.23976
        ],
        [
          1299,
          0.39252
        ],
        [
          1399,
          0.04256
        ],
        [
          1499,
          0.43272
        ],
        [
          1599,
          0.18756
        ],
        [
          1699,
          0.10312
        ],
        [
          1799,
          0.42012
        ],
        [
          1899,
          0.07552
        ],
        [
          1999,
          0.11352
        ],
        [
          2099,
          0.10116
        ],
        [
          2199,
          0.1292
        ],
        [
          2299,
          0.06028
        ],
        [
          2399,
          0.04004
        ],
        [
          2499,
          0.0332
        ],
        [
          2599,
          0.06016
        ],
        [
          2699,
          0.13064
        ],
        [
          2799,
          0.21412
        ],
        [
          2899,
          0.06056
        ],
        [
          2999,
          0.29972
        ],
        [
          3099,
          0.04424
        ],
        [
          3199,
          0.06096
        ],
        [
          3299,
          0.03572
        ],
        [
          3399,
          0.03028
        ],
        [
          3499,
          0.04532
        ],
        [
          3599,
          0.03632
        ],
        [
          3699,
          0.02844
        ],
        [
          3799,
          0.43292
        ],
        [
          3899,
          0.03956
        ],
        [
          3999,
          0.0392
        ],
        [
          4099,
          0.04772
        ],
        [
          4199,
          0.03312
        ],
        [
          4299,
          0.02752
        ],
        [
          4399,
          0.03436
        ],
        [
          4499,
          0.02724
        ],
        [
          4599,
          0.08824
        ],
        [
          4699,
          0.02532
        ],
        [
          4799,
          0.02396
        ],
        [
          4899,
          0.0758
        ],
        [
          4999,
          0.12992
        ]
      ],
      "consensus": {
        "unanimous": {
          "fraction_episodes_reach_consensus": 1.0,
          "fraction_episodes_consensus_correct": 0.996,
          "fraction_episodes_consensus_wrong_only": 0.004,
          "fraction_correct_at_first_consensus": 0.979,
          "mean_first_consensus_t": 4.676,
          "median_first_consensus_t": 4.0
        },
        "majority": {
          "fraction_episodes_reach_consensus": 1.0,
          "fraction_episodes_consensus_correct": 0.997,
          "fraction_episodes_consensus_wrong_only": 0.003,
          "fraction_correct_at_first_consensus": 0.868,
          "mean_first_consensus_t": 1.187,
          "median_first_consensus_t": 1.0
        }
      },
      "beta_fit": {
        "alpha": 0.4899783465442936,
        "beta": 0.36817874187647587,
        "beta_std": 0.006236948108885901,
        "beta_ci_lower": 0.3559545482096143,
        "beta_ci_upper": 0.38040293554333743,
        "epsilon_inf": 0.01002165345570637,
        "fit_success": true,
        "method": "scipy_anchored_t0",
        "rmse": 0.006240853277547777,
        "r2": 0.9899225414490321,
        "fit_window_t_max": 50,
        "n_full_series": 50,
        "plateau_detected": false,
        "fit_anchor": "t0",
        "failure_reason": ""
      },
      "beta_hst_max": 1.2380784168124472,
      "beta_gap": -0.8698996749359713,
      "exceeds_hst_bound": false,
      "convergence_warning": false,
      "epsilon_series": [
        0.3531,
        0.2286,
        0.1666,
        0.1158,
        0.0906,
        0.0675,
        0.052500000000000005,
        0.0441,
        0.0383,
        0.034,
        0.030000000000000002,
        0.026600000000000002,
        0.0247,
        0.022500000000000003,
        0.0213,
        0.0193,
        0.0176,
        0.0162,
        0.015000000000000001,
        0.0137,
        0.012400000000000001,
        0.0111,
        0.0109,
        0.01,
        0.0098,
        0.0088,
        0.0081,
        0.0081,
        0.008,
        0.0076,
        0.0076,
        0.0077,
        0.007200000000000001,
        0.0068000000000000005,
        0.0066,
        0.006,
        0.0056,
        0.0056,
        0.0051,
        0.0047,
        0.0043,
        0.0043,
        0.0041,
        0.004,
        0.004,
        0.004,
        0.004,
        0.0041,
        0.004,
        0.004
      ],
      "learning_rate_plot": "artifacts/training_metrics_fair/grid_runs/n_10/q_0p65/seed_3/plots/n_10__complete__anchored_t0.png",
      "learning_rate_plot_anchored_t0": "artifacts/training_metrics_fair/grid_runs/n_10/q_0p65/seed_3/plots/n_10__complete__anchored_t0.png",
      "train_loss_plot": "artifacts/training_metrics_fair/grid_runs/n_10/q_0p65/seed_3/plots/n_10__complete__train_loss.png"
    },
    "n_10/ws_p_0.0_seed_3": {
      "train_loss_final": 0.029452072456479073,
      "train_loss_running_mean_final": 0.10040600243955851,
      "best_running_mean_loss": 0.07024093237705528,
      "best_episode_idx": 4748,
      "best_validation_error": 0.03588,
      "best_validation_episode_idx": 4499,