{
  "num_records": 15,
  "num_seeds": 5,
  "seeds": [
    0,
    1,
    2,
    3,
    4
  ],
  "cells": [
    {
      "num_nodes": 10,
      "signal_quality": 0.65,
      "topology": "complete",
      "n_seeds": 5,
      "beta_gat_mean": 0.3682668484894681,
      "beta_gat_std": 0.10695506948939698,
      "beta_gat_se_mean": 0.006034419729118593,
      "beta_gat_ci_lower_mean": 0.35643960315279777,
      "beta_gat_ci_upper_mean": 0.3800940938261385,
      "beta_gat_best": 0.5095692567100111,
      "beta_gat_best_seed": 0,
      "beta_gap_at_best": -0.7285091601024362,
      "exceeds_hst_bound_at_best": false,
      "beta_hst_max_mean": 1.2380784168124472,
      "beta_gap_mean": -0.869811568322979,
      "beta_gap_std": 0.106955069489397,
      "exceeds_hst_bound_rate": 0.0,
      "convergence_warning_rate": 0.0,
      "fit_success_rate": 1.0,
      "fit_r2_mean": 0.9952953728462799,
      "unanimous_reach_consensus_rate_mean": 1.0,
      "unanimous_correct_consensus_rate_mean": 0.9906,
      "unanimous_wrong_only_consensus_rate_mean": 0.0094,
      "unanimous_mean_first_consensus_t_mean": 5.133,
      "majority_reach_consensus_rate_mean": 1.0,
      "majority_correct_consensus_rate_mean": 0.9928000000000001,
      "majority_wrong_only_consensus_rate_mean": 0.0072,
      "majority_mean_first_consensus_t_mean": 1.1898
    },
    {
      "num_nodes": 10,
      "signal_quality": 0.65,
      "topology": "ws_p_0.0",
      "n_seeds": 5,
      "beta_gat_mean": 0.22741983795335843,
      "beta_gat_std": 0.01976042600752832,
      "beta_gat_se_mean": 0.003512562109386226,
      "beta_gat_ci_lower_mean": 0.22053534272550138,
      "beta_gat_ci_upper_mean": 0.2343043331812155,
      "beta_gat_best": 0.25158013623270864,
      "beta_gat_best_seed": 1,
      "beta_gap_at_best": -0.9864982805797387,
      "exceeds_hst_bound_at_best": false,
      "beta_hst_max_mean": 1.2380784168124472,
      "beta_gap_mean": -1.0106585788590887,
      "beta_gap_std": 0.01976042600752831,
      "exceeds_hst_bound_rate": 0.0,
      "convergence_warning_rate": 0.0,
      "fit_success_rate": 1.0,
      "fit_r2_mean": 0.997349806755573,
      "unanimous_reach_consensus_rate_mean": 0.9992000000000001,
      "unanimous_correct_consensus_rate_mean": 0.999,
      "unanimous_wrong_only_consensus_rate_mean": 0.0002,
      "unanimous_mean_first_consensus_t_mean": 7.607068889350735,
      "majority_reach_consensus_rate_mean": 1.0,
      "majority_correct_consensus_rate_mean": 1.0,
      "majority_wrong_only_consensus_rate_mean": 0.0,
      "majority_mean_first_consensus_t_mean": 1.2018
    },
    {
      "num_nodes": 10,
      "signal_quality": 0.65,
      "topology": "ws_p_0.1",
      "n_seeds": 5,
      "beta_gat_mean": 0.20739226424475748,
      "beta_gat_std": 0.02123229168760894,
      "beta_gat_se_mean": 0.0018971627081512162,
      "beta_gat_ci_lower_mean": 0.20367389366396865,
      "beta_gat_ci_upper_mean": 0.21111063482554634,
      "beta_gat_best": 0.2369939724981326,
      "beta_gat_best_seed": 1,
      "beta_gap_at_best": -1.0010844443143148,
      "exceeds_hst_bound_at_best": false,
      "beta_hst_max_mean": 1.2380784168124472,
      "beta_gap_mean": -1.0306861525676898,
      "beta_gap_std": 0.021232291687608897,
      "exceeds_hst_bound_rate": 0.0,
      "convergence_warning_rate": 0.0,
      "fit_success_rate": 1.0,
      "fit_r2_mean": 0.9989650444196776,
      "unanimous_reach_consensus_rate_mean": 0.9997999999999999,
      "unanimous_correct_consensus_rate_mean": 0.9997999999999999,
      "unanimous_wrong_only_consensus_rate_mean": 0.0,
      "unanimous_mean_first_consensus_t_mean": 7.936284884884886,
      "majority_reach_consensus_rate_mean": 1.0,
      "majority_correct_consensus_rate_mean": 1.0,
      "majority_wrong_only_consensus_rate_mean": 0.0,
      "majority_mean_first_consensus_t_mean": 1.1992
    }
  ],
  "by_cell_key": {
    "n_10/q_0.65/complete": {
      "num_nodes": 10,
      "signal_quality": 0.65,
      "topology": "complete",
      "n_seeds": 5,
      "beta_gat_mean": 0.3682668484894681,
      "beta_gat_std": 0.10695506948939698,
      "beta_gat_se_mean": 0.006034419729118593,
      "beta_gat_ci_lower_mean": 0.35643960315279777,
      "beta_gat_ci_upper_mean": 0.3800940938261385,
      "beta_gat_best": 0.5095692567100111,
      "beta_gat_best_seed": 0,
      "beta_gap_at_best": -0.7285091601024362,
      "exceeds_hst_bound_at_best": false,
      "beta_hst_max_mean": 1.2380784168124472,
      "beta_gap_mean": -0.869811568322979,
      "beta_gap_std": 0.106955069489397,
      "exceeds_hst_bound_rate": 0.0,
      "convergence_warning_rate": 0.0,
      "fit_success_rate": 1.0,
      "fit_r2_mean": 0.9952953728462799,
      "unanimous_reach_consensus_rate_mean": 1.0,
      "unanimous_correct_consensus_rate_mean": 0.9906,
      "unanimous_wrong_only_consensus_rate_mean": 0.0094,
      "unanimous_mean_first_consensus_t_mean": 5.133,
      "majority_reach_consensus_rate_mean": 1.0,
      "majority_correct_consensus_rate_mean": 0.9928000000000001,
      "majority_wrong_only_consensus_rate_mean": 0.0072,
      "majority_mean_first_consensus_t_mean": 1.1898
    },
    "n_10/q_0.65/ws_p_0.0": {
      "num_nodes": 10,
      "signal_quality": 0.65,
      "topology": "ws_p_0.0",
      "n_seeds": 5,
      "beta_gat_mean": 0.22741983795335843,
      "beta_gat_std": 0.01976042600752832,
      "beta_gat_se_mean": 0.003512562109386226,
      "beta_gat_ci_lower_mean": 0.22053534272550138,
      "beta_gat_ci_upper_mean": 0.2343043331812155,
      "beta_gat_best": 0.25158013623270864,
      "beta_gat_best_seed": 1,
      "beta_gap_at_best": -0.9864982805797387,
      "exceeds_hst_bound_at_best": false,
      "beta_hst_max_mean": 1.2380784168124472,
      "beta_gap_mean": -1.0106585788590887,
      "beta_gap_std": 0.01976042600752831,
      "exceeds_hst_bound_rate": 0.0,
      "convergence_warning_rate": 0.0,
      "fit_success_rate": 1.0,
      "fit_r2_mean": 0.997349806755573,
      "unanimous_reach_consensus_rate_mean": 0.9992000000000001,
      "unanimous_correct_consensus_rate_mean": 0.999,
      "unanimous_wrong_only_consensus_rate_mean": 0.0002,
      "unanimous_mean_first_consensus_t_mean": 7.607068889350735,
      "majority_reach_consensus_rate_mean": 1.0,
      "majority_correct_consensus_rate_mean": 1.0,
      "majority_wrong_only_consensus_rate_mean": 0.0,
      "majority_mean_first_consensus_t_mean": 1.2018
    },
    "n_10/q_0.65/ws_p_0.1": {
      "num_nodes": 10,
      "signal_quality": 0.65,
      "topology": "ws_p_0.1",
      "n_seeds": 5,
      "beta_gat_mean": 0.20739226424475748,
      "beta_gat_std": 0.02123229168760894,
      "beta_gat_se_mean": 0.0018971627081512162,
      "beta_gat_ci_lower_mean": 0.20367389366396865,
      "beta_gat_ci_upper_mean": 0.21111063482554634,
      "beta_gat_best": 0.2369939724981326,
      "beta_gat_best_seed": 1,
      "beta_gap_at_best": -1.0010844443143148,
      "exceeds_hst_bound_at_best": false,
      "beta_hst_max_mean": 1.2380784168124472,
      "beta_gap_mean": -1.0306861525676898,
      "beta_gap_std": 0.021232291687608897,
      "exceeds_hst_bound_rate": 0.0,
      "convergence_warning_rate": 0.0,
      "fit_success_rate": 1.0,
      "fit_r2_mean": 0.9989650444196776,
      "unanimous_reach_consensus_rate_mean": 0.9997999999999999,
      "unanimous_correct_consensus_rate_mean": 0.9997999999999999,
      "unanimous_wrong_only_consensus_rate_mean": 0.0,
      "unanimous_mean_first_consensus_t_mean": 7.936284884884886,
      "majority_reach_consensus_rate_mean": 1.0,
      "majority_correct_consensus_rate_mean": 1.0,
      "majority_wrong_only_consensus_rate_mean": 0.0,
      "majority_mean_first_consensus_t_mean": 1.1992
    }
  }
}