{
  "num_records": 15,
  "num_seeds": 5,
  "seeds": [
    0,
    1,
    2,
    3,
    4
  ],
  "cells": [
    {
      "num_nodes": 100,
      "signal_quality": 0.55,
      "topology": "complete",
      "n_seeds": 5,
      "beta_gat_mean": 0.23609324404956694,
      "beta_gat_std": 0.06811545561669262,
      "beta_gat_se_mean": 0.007329628959817839,
      "beta_gat_ci_lower_mean": 0.22172743526828223,
      "beta_gat_ci_upper_mean": 0.2504590528308517,
      "beta_gat_best": 0.33165691236761025,
      "beta_gat_best_seed": 1,
      "beta_gap_at_best": -0.06968447855669258,
      "exceeds_hst_bound_at_best": false,
      "beta_hst_max_mean": 0.4013413909243028,
      "beta_gap_mean": -0.16524814687473588,
      "beta_gap_std": 0.06811545561669262,
      "exceeds_hst_bound_rate": 0.0,
      "convergence_warning_rate": 0.0,
      "fit_success_rate": 1.0,
      "fit_r2_mean": 0.9888728917188419,
      "unanimous_reach_consensus_rate_mean": 0.9982,
      "unanimous_correct_consensus_rate_mean": 0.9810000000000001,
      "unanimous_wrong_only_consensus_rate_mean": 0.0172,
      "unanimous_mean_first_consensus_t_mean": 14.463743422218366,
      "majority_reach_consensus_rate_mean": 1.0,
      "majority_correct_consensus_rate_mean": 0.99,
      "majority_wrong_only_consensus_rate_mean": 0.01,
      "majority_mean_first_consensus_t_mean": 1.0508
    },
    {
      "num_nodes": 100,
      "signal_quality": 0.55,
      "topology": "ws_p_0.0",
      "n_seeds": 5,
      "beta_gat_mean": 0.03539302266982573,
      "beta_gat_std": 0.0037048481557177488,
      "beta_gat_se_mean": 0.00023096218119996852,
      "beta_gat_ci_lower_mean": 0.03494034511288298,
      "beta_gat_ci_upper_mean": 0.03584570022676849,
      "beta_gat_best": 0.039608805659888884,
      "beta_gat_best_seed": 0,
      "beta_gap_at_best": -0.36173258526441393,
      "exceeds_hst_bound_at_best": false,
      "beta_hst_max_mean": 0.4013413909243028,
      "beta_gap_mean": -0.3659483682544771,
      "beta_gap_std": 0.0037048481557177505,
      "exceeds_hst_bound_rate": 0.0,
      "convergence_warning_rate": 0.0,
      "fit_success_rate": 1.0,
      "fit_r2_mean": 0.9994330208171375,
      "unanimous_reach_consensus_rate_mean": 0.648,
      "unanimous_correct_consensus_rate_mean": 0.648,
      "unanimous_wrong_only_consensus_rate_mean": 0.0,
      "unanimous_mean_first_consensus_t_mean": 70.2557415963906,
      "majority_reach_consensus_rate_mean": 1.0,
      "majority_correct_consensus_rate_mean": 1.0,
      "majority_wrong_only_consensus_rate_mean": 0.0,
      "majority_mean_first_consensus_t_mean": 1.0506
    },
    {
      "num_nodes": 100,
      "signal_quality": 0.55,
      "topology": "ws_p_0.1",
      "n_seeds": 5,
      "beta_gat_mean": 0.036193927007683126,
      "beta_gat_std": 0.00810034362494953,
      "beta_gat_se_mean": 0.00043629223137377676,
      "beta_gat_ci_lower_mean": 0.035338809947455904,
      "beta_gat_ci_upper_mean": 0.03704904406791034,
      "beta_gat_best": 0.04551079769839197,
      "beta_gat_best_seed": 3,
      "beta_gap_at_best": -0.3558305932259109,
      "exceeds_hst_bound_at_best": false,
      "beta_hst_max_mean": 0.4013413909243028,
      "beta_gap_mean": -0.36514746391661973,
      "beta_gap_std": 0.00810034362494952,
      "exceeds_hst_bound_rate": 0.0,
      "convergence_warning_rate": 0.0,
      "fit_success_rate": 1.0,
      "fit_r2_mean": 0.9975354120231131,
      "unanimous_reach_consensus_rate_mean": 0.5754,
      "unanimous_correct_consensus_rate_mean": 0.5224,
      "unanimous_wrong_only_consensus_rate_mean": 0.053000000000000005,
      "unanimous_mean_first_consensus_t_mean": 58.5296082476533,
      "majority_reach_consensus_rate_mean": 1.0,
      "majority_correct_consensus_rate_mean": 1.0,
      "majority_wrong_only_consensus_rate_mean": 0.0,
      "majority_mean_first_consensus_t_mean": 1.0422
    }
  ],
  "by_cell_key": {
    "n_100/q_0.55/complete": {
      "num_nodes": 100,
      "signal_quality": 0.55,
      "topology": "complete",
      "n_seeds": 5,
      "beta_gat_mean": 0.23609324404956694,
      "beta_gat_std": 0.06811545561669262,
      "beta_gat_se_mean": 0.007329628959817839,
      "beta_gat_ci_lower_mean": 0.22172743526828223,
      "beta_gat_ci_upper_mean": 0.2504590528308517,
      "beta_gat_best": 0.33165691236761025,
      "beta_gat_best_seed": 1,
      "beta_gap_at_best": -0.06968447855669258,
      "exceeds_hst_bound_at_best": false,
      "beta_hst_max_mean": 0.4013413909243028,
      "beta_gap_mean": -0.16524814687473588,
      "beta_gap_std": 0.06811545561669262,
      "exceeds_hst_bound_rate": 0.0,
      "convergence_warning_rate": 0.0,
      "fit_success_rate": 1.0,
      "fit_r2_mean": 0.9888728917188419,
      "unanimous_reach_consensus_rate_mean": 0.9982,
      "unanimous_correct_consensus_rate_mean": 0.9810000000000001,
      "unanimous_wrong_only_consensus_rate_mean": 0.0172,
      "unanimous_mean_first_consensus_t_mean": 14.463743422218366,
      "majority_reach_consensus_rate_mean": 1.0,
      "majority_correct_consensus_rate_mean": 0.99,
      "majority_wrong_only_consensus_rate_mean": 0.01,
      "majority_mean_first_consensus_t_mean": 1.0508
    },
    "n_100/q_0.55/ws_p_0.0": {
      "num_nodes": 100,
      "signal_quality": 0.55,
      "topology": "ws_p_0.0",
      "n_seeds": 5,
      "beta_gat_mean": 0.03539302266982573,
      "beta_gat_std": 0.0037048481557177488,
      "beta_gat_se_mean": 0.00023096218119996852,
      "beta_gat_ci_lower_mean": 0.03494034511288298,
      "beta_gat_ci_upper_mean": 0.03584570022676849,
      "beta_gat_best": 0.039608805659888884,
      "beta_gat_best_seed": 0,
      "beta_gap_at_best": -0.36173258526441393,
      "exceeds_hst_bound_at_best": false,
      "beta_hst_max_mean": 0.4013413909243028,
      "beta_gap_mean": -0.3659483682544771,
      "beta_gap_std": 0.0037048481557177505,
      "exceeds_hst_bound_rate": 0.0,
      "convergence_warning_rate": 0.0,
      "fit_success_rate": 1.0,
      "fit_r2_mean": 0.9994330208171375,
      "unanimous_reach_consensus_rate_mean": 0.648,
      "unanimous_correct_consensus_rate_mean": 0.648,
      "unanimous_wrong_only_consensus_rate_mean": 0.0,
      "unanimous_mean_first_consensus_t_mean": 70.2557415963906,
      "majority_reach_consensus_rate_mean": 1.0,
      "majority_correct_consensus_rate_mean": 1.0,
      "majority_wrong_only_consensus_rate_mean": 0.0,
      "majority_mean_first_consensus_t_mean": 1.0506
    },
    "n_100/q_0.55/ws_p_0.1": {
      "num_nodes": 100,
      "signal_quality": 0.55,
      "topology": "ws_p_0.1",
      "n_seeds": 5,
      "beta_gat_mean": 0.036193927007683126,
      "beta_gat_std": 0.00810034362494953,
      "beta_gat_se_mean": 0.00043629223137377676,
      "beta_gat_ci_lower_mean": 0.035338809947455904,
      "beta_gat_ci_upper_mean": 0.03704904406791034,
      "beta_gat_best": 0.04551079769839197,
      "beta_gat_best_seed": 3,
      "beta_gap_at_best": -0.3558305932259109,
      "exceeds_hst_bound_at_best": false,
      "beta_hst_max_mean": 0.4013413909243028,
      "beta_gap_mean": -0.36514746391661973,
      "beta_gap_std": 0.00810034362494952,
      "exceeds_hst_bound_rate": 0.0,
      "convergence_warning_rate": 0.0,
      "fit_success_rate": 1.0,
      "fit_r2_mean": 0.9975354120231131,
      "unanimous_reach_consensus_rate_mean": 0.5754,
      "unanimous_correct_consensus_rate_mean": 0.5224,
      "unanimous_wrong_only_consensus_rate_mean": 0.053000000000000005,
      "unanimous_mean_first_consensus_t_mean": 58.5296082476533,
      "majority_reach_consensus_rate_mean": 1.0,
      "majority_correct_consensus_rate_mean": 1.0,
      "majority_wrong_only_consensus_rate_mean": 0.0,
      "majority_mean_first_consensus_t_mean": 1.0422
    }
  }
}