{
  "seed": 2,
  "conditions": {
    "n_100/complete": {
      "train_loss_final": null,
      "train_loss_running_mean_final": null,
      "best_running_mean_loss": null,
      "best_episode_idx": null,
      "best_validation_error": null,
      "best_validation_episode_idx": null,
      "validation_history": [],
      "consensus": {
        "unanimous": {
          "fraction_episodes_reach_consensus": 1.0,
          "fraction_episodes_consensus_correct": 0.844,
          "fraction_episodes_consensus_wrong_only": 0.156,
          "fraction_correct_at_first_consensus": 0.844,
          "mean_first_consensus_t": 2.17,
          "median_first_consensus_t": 2.0
        },
        "majority": {
          "fraction_episodes_reach_consensus": 1.0,
          "fraction_episodes_consensus_correct": 0.844,
          "fraction_episodes_consensus_wrong_only": 0.156,
          "fraction_correct_at_first_consensus": 0.844,
          "mean_first_consensus_t": 1.059,
          "median_first_consensus_t": 1.0
        }
      },
      "beta_fit": {
        "alpha": 0.004815857074392231,
        "beta": 1.8871379997746678,
        "beta_std": 0.028952121413097564,
        "beta_ci_lower": 1.8303928845289656,
        "beta_ci_upper": 1.94388311502037,
        "epsilon_inf": 0.15599743364872273,
        "fit_success": true,
        "method": "scipy_anchored_t2",
        "rmse": 2.0888766536878392e-05,
        "r2": 0.9990744802854752,
        "fit_window_t_max": 50,
        "n_full_series": 50,
        "plateau_detected": false,
        "fit_anchor": "t2",
        "fit_start_t": 2,
        "failure_reason": ""
      },
      "beta_hst_max": 0.4013413909243028,
      "beta_gap": 1.485796608850365,
      "exceeds_hst_bound": false,
      "convergence_warning": true,
      "epsilon_series": [
        0.4498,
        0.16081,
        0.15677,
        0.15597,
        0.156,
        0.156,
        0.156,
        0.156,
        0.156,
        0.156,
        0.156,
        0.156,
        0.156,
        0.156,
        0.156,
        0.156,
        0.156,
        0.156,
        0.156,
        0.156,
        0.156,
        0.156,
        0.156,
        0.156,
        0.156,
        0.156,
        0.156,
        0.156,
        0.156,
        0.156,
        0.156,
        0.156,
        0.156,
        0.156,
        0.156,
        0.156,
        0.156,
        0.156,
        0.156,
        0.156,
        0.156,
        0.156,
        0.156,
        0.156,
        0.156,
        0.156,
        0.156,
        0.156,
        0.156,
        0.156
      ],
      "algorithm": "majority_vote",
      "learning_rate_plot": "artifacts/training_metrics_majority/grid_runs/n_100/q_0p55/seed_2/plots/n_100__complete__anchored_t2.png",
      "learning_rate_plot_anchored_t2": "artifacts/training_metrics_majority/grid_runs/n_100/q_0p55/seed_2/plots/n_100__complete__anchored_t2.png"
    },
    "n_100/ws_p_0.0_seed_2": {
      "train_loss_final": null,
      "train_loss_running_mean_final": null,
      "best_running_mean_loss": null,
      "best_episode_idx": null,
      "best_validation_error": null,
      "best_validation_episode_idx": null,
      "validation_history": [],
      "consensus": {
        "unanimous": {
          "fraction_episodes_reach_consensus": 0.0,
          "fraction_episodes_consensus_correct": 0.0,
          "fraction_episodes_consensus_wrong_only": 0.0,
          "fraction_correct_at_first_consensus": null,
          "mean_first_consensus_t": null,
          "median_first_consensus_t": null
        },
        "majority": {
          "fraction_episodes_reach_consensus": 1.0,
          "fraction_episodes_consensus_correct": 0.987,
          "fraction_episodes_consensus_wrong_only": 0.013,
          "fraction_correct_at_first_consensus": 0.856,
          "mean_first_consensus_t": 1.065,
          "median_first_consensus_t": 1.0
        }
      },
      "beta_fit": {
        "alpha": 0.1041492744459288,
        "beta": 0.042190318257965084,
        "beta_std": 0.0027509422292606375,
        "beta_ci_lower": 0.03679857056506391,
        "beta_ci_upper": 0.04758206595086626,
        "epsilon_inf": 0.2771195969942484,
        "fit_success": true,
        "method": "scipy_anchored_t2",
        "rmse": 0.006693845790858649,
        "r2": 0.9417949395322398,
        "fit_window_t_max": 100,
        "n_full_series": 100,
        "plateau_detected": false,
        "fit_anchor": "t2",
        "fit_start_t": 2,
        "failure_reason": ""
      },
      "beta_hst_max": 0.4013413909243028,
      "beta_gap": -0.3591510726663377,
      "exceeds_hst_bound": false,
      "convergence_warning": true,
      "epsilon_series": [
        0.4498,
        0.4264,
        0.39788,
        0.3738,
        0.36395,
        0.35559,
        0.35077,
        0.34707,
        0.34482,
        0.34139,
        0.33868,
        0.33622,
        0.33393,
        0.33212,
        0.33076,
        0.32843,
        0.32675,
        0.32524,
        0.32388,
        0.32206,
        0.32114,
        0.31963,
        0.31837,
        0.3173,
        0.31582,
        0.31488,
        0.31461,
        0.31289,
        0.31241,
        0.31083,
        0.31034,
        0.30904,
        0.3079,
        0.30678,
        0.30639,
        0.30547,
        0.30466,
        0.30361,
        0.30324,
        0.30187,
        0.30161,
        0.30064,
        0.29993,
        0.29928,
        0.29872,
        0.29807,
        0.29718,
        0.29647,
        0.29584,
        0.29507,
        0.2948,
        0.29398,
        0.29365,
        0.29264,
        0.29205,
        0.29135,
        0.29086,
        0.29009,
        0.29009,
        0.28924,
        0.28872,
        0.28823,
        0.28822,
        0.28726,
        0.28681,
        0.28632,
        0.28561,
        0.28529,
        0.28499,
        0.28448,
        0.28425,
        0.28382,
        0.28313,
        0.28283,
        0.28255,
        0.28188,
        0.28137,
        0.28107,
        0.28046,
        0.27986,
        0.27944,
        0.27905,
        0.27845,
        0.27805,
        0.2777,
        0.27732,
        0.27679,
        0.27653,
        0.276,
        0.27568,
        0.27562,
        0.27479,
        0.27457,
        0.27415,
        0.27376,
        0.2736,
        0.27329,
        0.27258,
        0.27233,
        0.27182
      ],
      "algorithm": "majority_vote",
      "learning_rate_plot": "artifacts/training_metrics_majority/grid_runs/n_100/q_0p55/seed_2/plots/n_100__ws_p_0.0_seed_2__anchored_t2.png",
      "learning_rate_plot_anchored_t2": "artifacts/training_metrics_majority/grid_runs/n_100/q_0p55/seed_2/plots/n_100__ws_p_0.0_seed_2__anchored_t2.png"
    },
    "n_100/ws_p_0.1_seed_2": {
      "train_loss_final": null,
      "train_loss_running_mean_final": null,
      "best_running_mean_loss": null,
      "best_episode_idx": null,
      "best_validation_error": null,
      "best_validation_episode_idx": null,
      "validation_history": [],
      "consensus": {
        "unanimous": {
          "fraction_episodes_reach_consensus": 0.0,
          "fraction_episodes_consensus_correct": 0.0,
          "fraction_episodes_consensus_wrong_only": 0.0,
          "fraction_correct_at_first_consensus": null,
          "mean_first_consensus_t": null,
          "median_first_consensus_t": null
        },
        "majority": {
          "fraction_episodes_reach_consensus": 1.0,
          "fraction_episodes_consensus_correct": 0.986,
          "fraction_episodes_consensus_wrong_only": 0.014,
          "fraction_correct_at_first_consensus": 0.855,
          "mean_first_consensus_t": 1.061,
          "median_first_consensus_t": 1.0
        }
      },
      "beta_fit": {
        "alpha": 0.10145205724989961,
        "beta": 0.04624406435956021,
        "beta_std": 0.0031583594195414505,
        "beta_ci_lower": 0.04005379364702614,
        "beta_ci_upper": 0.05243433507209428,
        "epsilon_inf": 0.27912704663032767,