{
  "seed": 4,
  "conditions": {
    "n_10/complete": {
      "train_loss_final": 0.13915227353572845,
      "train_loss_running_mean_final": 0.3434945648163557,
      "best_running_mean_loss": 0.3067229614406824,
      "best_episode_idx": 4985,
      "best_validation_error": 0.15222,
      "best_validation_episode_idx": 4799,
      "validation_history": [
        [
          99,
          0.46
        ],
        [
          199,
          0.45638
        ],
        [
          299,
          0.53938
        ],
        [
          399,
          0.46
        ],
        [
          499,
          0.46
        ],
        [
          599,
          0.46
        ],
        [
          699,
          0.46
        ],
        [
          799,
          0.46
        ],
        [
          899,
          0.46
        ],
        [
          999,
          0.46
        ],
        [
          1099,
          0.43822
        ],
        [
          1199,
          0.46
        ],
        [
          1299,
          0.43864
        ],
        [
          1399,
          0.53938
        ],
        [
          1499,
          0.4542
        ],
        [
          1599,
          0.4405
        ],
        [
          1699,
          0.45234
        ],
        [
          1799,
          0.42332
        ],
        [
          1899,
          0.4455
        ],
        [
          1999,
          0.46
        ],
        [
          2099,
          0.46
        ],
        [
          2199,
          0.41938
        ],
        [
          2299,
          0.41242
        ],
        [
          2399,
          0.43376
        ],
        [
          2499,
          0.46
        ],
        [
          2599,
          0.46
        ],
        [
          2699,
          0.37604
        ],
        [
          2799,
          0.37226
        ],
        [
          2899,
          0.53562
        ],
        [
          2999,
          0.39416
        ],
        [
          3099,
          0.3872
        ],
        [
          3199,
          0.40534
        ],
        [
          3299,
          0.24794
        ],
        [
          3399,
          0.4215
        ],
        [
          3499,
          0.45466
        ],
        [
          3599,
          0.44734
        ],
        [
          3699,
          0.23486
        ],
        [
          3799,
          0.40292
        ],
        [
          3899,
          0.20634
        ],
        [
          3999,
          0.19298
        ],
        [
          4099,
          0.2636
        ],
        [
          4199,
          0.2605
        ],
        [
          4299,
          0.19792
        ],
        [
          4399,
          0.2517
        ],
        [
          4499,
          0.23482
        ],
        [
          4599,
          0.18762
        ],
        [
          4699,
          0.18646
        ],
        [
          4799,
          0.15222
        ],
        [
          4899,
          0.2052
        ],
        [
          4999,
          0.22354
        ]
      ],
      "beta_fit": {
        "alpha": 0.4390727387763258,
        "beta": 0.06274681573399797,
        "beta_std": 0.0006610692178310426,
        "beta_ci_lower": 0.06145114387576106,
        "beta_ci_upper": 0.06404248759223488,
        "epsilon_inf": 0.060927261223674214,
        "fit_success": true,
        "method": "scipy_anchored_t0",
        "rmse": 0.004440175861587207,
        "r2": 0.9982731696332582,
        "fit_window_t_max": 56,
        "n_full_series": 100,
        "plateau_detected": true,
        "failure_reason": ""
      },
      "beta_hst_max": 0.4013413909243028,
      "beta_gap": -0.33859457519030484,
      "exceeds_hst_bound": false,
      "convergence_warning": true,
      "epsilon_series": [
        0.45380000000000004,
        0.4444,
        0.4142,
        0.39580000000000004,
        0.3733,
        0.3579,
        0.3367,
        0.32370000000000004,
        0.3059,
        0.2891,
        0.28240000000000004,
        0.26630000000000004,
        0.2569,
        0.2469,
        0.23450000000000001,
        0.2218,
        0.21330000000000002,
        0.20770000000000002,
        0.1965,
        0.18530000000000002,
        0.1802,
        0.1718,
        0.16290000000000002,
        0.16010000000000002,
        0.1569,
        0.1497,
        0.1476,
        0.1424,
        0.1359,
        0.1285,
        0.1274,
        0.12010000000000001,
        0.1206,
        0.11570000000000001,
        0.1092,
        0.1102,
        0.10500000000000001,
        0.1043,
        0.1012,
        0.09680000000000001,
        0.0941,
        0.09190000000000001,
        0.08850000000000001,
        0.0886,
        0.0873,
        0.0835,
        0.0801,
        0.08070000000000001,
        0.0776,
        0.0786,
        0.0757,
        0.0736,
        0.0746,
        0.0733,
        0.0737,
        0.0697,
        0.0668,
        0.0679,
        0.0664,
        0.067,
        0.06760000000000001,
        0.064,
        0.0637,
        0.0632,
        0.0606,
        0.062,
        0.059800000000000006,
        0.060200000000000004,
        0.058600000000000006,
        0.056400000000000006,
        0.0591,
        0.0579,
        0.0596,
        0.057100000000000005,
        0.059000000000000004,
        0.0575,
        0.057800000000000004,
        0.0563,
        0.054900000000000004,
        0.0567,
        0.0543,
        0.056600000000000004,
        0.0589,
        0.0591,
        0.057800000000000004,
        0.0592,
        0.058,
        0.0567,
        0.0553,
        0.0555,
        0.0555,
        0.0536,
        0.0548,
        0.055200000000000006,
        0.0528,
        0.053000000000000005,
        0.0526,
        0.0521,
        0.0522,
        0.052500000000000005
      ],
      "learning_rate_plot": "artifacts/training_metrics_fair/grid_runs/n_10/q_0p55/seed_4/plots/n_10__complete__anchored_t0.png",
      "learning_rate_plot_anchored_t0": "artifacts/training_metrics_fair/grid_runs/n_10/q_0p55/seed_4/plots/n_10__complete__anchored_t0.png",
      "train_loss_plot": "artifacts/training_metrics_fair/grid_runs/n_10/q_0p55/seed_4/plots/n_10__complete__train_loss.png"
    },
    "n_10/ws_p_0.0_seed_4": {
      "train_loss_final": 0.16881036758422852,
      "train_loss_running_mean_final": 0.4219889009743929,
      "best_running_mean_loss": 0.38224362917244437,
      "best_episode_idx": 4478,
      "best_validation_error": 0.1932,
      "best_validation_episode_idx": 4599,