{
  "seed": 1,
  "conditions": {
    "n_10/complete": {
      "train_loss_final": 0.038240447640419006,
      "train_loss_running_mean_final": 0.11847805371508002,
      "best_running_mean_loss": 0.06796764777973294,
      "best_episode_idx": 4661,
      "best_validation_error": 0.02394,
      "best_validation_episode_idx": 4999,
      "validation_history": [
        [
          99,
          0.42898
        ],
        [
          199,
          0.30352
        ],
        [
          299,
          0.59784
        ],
        [
          399,
          0.38986
        ],
        [
          499,
          0.39176
        ],
        [
          599,
          0.40988
        ],
        [
          699,
          0.39642
        ],
        [
          799,
          0.037
        ],
        [
          899,
          0.3946
        ],
        [
          999,
          0.39276
        ],
        [
          1099,
          0.03052
        ],
        [
          1199,
          0.25926
        ],
        [
          1299,
          0.07782
        ],
        [
          1399,
          0.39798
        ],
        [
          1499,
          0.27788
        ],
        [
          1599,
          0.03508
        ],
        [
          1699,
          0.05048
        ],
        [
          1799,
          0.0656
        ],
        [
          1899,
          0.04458
        ],
        [
          1999,
          0.1157
        ],
        [
          2099,
          0.04622
        ],
        [
          2199,
          0.0447
        ],
        [
          2299,
          0.32094
        ],
        [
          2399,
          0.04594
        ],
        [
          2499,
          0.03242
        ],
        [
          2599,
          0.21612
        ],
        [
          2699,
          0.05008
        ],
        [
          2799,
          0.03232
        ],
        [
          2899,
          0.0293
        ],
        [
          2999,
          0.33262
        ],
        [
          3099,
          0.0701
        ],
        [
          3199,
          0.04426
        ],
        [
          3299,
          0.0291
        ],
        [
          3399,
          0.1343
        ],
        [
          3499,
          0.02966
        ],
        [
          3599,
          0.031
        ],
        [
          3699,
          0.03434
        ],
        [
          3799,
          0.03102
        ],
        [
          3899,
          0.02944
        ],
        [
          3999,
          0.03498
        ],
        [
          4099,
          0.02918
        ],
        [
          4199,
          0.44302
        ],
        [
          4299,
          0.04384
        ],
        [
          4399,
          0.04138
        ],
        [
          4499,
          0.06468
        ],
        [
          4599,
          0.02668
        ],
        [
          4699,
          0.11194
        ],
        [
          4799,
          0.02584
        ],
        [
          4899,
          0.0325
        ],
        [
          4999,
          0.02394
        ]
      ],
      "beta_fit": {
        "alpha": 0.47093104504298755,
        "beta": 0.21281234746110847,
        "beta_std": 0.007839371241369632,
        "beta_ci_lower": 0.19744746216658493,
        "beta_ci_upper": 0.228177232755632,
        "epsilon_inf": 0.02906895495701244,
        "fit_success": true,
        "method": "scipy_anchored_t0",
        "rmse": 0.012350176707501857,
        "r2": 0.983935727893684,
        "fit_window_t_max": 25,
        "n_full_series": 100,
        "plateau_detected": true,
        "failure_reason": ""
      },
      "beta_hst_max": 0.8109302162163284,
      "beta_gap": -0.59811786875522,
      "exceeds_hst_bound": false,
      "convergence_warning": false,
      "epsilon_series": [
        0.39830000000000004,
        0.29660000000000003,
        0.26430000000000003,
        0.2157,
        0.194,
        0.1637,
        0.14400000000000002,
        0.1301,
        0.1114,
        0.0975,
        0.0888,
        0.0765,
        0.06760000000000001,
        0.060000000000000005,
        0.051800000000000006,
        0.0478,
        0.042,
        0.037700000000000004,
        0.0339,
        0.0296,
        0.029,
        0.025900000000000003,
        0.022600000000000002,
        0.0205,
        0.0175,
        0.016,
        0.0142,
        0.013000000000000001,
        0.0118,
        0.0099,
        0.0102,
        0.0088,
        0.0077,
        0.006500000000000001,
        0.0061,
        0.0047,
        0.004200000000000001,
        0.0037,
        0.003,
        0.0021000000000000003,
        0.0024000000000000002,
        0.0029000000000000002,
        0.0026000000000000003,
        0.0022,
        0.0017000000000000001,
        0.0016,
        0.001,
        0.0011,
        0.0008,
        0.0008,
        0.001,
        0.0006000000000000001,
        0.0005,
        0.0005,
        0.0002,
        0.0006000000000000001,
        0.0004,
        0.0002,
        0.0002,
        0.00030000000000000003,
        0.0007,
        0.0005,
        0.00030000000000000003,
        0.0002,
        0.00030000000000000003,
        0.0002,
        0.0002,
        0.0004,
        0.00030000000000000003,
        0.0002,
        0.0002,
        0.0005,
        0.0002,
        0.0001,
        0.0004,
        0.0002,
        0.0004,
        0.0002,
        0.00030000000000000003,
        0.0002,
        0.0002,
        0.0001,
        0.00030000000000000003,
        0.00030000000000000003,
        0.0005,
        0.00030000000000000003,
        0.00030000000000000003,
        0.0004,
        0.0004,
        0.00030000000000000003,
        0.0005,
        0.00030000000000000003,
        0.0002,
        0.0002,
        0.0001,
        0.0002,
        0.00030000000000000003,
        0.0004,
        0.0002,
        0.00030000000000000003
      ],
      "learning_rate_plot": "artifacts/training_metrics_fair/grid_runs/n_10/q_0p6/seed_1/plots/n_10__complete__anchored_t0.png",
      "learning_rate_plot_anchored_t0": "artifacts/training_metrics_fair/grid_runs/n_10/q_0p6/seed_1/plots/n_10__complete__anchored_t0.png",
      "train_loss_plot": "artifacts/training_metrics_fair/grid_runs/n_10/q_0p6/seed_1/plots/n_10__complete__train_loss.png"
    },
    "n_10/ws_p_0.0_seed_1": {
      "train_loss_final": 0.03809630498290062,
      "train_loss_running_mean_final": 0.13682220349088312,
      "best_running_mean_loss": 0.08923659348860383,
      "best_episode_idx": 4674,
      "best_validation_error": 0.03648,
      "best_validation_episode_idx": 4699,