{
  "seed": 3,
  "conditions": {
    "n_10/complete": {
      "train_loss_final": 0.734609067440033,
      "train_loss_running_mean_final": 0.6911855584383011,
      "best_running_mean_loss": 0.6805778801441192,
      "best_episode_idx": 2946,
      "best_validation_error": 0.43868,
      "best_validation_episode_idx": 4499,
      "validation_history": [
        [
          99,
          0.44
        ],
        [
          199,
          0.44
        ],
        [
          299,
          0.56
        ],
        [
          399,
          0.52824
        ],
        [
          499,
          0.48112
        ],
        [
          599,
          0.44
        ],
        [
          699,
          0.56
        ],
        [
          799,
          0.48112
        ],
        [
          899,
          0.56
        ],
        [
          999,
          0.56
        ],
        [
          1099,
          0.56
        ],
        [
          1199,
          0.56
        ],
        [
          1299,
          0.56
        ],
        [
          1399,
          0.56
        ],
        [
          1499,
          0.48
        ],
        [
          1599,
          0.56
        ],
        [
          1699,
          0.56
        ],
        [
          1799,
          0.56
        ],
        [
          1899,
          0.44
        ],
        [
          1999,
          0.44
        ],
        [
          2099,
          0.45008
        ],
        [
          2199,
          0.44
        ],
        [
          2299,
          0.48
        ],
        [
          2399,
          0.44
        ],
        [
          2499,
          0.44
        ],
        [
          2599,
          0.48
        ],
        [
          2699,
          0.48
        ],
        [
          2799,
          0.44
        ],
        [
          2899,
          0.44
        ],
        [
          2999,
          0.44
        ],
        [
          3099,
          0.44
        ],
        [
          3199,
          0.44
        ],
        [
          3299,
          0.44
        ],
        [
          3399,
          0.44
        ],
        [
          3499,
          0.44
        ],
        [
          3599,
          0.44
        ],
        [
          3699,
          0.44
        ],
        [
          3799,
          0.48
        ],
        [
          3899,
          0.48
        ],
        [
          3999,
          0.48
        ],
        [
          4099,
          0.47352
        ],
        [
          4199,
          0.4512
        ],
        [
          4299,
          0.44
        ],
        [
          4399,
          0.44
        ],
        [
          4499,
          0.43868
        ],
        [
          4599,
          0.43928
        ],
        [
          4699,
          0.45356
        ],
        [
          4799,
          0.48
        ],
        [
          4899,
          0.48
        ],
        [
          4999,
          0.44
        ]
      ],
      "consensus": {
        "unanimous": {
          "fraction_episodes_reach_consensus": 1.0,
          "fraction_episodes_consensus_correct": 0.515,
          "fraction_episodes_consensus_wrong_only": 0.485,
          "fraction_correct_at_first_consensus": 0.515,
          "mean_first_consensus_t": 1.0,
          "median_first_consensus_t": 1.0
        },
        "majority": {
          "fraction_episodes_reach_consensus": 1.0,
          "fraction_episodes_consensus_correct": 0.56,
          "fraction_episodes_consensus_wrong_only": 0.44,
          "fraction_correct_at_first_consensus": 0.515,
          "mean_first_consensus_t": 1.0,
          "median_first_consensus_t": 1.0
        }
      },
      "beta_fit": {
        "alpha": 0.46482029,
        "beta": 0.0,
        "beta_std": NaN,
        "beta_ci_lower": NaN,
        "beta_ci_upper": NaN,
        "epsilon_inf": 0.03517971,
        "fit_success": false,
        "method": "anchored_t2_log_linear_fallback",
        "rmse": 0.02793557946418865,
        "r2": -37.04540351606569,
        "fit_window_t_max": 50,
        "n_full_series": 50,
        "plateau_detected": false,
        "fit_anchor": "t2",
        "failure_reason": "poor_fit_r2"
      },
      "beta_hst_max": 0.16008541534707313,
      "beta_gap": null,
      "exceeds_hst_bound": null,
      "convergence_warning": false,
      "epsilon_series": [
        0.48500000000000004,
        0.48500000000000004,
        0.4746,
        0.4732,
        0.4767,
        0.4722,
        0.4697,
        0.4632,
        0.4672,
        0.4662,
        0.47090000000000004,
        0.4737,
        0.468,
        0.468,
        0.47450000000000003,
        0.47150000000000003,
        0.4711,
        0.47190000000000004,
        0.4788,
        0.4766,
        0.46990000000000004,
        0.4697,
        0.46490000000000004,
        0.4635,
        0.4662,
        0.46590000000000004,
        0.4708,
        0.47140000000000004,
        0.4716,
        0.4681,
        0.47350000000000003,
        0.4757,
        0.47290000000000004,
        0.47540000000000004,
        0.47150000000000003,
        0.4753,
        0.47350000000000003,
        0.4752,
        0.47800000000000004,
        0.4746,
        0.4721,
        0.47740000000000005,
        0.47550000000000003,
        0.4716,
        0.4728,
        0.4751,
        0.4783,
        0.4733,
        0.4697,
        0.4703
      ],
      "learning_rate_plot": "artifacts/training_metrics_fair/grid_runs/n_10/q_0p52/seed_3/plots/n_10__complete__anchored_t0.png",
      "learning_rate_plot_anchored_t0": "artifacts/training_metrics_fair/grid_runs/n_10/q_0p52/seed_3/plots/n_10__complete__anchored_t0.png",
      "train_loss_plot": "artifacts/training_metrics_fair/grid_runs/n_10/q_0p52/seed_3/plots/n_10__complete__train_loss.png",
      "learning_rate_plot_anchored_t2": "artifacts/anchor_t2/training_metrics_fair/grid_runs/n_10/q_0p52/seed_3/plots/n_10__complete__anchored_t2.png"
    },
    "n_10/ws_p_0.0_seed_3": {
      "train_loss_final": 0.7320467829704285,
      "train_loss_running_mean_final": 0.6913912731409073,
      "best_running_mean_loss": 0.6814300274848938,
      "best_episode_idx": 2946,
      "best_validation_error": 0.4388,
      "best_validation_episode_idx": 2299,