{
  "num_records": 15,
  "num_seeds": 5,
  "seeds": [
    0,
    1,
    2,
    3,
    4
  ],
  "cells": [
    {
      "num_nodes": 1000,
      "signal_quality": 0.55,
      "topology": "complete",
      "n_seeds": 5,
      "beta_gat_mean": 0.5967776828563547,
      "beta_gat_std": 0.1275670799879845,
      "beta_gat_se_mean": 0.0667999756220344,
      "beta_gat_ci_lower_mean": 0.4658521364690137,
      "beta_gat_ci_upper_mean": 0.7277032292436958,
      "beta_gat_best": 0.7916810336612521,
      "beta_gat_best_seed": 4,
      "beta_gap_at_best": 0.39033964273694927,
      "exceeds_hst_bound_at_best": true,
      "beta_hst_max_mean": 0.4013413909243028,
      "beta_gap_mean": 0.19543629193205195,
      "beta_gap_std": 0.1275670799879845,
      "exceeds_hst_bound_rate": 1.0,
      "convergence_warning_rate": 0.0,
      "fit_success_rate": 1.0,
      "fit_r2_mean": 0.9831890315154267,
      "unanimous_reach_consensus_rate_mean": 1.0,
      "unanimous_correct_consensus_rate_mean": 0.9992000000000001,
      "unanimous_wrong_only_consensus_rate_mean": 0.0008,
      "unanimous_mean_first_consensus_t_mean": 8.0146,
      "majority_reach_consensus_rate_mean": 1.0,
      "majority_correct_consensus_rate_mean": 0.9997999999999999,
      "majority_wrong_only_consensus_rate_mean": 0.0002,
      "majority_mean_first_consensus_t_mean": 1.0004
    },
    {
      "num_nodes": 1000,
      "signal_quality": 0.55,
      "topology": "ws_p_0.0",
      "n_seeds": 5,
      "beta_gat_mean": 0.04524838645524089,
      "beta_gat_std": 0.005496453410813133,
      "beta_gat_se_mean": 0.000320713098639926,
      "beta_gat_ci_lower_mean": 0.04461980033253639,
      "beta_gat_ci_upper_mean": 0.04587697257794539,
      "beta_gat_best": 0.05341407257714707,
      "beta_gat_best_seed": 0,
      "beta_gap_at_best": -0.34792731834715573,
      "exceeds_hst_bound_at_best": false,
      "beta_hst_max_mean": 0.4013413909243028,
      "beta_gap_mean": -0.3560930044690619,
      "beta_gap_std": 0.00549645341081314,
      "exceeds_hst_bound_rate": 0.0,
      "convergence_warning_rate": 0.0,
      "fit_success_rate": 1.0,
      "fit_r2_mean": 0.9990800897378465,
      "unanimous_reach_consensus_rate_mean": 0.3794,
      "unanimous_correct_consensus_rate_mean": 0.2998,
      "unanimous_wrong_only_consensus_rate_mean": 0.0796,
      "unanimous_mean_first_consensus_t_mean": 70.33385283546555,
      "majority_reach_consensus_rate_mean": 1.0,
      "majority_correct_consensus_rate_mean": 1.0,
      "majority_wrong_only_consensus_rate_mean": 0.0,
      "majority_mean_first_consensus_t_mean": 1.0002
    },
    {
      "num_nodes": 1000,
      "signal_quality": 0.55,
      "topology": "ws_p_0.1",
      "n_seeds": 5,
      "beta_gat_mean": 0.04498004040197055,
      "beta_gat_std": 0.003098851356579998,
      "beta_gat_se_mean": 0.00017426239939877095,
      "beta_gat_ci_lower_mean": 0.04463849237528943,
      "beta_gat_ci_upper_mean": 0.04532158842865168,
      "beta_gat_best": 0.04780551350882276,
      "beta_gat_best_seed": 1,
      "beta_gap_at_best": -0.35353587741548004,
      "exceeds_hst_bound_at_best": false,
      "beta_hst_max_mean": 0.4013413909243028,
      "beta_gap_mean": -0.35636135052233225,
      "beta_gap_std": 0.0030988513565799887,
      "exceeds_hst_bound_rate": 0.0,
      "convergence_warning_rate": 0.0,
      "fit_success_rate": 1.0,
      "fit_r2_mean": 0.9997327668761326,
      "unanimous_reach_consensus_rate_mean": 0.091,
      "unanimous_correct_consensus_rate_mean": 0.091,
      "unanimous_wrong_only_consensus_rate_mean": 0.0,
      "unanimous_mean_first_consensus_t_mean": 91.20880581013004,
      "majority_reach_consensus_rate_mean": 1.0,
      "majority_correct_consensus_rate_mean": 1.0,
      "majority_wrong_only_consensus_rate_mean": 0.0,
      "majority_mean_first_consensus_t_mean": 1.0004
    }
  ],
  "by_cell_key": {
    "n_1000/q_0.55/complete": {
      "num_nodes": 1000,
      "signal_quality": 0.55,
      "topology": "complete",
      "n_seeds": 5,
      "beta_gat_mean": 0.5967776828563547,
      "beta_gat_std": 0.1275670799879845,
      "beta_gat_se_mean": 0.0667999756220344,
      "beta_gat_ci_lower_mean": 0.4658521364690137,
      "beta_gat_ci_upper_mean": 0.7277032292436958,
      "beta_gat_best": 0.7916810336612521,
      "beta_gat_best_seed": 4,
      "beta_gap_at_best": 0.39033964273694927,
      "exceeds_hst_bound_at_best": true,
      "beta_hst_max_mean": 0.4013413909243028,
      "beta_gap_mean": 0.19543629193205195,
      "beta_gap_std": 0.1275670799879845,
      "exceeds_hst_bound_rate": 1.0,
      "convergence_warning_rate": 0.0,
      "fit_success_rate": 1.0,
      "fit_r2_mean": 0.9831890315154267,
      "unanimous_reach_consensus_rate_mean": 1.0,
      "unanimous_correct_consensus_rate_mean": 0.9992000000000001,
      "unanimous_wrong_only_consensus_rate_mean": 0.0008,
      "unanimous_mean_first_consensus_t_mean": 8.0146,
      "majority_reach_consensus_rate_mean": 1.0,
      "majority_correct_consensus_rate_mean": 0.9997999999999999,
      "majority_wrong_only_consensus_rate_mean": 0.0002,
      "majority_mean_first_consensus_t_mean": 1.0004
    },
    "n_1000/q_0.55/ws_p_0.0": {
      "num_nodes": 1000,
      "signal_quality": 0.55,
      "topology": "ws_p_0.0",
      "n_seeds": 5,
      "beta_gat_mean": 0.04524838645524089,
      "beta_gat_std": 0.005496453410813133,
      "beta_gat_se_mean": 0.000320713098639926,
      "beta_gat_ci_lower_mean": 0.04461980033253639,
      "beta_gat_ci_upper_mean": 0.04587697257794539,
      "beta_gat_best": 0.05341407257714707,
      "beta_gat_best_seed": 0,
      "beta_gap_at_best": -0.34792731834715573,
      "exceeds_hst_bound_at_best": false,
      "beta_hst_max_mean": 0.4013413909243028,
      "beta_gap_mean": -0.3560930044690619,
      "beta_gap_std": 0.00549645341081314,
      "exceeds_hst_bound_rate": 0.0,
      "convergence_warning_rate": 0.0,
      "fit_success_rate": 1.0,
      "fit_r2_mean": 0.9990800897378465,
      "unanimous_reach_consensus_rate_mean": 0.3794,
      "unanimous_correct_consensus_rate_mean": 0.2998,
      "unanimous_wrong_only_consensus_rate_mean": 0.0796,
      "unanimous_mean_first_consensus_t_mean": 70.33385283546555,
      "majority_reach_consensus_rate_mean": 1.0,
      "majority_correct_consensus_rate_mean": 1.0,
      "majority_wrong_only_consensus_rate_mean": 0.0,
      "majority_mean_first_consensus_t_mean": 1.0002
    },
    "n_1000/q_0.55/ws_p_0.1": {
      "num_nodes": 1000,
      "signal_quality": 0.55,
      "topology": "ws_p_0.1",
      "n_seeds": 5,
      "beta_gat_mean": 0.04498004040197055,
      "beta_gat_std": 0.003098851356579998,
      "beta_gat_se_mean": 0.00017426239939877095,
      "beta_gat_ci_lower_mean": 0.04463849237528943,
      "beta_gat_ci_upper_mean": 0.04532158842865168,
      "beta_gat_best": 0.04780551350882276,
      "beta_gat_best_seed": 1,
      "beta_gap_at_best": -0.35353587741548004,
      "exceeds_hst_bound_at_best": false,
      "beta_hst_max_mean": 0.4013413909243028,
      "beta_gap_mean": -0.35636135052233225,
      "beta_gap_std": 0.0030988513565799887,
      "exceeds_hst_bound_rate": 0.0,
      "convergence_warning_rate": 0.0,
      "fit_success_rate": 1.0,
      "fit_r2_mean": 0.9997327668761326,
      "unanimous_reach_consensus_rate_mean": 0.091,
      "unanimous_correct_consensus_rate_mean": 0.091,
      "unanimous_wrong_only_consensus_rate_mean": 0.0,
      "unanimous_mean_first_consensus_t_mean": 91.20880581013004,
      "majority_reach_consensus_rate_mean": 1.0,
      "majority_correct_consensus_rate_mean": 1.0,
      "majority_wrong_only_consensus_rate_mean": 0.0,
      "majority_mean_first_consensus_t_mean": 1.0004
    }
  }
}