{
  "seed": 1,
  "conditions": {
    "n_10/complete": {
      "train_loss_final": null,
      "train_loss_running_mean_final": null,
      "best_running_mean_loss": null,
      "best_episode_idx": null,
      "best_validation_error": null,
      "best_validation_episode_idx": null,
      "validation_history": [],
      "consensus": {
        "unanimous": {
          "fraction_episodes_reach_consensus": 1.0,
          "fraction_episodes_consensus_correct": 0.994,
          "fraction_episodes_consensus_wrong_only": 0.006,
          "fraction_correct_at_first_consensus": 0.994,
          "mean_first_consensus_t": 1.97,
          "median_first_consensus_t": 2.0
        },
        "majority": {
          "fraction_episodes_reach_consensus": 1.0,
          "fraction_episodes_consensus_correct": 0.994,
          "fraction_episodes_consensus_wrong_only": 0.006,
          "fraction_correct_at_first_consensus": 0.994,
          "mean_first_consensus_t": 1.042,
          "median_first_consensus_t": 1.0
        }
      },
      "beta_fit": {
        "alpha": 0.013305152672353316,
        "beta": 2.9724247642717385,
        "beta_std": 0.05095850211733664,
        "beta_ci_lower": 2.8725479354156507,
        "beta_ci_upper": 3.0723015931278264,
        "epsilon_inf": 0.005995452541124896,
        "fit_success": true,
        "method": "scipy_anchored_t2",
        "rmse": 3.336076761556695e-05,
        "r2": 0.9996857430432786,
        "fit_window_t_max": 50,
        "n_full_series": 50,
        "plateau_detected": false,
        "fit_anchor": "t2",
        "fit_start_t": 2,
        "failure_reason": ""
      },
      "beta_hst_max": 2.7725887222397816,
      "beta_gap": 0.19983604203195693,
      "exceeds_hst_bound": true,
      "convergence_warning": false,
      "epsilon_series": [
        0.2023,
        0.0193,
        0.0067,
        0.0058,
        0.006,
        0.006,
        0.006,
        0.006,
        0.006,
        0.006,
        0.006,
        0.006,
        0.006,
        0.006,
        0.006,
        0.006,
        0.006,
        0.006,
        0.006,
        0.006,
        0.006,
        0.006,
        0.006,
        0.006,
        0.006,
        0.006,
        0.006,
        0.006,
        0.006,
        0.006,
        0.006,
        0.006,
        0.006,
        0.006,
        0.006,
        0.006,
        0.006,
        0.006,
        0.006,
        0.006,
        0.006,
        0.006,
        0.006,
        0.006,
        0.006,
        0.006,
        0.006,
        0.006,
        0.006,
        0.006
      ],
      "algorithm": "majority_vote",
      "learning_rate_plot": "artifacts/training_metrics_majority/grid_runs/n_10/q_0p8/seed_1/plots/n_10__complete__anchored_t2.png",
      "learning_rate_plot_anchored_t2": "artifacts/training_metrics_majority/grid_runs/n_10/q_0p8/seed_1/plots/n_10__complete__anchored_t2.png"
    },
    "n_10/ws_p_0.0_seed_1": {
      "train_loss_final": null,
      "train_loss_running_mean_final": null,
      "best_running_mean_loss": null,
      "best_episode_idx": null,
      "best_validation_error": null,
      "best_validation_episode_idx": null,
      "validation_history": [],
      "consensus": {
        "unanimous": {
          "fraction_episodes_reach_consensus": 1.0,
          "fraction_episodes_consensus_correct": 1.0,
          "fraction_episodes_consensus_wrong_only": 0.0,
          "fraction_correct_at_first_consensus": 1.0,
          "mean_first_consensus_t": 3.003,
          "median_first_consensus_t": 3.0
        },
        "majority": {
          "fraction_episodes_reach_consensus": 1.0,
          "fraction_episodes_consensus_correct": 1.0,
          "fraction_episodes_consensus_wrong_only": 0.0,
          "fraction_correct_at_first_consensus": 0.997,
          "mean_first_consensus_t": 1.045,
          "median_first_consensus_t": 1.0
        }
      },
      "beta_fit": {
        "alpha": 0.10413051645429718,
        "beta": 1.0146524952204437,
        "beta_std": 0.023688795472976674,
        "beta_ci_lower": 0.9682233092562739,
        "beta_ci_upper": 1.0610816811846133,
        "epsilon_inf": 0.0006750176037352303,
        "fit_success": true,
        "method": "scipy_anchored_t2",
        "rmse": 0.0010356048115168531,
        "r2": 0.9962127542999839,
        "fit_window_t_max": 43,
        "n_full_series": 50,
        "plateau_detected": true,
        "fit_anchor": "t2",
        "fit_start_t": 2,
        "failure_reason": ""
      },
      "beta_hst_max": 2.7725887222397816,
      "beta_gap": -1.757936227019338,
      "exceeds_hst_bound": false,
      "convergence_warning": false,
      "epsilon_series": [
        0.2023,
        0.1052,
        0.0371,
        0.0135,
        0.0083,
        0.0051,
        0.0044,
        0.0033,
        0.0027,
        0.0022,
        0.0016,
        0.001,
        0.0006,
        0.0005,
        0.0003,
        0.0003,
        0.0002,
        0.0003,
        0.0004,
        0.0003,
        0.0003,
        0.0002,
        0.0002,
        0.0002,
        0.0002,
        0.0002,
        0.0002,
        0.0002,
        0.0002,
        0.0002,
        0.0002,
        0.0002,
        0.0002,
        0.0002,
        0.0002,
        0.0002,
        0.0002,
        0.0002,
        0.0002,
        0.0002,
        0.0001,
        0.0001,
        0.0001,
        0.0,
        0.0,
        0.0,
        0.0,
        0.0,
        0.0,
        0.0
      ],
      "algorithm": "majority_vote",
      "learning_rate_plot": "artifacts/training_metrics_majority/grid_runs/n_10/q_0p8/seed_1/plots/n_10__ws_p_0.0_seed_1__anchored_t2.png",
      "learning_rate_plot_anchored_t2": "artifacts/training_metrics_majority/grid_runs/n_10/q_0p8/seed_1/plots/n_10__ws_p_0.0_seed_1__anchored_t2.png"
    },
    "n_10/ws_p_0.1_seed_1": {
      "train_loss_final": null,
      "train_loss_running_mean_final": null,
      "best_running_mean_loss": null,
      "best_episode_idx": null,
      "best_validation_error": null,
      "best_validation_episode_idx": null,
      "validation_history": [],
      "consensus": {
        "unanimous": {
          "fraction_episodes_reach_consensus": 0.998,
          "fraction_episodes_consensus_correct": 0.998,
          "fraction_episodes_consensus_wrong_only": 0.0,
          "fraction_correct_at_first_consensus": 1.0,
          "mean_first_consensus_t": 3.0250501002004007,
          "median_first_consensus_t": 3.0
        },
        "majority": {
          "fraction_episodes_reach_consensus": 1.0,
          "fraction_episodes_consensus_correct": 1.0,
          "fraction_episodes_consensus_wrong_only": 0.0,
          "fraction_correct_at_first_consensus": 0.996,
          "mean_first_consensus_t": 1.043,
          "median_first_consensus_t": 1.0
        }
      },
      "beta_fit": {
        "alpha": 0.1088701938644611,
        "beta": 0.9932208363006352,
        "beta_std": 0.018469997703202425,
        "beta_ci_lower": 0.957020306007821,
        "beta_ci_upper": 1.0294213665934495,
        "epsilon_inf": 0.0011894973238155274,
        "fit_success": true,
        "method": "scipy_anchored_t2",
        "rmse": 0.0008792091025296033,
        "r2": 0.9971228505420373,
        "fit_window_t_max": 50,
        "n_full_series": 50,
        "plateau_detected": false,
        "fit_anchor": "t2",
        "fit_start_t": 2,
        "failure_reason": ""
      },
      "beta_hst_max": 2.7725887222397816,
      "beta_gap": -1.7793678859391464,
      "exceeds_hst_bound": false,
      "convergence_warning": false,