{
  "seed": 3,
  "conditions": {
    "n_10/complete": {
      "train_loss_final": 0.770699679851532,
      "train_loss_running_mean_final": 0.6891584688425064,
      "best_running_mean_loss": 0.6726075857877731,
      "best_episode_idx": 2946,
      "best_validation_error": 0.42776,
      "best_validation_episode_idx": 4999,
      "validation_history": [
        [
          99,
          0.44
        ],
        [
          199,
          0.4434
        ],
        [
          299,
          0.56
        ],
        [
          399,
          0.48244
        ],
        [
          499,
          0.45556
        ],
        [
          599,
          0.44128
        ],
        [
          699,
          0.5474
        ],
        [
          799,
          0.48
        ],
        [
          899,
          0.56
        ],
        [
          999,
          0.56
        ],
        [
          1099,
          0.56
        ],
        [
          1199,
          0.52104
        ],
        [
          1299,
          0.56
        ],
        [
          1399,
          0.5152
        ],
        [
          1499,
          0.45692
        ],
        [
          1599,
          0.48
        ],
        [
          1699,
          0.56
        ],
        [
          1799,
          0.55904
        ],
        [
          1899,
          0.44
        ],
        [
          1999,
          0.44036
        ],
        [
          2099,
          0.48
        ],
        [
          2199,
          0.48
        ],
        [
          2299,
          0.47824
        ],
        [
          2399,
          0.47864
        ],
        [
          2499,
          0.48
        ],
        [
          2599,
          0.48988
        ],
        [
          2699,
          0.48
        ],
        [
          2799,
          0.44076
        ],
        [
          2899,
          0.44172
        ],
        [
          2999,
          0.43816
        ],
        [
          3099,
          0.43876
        ],
        [
          3199,
          0.43816
        ],
        [
          3299,
          0.44784
        ],
        [
          3399,
          0.43768
        ],
        [
          3499,
          0.43896
        ],
        [
          3599,
          0.44364
        ],
        [
          3699,
          0.47636
        ],
        [
          3799,
          0.4902
        ],
        [
          3899,
          0.5114
        ],
        [
          3999,
          0.45724
        ],
        [
          4099,
          0.43432
        ],
        [
          4199,
          0.4362
        ],
        [
          4299,
          0.43532
        ],
        [
          4399,
          0.43696
        ],
        [
          4499,
          0.4284
        ],
        [
          4599,
          0.43504
        ],
        [
          4699,
          0.44184
        ],
        [
          4799,
          0.44148
        ],
        [
          4899,
          0.43288
        ],
        [
          4999,
          0.42776
        ]
      ],
      "consensus": {
        "unanimous": {
          "fraction_episodes_reach_consensus": 0.88,
          "fraction_episodes_consensus_correct": 0.503,
          "fraction_episodes_consensus_wrong_only": 0.377,
          "fraction_correct_at_first_consensus": 0.571590909090909,
          "mean_first_consensus_t": 18.7375,
          "median_first_consensus_t": 16.0
        },
        "majority": {
          "fraction_episodes_reach_consensus": 1.0,
          "fraction_episodes_consensus_correct": 0.789,
          "fraction_episodes_consensus_wrong_only": 0.211,
          "fraction_correct_at_first_consensus": 0.585,
          "mean_first_consensus_t": 1.23,
          "median_first_consensus_t": 1.0
        }
      },
      "beta_fit": {
        "alpha": 0.056600474899999975,
        "beta": 0.015807587113158255,
        "beta_std": NaN,
        "beta_ci_lower": NaN,
        "beta_ci_upper": NaN,
        "epsilon_inf": 0.4433995251,
        "fit_success": false,
        "method": "anchored_t2_log_linear_fallback",
        "rmse": 0.032193514309697004,
        "r2": -21.255248092748023,
        "fit_window_t_max": 50,
        "n_full_series": 50,
        "plateau_detected": false,
        "fit_anchor": "t2",
        "failure_reason": "poor_fit_r2"
      },
      "beta_hst_max": 0.16008541534707313,
      "beta_gap": null,
      "exceeds_hst_bound": null,
      "convergence_warning": true,
      "epsilon_series": [
        0.47490000000000004,
        0.46840000000000004,
        0.47150000000000003,
        0.46430000000000005,
        0.4665,
        0.4534,
        0.4544,
        0.45220000000000005,
        0.4535,
        0.4501,
        0.44980000000000003,
        0.4509,
        0.44420000000000004,
        0.447,
        0.44920000000000004,
        0.4456,
        0.445,
        0.4474,
        0.4519,
        0.4531,
        0.44670000000000004,
        0.4534,
        0.4456,
        0.4475,
        0.4444,
        0.4444,
        0.446,
        0.4434,
        0.44530000000000003,
        0.4439,
        0.4476,
        0.4484,
        0.4481,
        0.4465,
        0.44520000000000004,
        0.44730000000000003,
        0.45020000000000004,
        0.4524,
        0.4511,
        0.45030000000000003,
        0.448,
        0.4511,
        0.4536,
        0.4516,
        0.45030000000000003,
        0.4504,
        0.4524,
        0.44980000000000003,
        0.4494,
        0.4525
      ],
      "learning_rate_plot": "artifacts/training_metrics_vector/grid_runs/n_10/q_0p52/seed_3/plots/n_10__complete__anchored_t0.png",
      "learning_rate_plot_anchored_t0": "artifacts/training_metrics_vector/grid_runs/n_10/q_0p52/seed_3/plots/n_10__complete__anchored_t0.png",
      "train_loss_plot": "artifacts/training_metrics_vector/grid_runs/n_10/q_0p52/seed_3/plots/n_10__complete__train_loss.png",
      "learning_rate_plot_anchored_t2": "artifacts/anchor_t2/training_metrics_vector/grid_runs/n_10/q_0p52/seed_3/plots/n_10__complete__anchored_t2.png"
    },
    "n_10/ws_p_0.0_seed_3": {
      "train_loss_final": 0.7568288445472717,
      "train_loss_running_mean_final": 0.6857181888818741,
      "best_running_mean_loss": 0.6641843828558922,
      "best_episode_idx": 4314,
      "best_validation_error": 0.42372,
      "best_validation_episode_idx": 4499,