{
  "seed": 4,
  "conditions": {
    "n_10/complete": {
      "train_loss_final": 0.6852809190750122,
      "train_loss_running_mean_final": 0.6938138884305954,
      "best_running_mean_loss": 0.6701253551244736,
      "best_episode_idx": 379,
      "best_validation_error": 0.46,
      "best_validation_episode_idx": 2099,
      "validation_history": [
        [
          99,
          0.4616
        ],
        [
          199,
          0.54
        ],
        [
          299,
          0.54
        ],
        [
          399,
          0.4616
        ],
        [
          499,
          0.54
        ],
        [
          599,
          0.54
        ],
        [
          699,
          0.54
        ],
        [
          799,
          0.54
        ],
        [
          899,
          0.53864
        ],
        [
          999,
          0.4608
        ],
        [
          1099,
          0.5384
        ],
        [
          1199,
          0.5384
        ],
        [
          1299,
          0.5384
        ],
        [
          1399,
          0.54
        ],
        [
          1499,
          0.54
        ],
        [
          1599,
          0.54
        ],
        [
          1699,
          0.54
        ],
        [
          1799,
          0.5392
        ],
        [
          1899,
          0.54
        ],
        [
          1999,
          0.48212
        ],
        [
          2099,
          0.46
        ],
        [
          2199,
          0.46
        ],
        [
          2299,
          0.46
        ],
        [
          2399,
          0.46
        ],
        [
          2499,
          0.46
        ],
        [
          2599,
          0.46
        ],
        [
          2699,
          0.46
        ],
        [
          2799,
          0.46
        ],
        [
          2899,
          0.46
        ],
        [
          2999,
          0.46
        ],
        [
          3099,
          0.46
        ],
        [
          3199,
          0.46
        ],
        [
          3299,
          0.46
        ],
        [
          3399,
          0.46
        ],
        [
          3499,
          0.46
        ],
        [
          3599,
          0.46
        ],
        [
          3699,
          0.46
        ],
        [
          3799,
          0.46
        ],
        [
          3899,
          0.46
        ],
        [
          3999,
          0.46
        ],
        [
          4099,
          0.46
        ],
        [
          4199,
          0.46
        ],
        [
          4299,
          0.46
        ],
        [
          4399,
          0.46
        ],
        [
          4499,
          0.46
        ],
        [
          4599,
          0.46
        ],
        [
          4699,
          0.46
        ],
        [
          4799,
          0.46
        ],
        [
          4899,
          0.46
        ],
        [
          4999,
          0.46
        ]
      ],
      "consensus": {
        "unanimous": {
          "fraction_episodes_reach_consensus": 1.0,
          "fraction_episodes_consensus_correct": 0.471,
          "fraction_episodes_consensus_wrong_only": 0.529,
          "fraction_correct_at_first_consensus": 0.471,
          "mean_first_consensus_t": 1.0,
          "median_first_consensus_t": 1.0
        },
        "majority": {
          "fraction_episodes_reach_consensus": 1.0,
          "fraction_episodes_consensus_correct": 0.471,
          "fraction_episodes_consensus_wrong_only": 0.529,
          "fraction_correct_at_first_consensus": 0.471,
          "mean_first_consensus_t": 1.0,
          "median_first_consensus_t": 1.0
        }
      },
      "beta_fit": {
        "alpha": 1.0362721791778995e-09,
        "beta": 3.4466470579253006e-06,
        "beta_std": 2991866.6889447365,
        "beta_ci_lower": -5863950.956873338,
        "beta_ci_upper": 5863950.956880231,
        "epsilon_inf": 0.4999999989637278,
        "fit_success": true,
        "method": "scipy_anchored_t0",
        "rmse": 0.029000000000091092,
        "r2": NaN,
        "fit_window_t_max": 50,
        "n_full_series": 50,
        "plateau_detected": false,
        "fit_anchor": "t0",
        "failure_reason": ""
      },
      "beta_hst_max": 0.16008541534707313,
      "beta_gap": -0.1600819687000152,
      "exceeds_hst_bound": false,
      "convergence_warning": true,
      "epsilon_series": [
        0.529,
        0.529,
        0.529,
        0.529,
        0.529,
        0.529,
        0.529,
        0.529,
        0.529,
        0.529,
        0.529,
        0.529,
        0.529,
        0.529,
        0.529,
        0.529,
        0.529,
        0.529,
        0.529,
        0.529,
        0.529,
        0.529,
        0.529,
        0.529,
        0.529,
        0.529,
        0.529,
        0.529,
        0.529,
        0.529,
        0.529,
        0.529,
        0.529,
        0.529,
        0.529,
        0.529,
        0.529,
        0.529,
        0.529,
        0.529,
        0.529,
        0.529,
        0.529,
        0.529,
        0.529,
        0.529,
        0.529,
        0.529,
        0.529,
        0.529
      ],
      "learning_rate_plot": "artifacts/training_metrics_vector/grid_runs/n_10/q_0p52/seed_4/plots/n_10__complete__anchored_t0.png",
      "learning_rate_plot_anchored_t0": "artifacts/training_metrics_vector/grid_runs/n_10/q_0p52/seed_4/plots/n_10__complete__anchored_t0.png",
      "train_loss_plot": "artifacts/training_metrics_vector/grid_runs/n_10/q_0p52/seed_4/plots/n_10__complete__train_loss.png"
    },
    "n_10/ws_p_0.0_seed_4": {
      "train_loss_final": 0.6918357014656067,
      "train_loss_running_mean_final": 0.6943437534570694,
      "best_running_mean_loss": 0.6529205554723739,
      "best_episode_idx": 1471,
      "best_validation_error": 0.45516,
      "best_validation_episode_idx": 599,