{
  "seed": 0,
  "conditions": {
    "n_10/complete": {
      "train_loss_final": null,
      "train_loss_running_mean_final": null,
      "best_running_mean_loss": null,
      "best_episode_idx": null,
      "best_validation_error": null,
      "best_validation_episode_idx": null,
      "validation_history": [],
      "consensus": {
        "unanimous": {
          "fraction_episodes_reach_consensus": 1.0,
          "fraction_episodes_consensus_correct": 0.993,
          "fraction_episodes_consensus_wrong_only": 0.007,
          "fraction_correct_at_first_consensus": 0.993,
          "mean_first_consensus_t": 1.948,
          "median_first_consensus_t": 2.0
        },
        "majority": {
          "fraction_episodes_reach_consensus": 1.0,
          "fraction_episodes_consensus_correct": 0.993,
          "fraction_episodes_consensus_wrong_only": 0.007,
          "fraction_correct_at_first_consensus": 0.993,
          "mean_first_consensus_t": 1.032,
          "median_first_consensus_t": 1.0
        }
      },
      "beta_fit": {
        "alpha": 0.011802229113558733,
        "beta": 2.4803711501812176,
        "beta_std": 0.012425957568177874,
        "beta_ci_lower": 2.456016720874166,
        "beta_ci_upper": 2.504725579488269,
        "epsilon_inf": 0.006998365331531148,
        "fit_success": true,
        "method": "scipy_anchored_t2",
        "rmse": 1.1871510157598522e-05,
        "r2": 0.9999495552211466,
        "fit_window_t_max": 50,
        "n_full_series": 50,
        "plateau_detected": false,
        "fit_anchor": "t2",
        "fit_start_t": 2,
        "failure_reason": ""
      },
      "beta_hst_max": 2.7725887222397816,
      "beta_gap": -0.292217572058564,
      "exceeds_hst_bound": false,
      "convergence_warning": false,
      "epsilon_series": [
        0.1998,
        0.0188,
        0.008,
        0.007,
        0.007,
        0.007,
        0.007,
        0.007,
        0.007,
        0.007,
        0.007,
        0.007,
        0.007,
        0.007,
        0.007,
        0.007,
        0.007,
        0.007,
        0.007,
        0.007,
        0.007,
        0.007,
        0.007,
        0.007,
        0.007,
        0.007,
        0.007,
        0.007,
        0.007,
        0.007,
        0.007,
        0.007,
        0.007,
        0.007,
        0.007,
        0.007,
        0.007,
        0.007,
        0.007,
        0.007,
        0.007,
        0.007,
        0.007,
        0.007,
        0.007,
        0.007,
        0.007,
        0.007,
        0.007,
        0.007
      ],
      "algorithm": "majority_vote",
      "learning_rate_plot": "artifacts/training_metrics_majority/grid_runs/n_10/q_0p8/seed_0/plots/n_10__complete__anchored_t2.png",
      "learning_rate_plot_anchored_t2": "artifacts/training_metrics_majority/grid_runs/n_10/q_0p8/seed_0/plots/n_10__complete__anchored_t2.png"
    },
    "n_10/ws_p_0.0_seed_0": {
      "train_loss_final": null,
      "train_loss_running_mean_final": null,
      "best_running_mean_loss": null,
      "best_episode_idx": null,
      "best_validation_error": null,
      "best_validation_episode_idx": null,
      "validation_history": [],
      "consensus": {
        "unanimous": {
          "fraction_episodes_reach_consensus": 0.998,
          "fraction_episodes_consensus_correct": 0.998,
          "fraction_episodes_consensus_wrong_only": 0.0,
          "fraction_correct_at_first_consensus": 1.0,
          "mean_first_consensus_t": 2.9488977955911824,
          "median_first_consensus_t": 3.0
        },
        "majority": {
          "fraction_episodes_reach_consensus": 1.0,
          "fraction_episodes_consensus_correct": 1.0,
          "fraction_episodes_consensus_wrong_only": 0.0,
          "fraction_correct_at_first_consensus": 0.992,
          "mean_first_consensus_t": 1.03,
          "median_first_consensus_t": 1.0
        }
      },
      "beta_fit": {
        "alpha": 0.10255775769924658,
        "beta": 1.0058642786198877,
        "beta_std": 0.016942601585968265,
        "beta_ci_lower": 0.9726573897069787,
        "beta_ci_upper": 1.0390711675327966,
        "epsilon_inf": 0.0008409437073158812,
        "fit_success": true,
        "method": "scipy_anchored_t2",
        "rmse": 0.0007459528227288189,
        "r2": 0.9976567486057087,
        "fit_window_t_max": 50,
        "n_full_series": 50,
        "plateau_detected": false,
        "fit_anchor": "t2",
        "fit_start_t": 2,
        "failure_reason": ""
      },
      "beta_hst_max": 2.7725887222397816,
      "beta_gap": -1.766724443619894,
      "exceeds_hst_bound": false,
      "convergence_warning": false,
      "epsilon_series": [
        0.1998,
        0.1036,
        0.0379,
        0.0132,
        0.0075,
        0.0051,
        0.0038,
        0.003,
        0.0022,
        0.0018,
        0.0014,
        0.0013,
        0.0011,
        0.0009,
        0.0012,
        0.0012,
        0.0011,
        0.0008,
        0.0008,
        0.0006,
        0.0006,
        0.0006,
        0.0006,
        0.0006,
        0.0006,
        0.0006,
        0.0006,
        0.0006,
        0.0006,
        0.0006,
        0.0005,
        0.0005,
        0.0005,
        0.0005,
        0.0005,
        0.0005,
        0.0005,
        0.0005,
        0.0005,
        0.0005,
        0.0004,
        0.0004,
        0.0004,
        0.0004,
        0.0003,
        0.0003,
        0.0003,
        0.0003,
        0.0003,
        0.0003
      ],
      "algorithm": "majority_vote",
      "learning_rate_plot": "artifacts/training_metrics_majority/grid_runs/n_10/q_0p8/seed_0/plots/n_10__ws_p_0.0_seed_0__anchored_t2.png",
      "learning_rate_plot_anchored_t2": "artifacts/training_metrics_majority/grid_runs/n_10/q_0p8/seed_0/plots/n_10__ws_p_0.0_seed_0__anchored_t2.png"
    },
    "n_10/ws_p_0.1_seed_0": {
      "train_loss_final": null,
      "train_loss_running_mean_final": null,
      "best_running_mean_loss": null,
      "best_episode_idx": null,
      "best_validation_error": null,
      "best_validation_episode_idx": null,
      "validation_history": [],
      "consensus": {
        "unanimous": {
          "fraction_episodes_reach_consensus": 0.998,
          "fraction_episodes_consensus_correct": 0.998,
          "fraction_episodes_consensus_wrong_only": 0.0,
          "fraction_correct_at_first_consensus": 1.0,
          "mean_first_consensus_t": 2.9488977955911824,
          "median_first_consensus_t": 3.0
        },
        "majority": {
          "fraction_episodes_reach_consensus": 1.0,
          "fraction_episodes_consensus_correct": 1.0,
          "fraction_episodes_consensus_wrong_only": 0.0,
          "fraction_correct_at_first_consensus": 0.992,
          "mean_first_consensus_t": 1.03,
          "median_first_consensus_t": 1.0
        }
      },
      "beta_fit": {
        "alpha": 0.10255775769924658,
        "beta": 1.0058642786198877,
        "beta_std": 0.016942601585968265,
        "beta_ci_lower": 0.9726573897069787,
        "beta_ci_upper": 1.0390711675327966,
        "epsilon_inf": 0.0008409437073158812,
        "fit_success": true,
        "method": "scipy_anchored_t2",
        "rmse": 0.0007459528227288189,
        "r2": 0.9976567486057087,
        "fit_window_t_max": 50,
        "n_full_series": 50,
        "plateau_detected": false,
        "fit_anchor": "t2",
        "fit_start_t": 2,
        "failure_reason": ""
      },
      "beta_hst_max": 2.7725887222397816,
      "beta_gap": -1.766724443619894,
      "exceeds_hst_bound": false,
      "convergence_warning": false,