{
  "seed": 0,
  "conditions": {
    "n_10/complete": {
      "train_loss_final": 1.12424635887146,
      "train_loss_running_mean_final": 0.5492370353639126,
      "best_running_mean_loss": 0.5151157192885876,
      "best_episode_idx": 4812,
      "best_validation_error": 0.15992,
      "best_validation_episode_idx": 3699,
      "validation_history": [
        [
          99,
          0.48
        ],
        [
          199,
          0.48
        ],
        [
          299,
          0.44732
        ],
        [
          399,
          0.48
        ],
        [
          499,
          0.51804
        ],
        [
          599,
          0.48
        ],
        [
          699,
          0.48
        ],
        [
          799,
          0.48
        ],
        [
          899,
          0.45664
        ],
        [
          999,
          0.4444
        ],
        [
          1099,
          0.44408
        ],
        [
          1199,
          0.44408
        ],
        [
          1299,
          0.42208
        ],
        [
          1399,
          0.41672
        ],
        [
          1499,
          0.4438
        ],
        [
          1599,
          0.41384
        ],
        [
          1699,
          0.51188
        ],
        [
          1799,
          0.5168
        ],
        [
          1899,
          0.51892
        ],
        [
          1999,
          0.4752
        ],
        [
          2099,
          0.4438
        ],
        [
          2199,
          0.4438
        ],
        [
          2299,
          0.4438
        ],
        [
          2399,
          0.5144
        ],
        [
          2499,
          0.40232
        ],
        [
          2599,
          0.43688
        ],
        [
          2699,
          0.52
        ],
        [
          2799,
          0.5166
        ],
        [
          2899,
          0.43888
        ],
        [
          2999,
          0.44764
        ],
        [
          3099,
          0.35976
        ],
        [
          3199,
          0.37184
        ],
        [
          3299,
          0.36444
        ],
        [
          3399,
          0.4506
        ],
        [
          3499,
          0.19856
        ],
        [
          3599,
          0.46224
        ],
        [
          3699,
          0.15992
        ],
        [
          3799,
          0.28916
        ],
        [
          3899,
          0.19548
        ],
        [
          3999,
          0.24664
        ],
        [
          4099,
          0.38948
        ],
        [
          4199,
          0.31052
        ],
        [
          4299,
          0.17808
        ],
        [
          4399,
          0.27736
        ],
        [
          4499,
          0.37188
        ],
        [
          4599,
          0.17064
        ],
        [
          4699,
          0.25516
        ],
        [
          4799,
          0.4206
        ],
        [
          4899,
          0.22452
        ],
        [
          4999,
          0.32736
        ]
      ],
      "consensus": {
        "unanimous": {
          "fraction_episodes_reach_consensus": 0.999,
          "fraction_episodes_consensus_correct": 0.853,
          "fraction_episodes_consensus_wrong_only": 0.146,
          "fraction_correct_at_first_consensus": 0.8538538538538538,
          "mean_first_consensus_t": 11.58958958958959,
          "median_first_consensus_t": 10.0
        },
        "majority": {
          "fraction_episodes_reach_consensus": 1.0,
          "fraction_episodes_consensus_correct": 0.922,
          "fraction_episodes_consensus_wrong_only": 0.078,
          "fraction_correct_at_first_consensus": 0.666,
          "mean_first_consensus_t": 1.312,
          "median_first_consensus_t": 1.0
        }
      },
      "beta_fit": {
        "alpha": 0.3091899467994063,
        "beta": 0.1561467940410342,
        "beta_std": 0.0033664784314281974,
        "beta_ci_lower": 0.14954861756070406,
        "beta_ci_upper": 0.16274497052136436,
        "epsilon_inf": 0.14314442373096914,
        "fit_success": true,
        "method": "scipy_anchored_t2",
        "rmse": 0.005009373926864325,
        "r2": 0.9953489042599437,
        "fit_window_t_max": 50,
        "n_full_series": 50,
        "plateau_detected": false,
        "fit_anchor": "t2",
        "fit_start_t": 2,
        "failure_reason": ""
      },
      "beta_hst_max": 0.4013413909243028,
      "beta_gap": -0.2451945968832686,
      "exceeds_hst_bound": false,
      "convergence_warning": true,
      "epsilon_series": [
        0.4499,
        0.43820000000000003,
        0.4027,
        0.37520000000000003,
        0.3473,
        0.3196,
        0.2932,
        0.27190000000000003,
        0.2536,
        0.23290000000000002,
        0.21980000000000002,
        0.2008,
        0.19140000000000001,
        0.183,
        0.1781,
        0.1713,
        0.1652,
        0.1633,
        0.15860000000000002,
        0.155,
        0.1552,
        0.152,
        0.1516,
        0.1515,
        0.1505,
        0.1504,
        0.1489,
        0.14850000000000002,
        0.1484,
        0.14730000000000001,
        0.14650000000000002,
        0.1468,
        0.1467,
        0.1461,
        0.1467,
        0.1462,
        0.1459,
        0.14600000000000002,
        0.1462,
        0.14600000000000002,
        0.1461,
        0.1463,
        0.1462,
        0.1461,
        0.1461,
        0.1463,
        0.1462,
        0.1466,
        0.1467,
        0.1467
      ],
      "learning_rate_plot": "artifacts/training_metrics_fair/grid_runs/n_10/q_0p55/seed_0/plots/n_10__complete__anchored_t2.png",
      "train_loss_plot": "artifacts/training_metrics_fair/grid_runs/n_10/q_0p55/seed_0/plots/n_10__complete__train_loss.png",
      "learning_rate_plot_anchored_t2": "artifacts/training_metrics_fair/grid_runs/n_10/q_0p55/seed_0/plots/n_10__complete__anchored_t2.png"
    },
    "n_10/ws_p_0.0_seed_0": {
      "train_loss_final": 0.3045800030231476,
      "train_loss_running_mean_final": 0.44711292333900926,
      "best_running_mean_loss": 0.3854643575102091,
      "best_episode_idx": 4795,
      "best_validation_error": 0.13408,
      "best_validation_episode_idx": 3999,