{
  "seed": 2,
  "conditions": {
    "n_10/complete": {
      "train_loss_final": 1.1629664897918701,
      "train_loss_running_mean_final": 0.5577871529757976,
      "best_running_mean_loss": 0.047756443601101636,
      "best_episode_idx": 3593,
      "best_validation_error": 0.00676,
      "best_validation_episode_idx": 299,
      "validation_history": [
        [
          99,
          0.1563
        ],
        [
          199,
          0.16188
        ],
        [
          299,
          0.00676
        ],
        [
          399,
          0.02398
        ],
        [
          499,
          0.18522
        ],
        [
          599,
          0.04484
        ],
        [
          699,
          0.20082
        ],
        [
          799,
          0.51752
        ],
        [
          899,
          0.51752
        ],
        [
          999,
          0.49496
        ],
        [
          1099,
          0.29908
        ],
        [
          1199,
          0.47608
        ],
        [
          1299,
          0.4785
        ],
        [
          1399,
          0.2948
        ],
        [
          1499,
          0.47268
        ],
        [
          1599,
          0.2986
        ],
        [
          1699,
          0.5061
        ],
        [
          1799,
          0.29908
        ],
        [
          1899,
          0.50674
        ],
        [
          1999,
          0.23632
        ],
        [
          2099,
          0.29908
        ],
        [
          2199,
          0.29908
        ],
        [
          2299,
          0.29908
        ],
        [
          2399,
          0.29908
        ],
        [
          2499,
          0.29908
        ],
        [
          2599,
          0.29908
        ],
        [
          2699,
          0.32398
        ],
        [
          2799,
          0.28216
        ],
        [
          2899,
          0.21358
        ],
        [
          2999,
          0.012
        ],
        [
          3099,
          0.00926
        ],
        [
          3199,
          0.29896
        ],
        [
          3299,
          0.20298
        ],
        [
          3399,
          0.00802
        ],
        [
          3499,
          0.00858
        ],
        [
          3599,
          0.0265
        ],
        [
          3699,
          0.00758
        ],
        [
          3799,
          0.29908
        ],
        [
          3899,
          0.3
        ],
        [
          3999,
          0.28886
        ],
        [
          4099,
          0.29908
        ],
        [
          4199,
          0.26678
        ],
        [
          4299,
          0.29908
        ],
        [
          4399,
          0.32488
        ],
        [
          4499,
          0.2365
        ],
        [
          4599,
          0.29908
        ],
        [
          4699,
          0.43182
        ],
        [
          4799,
          0.29908
        ],
        [
          4899,
          0.26584
        ],
        [
          4999,
          0.42952
        ]
      ],
      "consensus": {
        "unanimous": {
          "fraction_episodes_reach_consensus": 1.0,
          "fraction_episodes_consensus_correct": 0.998,
          "fraction_episodes_consensus_wrong_only": 0.002,
          "fraction_correct_at_first_consensus": 0.998,
          "mean_first_consensus_t": 3.811,
          "median_first_consensus_t": 4.0
        },
        "majority": {
          "fraction_episodes_reach_consensus": 1.0,
          "fraction_episodes_consensus_correct": 0.999,
          "fraction_episodes_consensus_wrong_only": 0.001,
          "fraction_correct_at_first_consensus": 0.949,
          "mean_first_consensus_t": 1.114,
          "median_first_consensus_t": 1.0
        }
      },
      "beta_fit": {
        "alpha": 0.49868199151062487,
        "beta": 0.49116308575268797,
        "beta_std": 0.007726232876719457,
        "beta_ci_lower": 0.47601994757814853,
        "beta_ci_upper": 0.5063062239272274,
        "epsilon_inf": 0.0013180084893751483,
        "fit_success": true,
        "method": "scipy_anchored_t0",
        "rmse": 0.005398568711355013,
        "r2": 0.9807472698737779,
        "fit_window_t_max": 100,
        "n_full_series": 100,
        "plateau_detected": false,
        "fit_anchor": "t0",
        "failure_reason": ""
      },
      "beta_hst_max": 1.694595720774407,
      "beta_gap": -1.203432635021719,
      "exceeds_hst_bound": false,
      "convergence_warning": false,
      "epsilon_series": [
        0.3007,
        0.21980000000000002,
        0.13140000000000002,
        0.055900000000000005,
        0.0187,
        0.007500000000000001,
        0.0038,
        0.0022,
        0.002,
        0.002,
        0.002,
        0.002,
        0.002,
        0.002,
        0.002,
        0.002,
        0.002,
        0.002,
        0.002,
        0.002,
        0.002,
        0.002,
        0.002,
        0.002,
        0.002,
        0.002,
        0.002,
        0.002,
        0.002,
        0.002,
        0.002,
        0.002,
        0.002,
        0.002,
        0.002,
        0.002,
        0.002,
        0.002,
        0.002,
        0.002,
        0.002,
        0.002,
        0.002,
        0.002,
        0.002,
        0.002,
        0.002,
        0.002,
        0.002,
        0.002,
        0.002,
        0.002,
        0.002,
        0.002,
        0.002,
        0.002,
        0.002,
        0.002,
        0.002,
        0.002,
        0.002,
        0.002,
        0.002,
        0.002,
        0.002,
        0.002,
        0.002,
        0.002,
        0.002,
        0.002,
        0.002,
        0.002,
        0.002,
        0.002,
        0.002,
        0.002,
        0.002,
        0.002,
        0.002,
        0.002,
        0.002,
        0.002,
        0.002,
        0.002,
        0.002,
        0.002,
        0.002,
        0.002,
        0.002,
        0.002,
        0.002,
        0.002,
        0.002,
        0.002,
        0.002,
        0.002,
        0.002,
        0.002,
        0.002,
        0.002
      ],
      "learning_rate_plot": "artifacts/training_metrics_vector/grid_runs/n_10/q_0p7/seed_2/plots/n_10__complete__anchored_t0.png",
      "learning_rate_plot_anchored_t0": "artifacts/training_metrics_vector/grid_runs/n_10/q_0p7/seed_2/plots/n_10__complete__anchored_t0.png",
      "train_loss_plot": "artifacts/training_metrics_vector/grid_runs/n_10/q_0p7/seed_2/plots/n_10__complete__train_loss.png"
    },
    "n_10/ws_p_0.0_seed_2": {
      "train_loss_final": 0.03680834546685219,
      "train_loss_running_mean_final": 0.02628949370700866,
      "best_running_mean_loss": 0.01848520855884999,
      "best_episode_idx": 3468,
      "best_validation_error": 0.00864,
      "best_validation_episode_idx": 4199,