{
  "seed": 3,
  "conditions": {
    "n_10/complete": {
      "train_loss_final": 0.21288613975048065,
      "train_loss_running_mean_final": 0.3816666267812252,
      "best_running_mean_loss": 0.263531456515193,
      "best_episode_idx": 4818,
      "best_validation_error": 0.1066,
      "best_validation_episode_idx": 4399,
      "validation_history": [
        [
          99,
          0.44
        ],
        [
          199,
          0.41334
        ],
        [
          299,
          0.56
        ],
        [
          399,
          0.4364
        ],
        [
          499,
          0.41008
        ],
        [
          599,
          0.44
        ],
        [
          699,
          0.44994
        ],
        [
          799,
          0.44994
        ],
        [
          899,
          0.56
        ],
        [
          999,
          0.44994
        ],
        [
          1099,
          0.456
        ],
        [
          1199,
          0.4499
        ],
        [
          1299,
          0.55578
        ],
        [
          1399,
          0.44148
        ],
        [
          1499,
          0.42758
        ],
        [
          1599,
          0.38204
        ],
        [
          1699,
          0.55872
        ],
        [
          1799,
          0.38364
        ],
        [
          1899,
          0.42958
        ],
        [
          1999,
          0.38684
        ],
        [
          2099,
          0.38186
        ],
        [
          2199,
          0.35462
        ],
        [
          2299,
          0.44444
        ],
        [
          2399,
          0.3199
        ],
        [
          2499,
          0.28826
        ],
        [
          2599,
          0.13084
        ],
        [
          2699,
          0.1919
        ],
        [
          2799,
          0.18458
        ],
        [
          2899,
          0.2374
        ],
        [
          2999,
          0.48576
        ],
        [
          3099,
          0.34408
        ],
        [
          3199,
          0.16682
        ],
        [
          3299,
          0.23028
        ],
        [
          3399,
          0.1363
        ],
        [
          3499,
          0.15936
        ],
        [
          3599,
          0.20728
        ],
        [
          3699,
          0.28904
        ],
        [
          3799,
          0.29862
        ],
        [
          3899,
          0.12034
        ],
        [
          3999,
          0.12878
        ],
        [
          4099,
          0.21412
        ],
        [
          4199,
          0.19178
        ],
        [
          4299,
          0.18182
        ],
        [
          4399,
          0.1066
        ],
        [
          4499,
          0.1553
        ],
        [
          4599,
          0.39424
        ],
        [
          4699,
          0.11922
        ],
        [
          4799,
          0.12476
        ],
        [
          4899,
          0.16374
        ],
        [
          4999,
          0.12066
        ]
      ],
      "beta_fit": {
        "alpha": 0.4372030901104632,
        "beta": 0.07199123401265456,
        "beta_std": 0.001963820219826181,
        "beta_ci_lower": 0.06814221710968371,
        "beta_ci_upper": 0.0758402509156254,
        "epsilon_inf": 0.06279690988953679,
        "fit_success": true,
        "method": "scipy_anchored_t0",
        "rmse": 0.01368312135513326,
        "r2": 0.980711478038732,
        "fit_window_t_max": 65,
        "n_full_series": 100,
        "plateau_detected": true,
        "failure_reason": ""
      },
      "beta_hst_max": 0.4013413909243028,
      "beta_gap": -0.32935015691164826,
      "exceeds_hst_bound": false,
      "convergence_warning": true,
      "epsilon_series": [
        0.44770000000000004,
        0.41900000000000004,
        0.3924,
        0.3572,
        0.33690000000000003,
        0.31720000000000004,
        0.3035,
        0.2882,
        0.27240000000000003,
        0.2622,
        0.2504,
        0.2356,
        0.22660000000000002,
        0.2199,
        0.2151,
        0.20550000000000002,
        0.1961,
        0.1893,
        0.182,
        0.17700000000000002,
        0.1704,
        0.1651,
        0.1602,
        0.1532,
        0.1486,
        0.1429,
        0.14100000000000001,
        0.1359,
        0.13140000000000002,
        0.12710000000000002,
        0.124,
        0.12040000000000001,
        0.116,
        0.111,
        0.10830000000000001,
        0.1057,
        0.1041,
        0.0999,
        0.0983,
        0.0964,
        0.09240000000000001,
        0.0912,
        0.08710000000000001,
        0.0859,
        0.084,
        0.0809,
        0.0799,
        0.076,
        0.0736,
        0.07150000000000001,
        0.0692,
        0.0664,
        0.06520000000000001,
        0.0644,
        0.060500000000000005,
        0.0594,
        0.058,
        0.057100000000000005,
        0.0567,
        0.0551,
        0.053000000000000005,
        0.052500000000000005,
        0.052500000000000005,
        0.0497,
        0.048600000000000004,
        0.0482,
        0.047400000000000005,
        0.0465,
        0.046,
        0.0453,
        0.044500000000000005,
        0.0439,
        0.0432,
        0.041800000000000004,
        0.0407,
        0.0379,
        0.0388,
        0.0367,
        0.036000000000000004,
        0.035300000000000005,
        0.0351,
        0.0351,
        0.0344,
        0.0344,
        0.0322,
        0.0322,
        0.0328,
        0.0316,
        0.0313,
        0.030000000000000002,
        0.0296,
        0.0291,
        0.0291,
        0.0284,
        0.027700000000000002,
        0.028,
        0.0268,
        0.027600000000000003,
        0.025,
        0.0263
      ],
      "learning_rate_plot": "artifacts/training_metrics_fair/grid_runs/n_10/q_0p55/seed_3/plots/n_10__complete__anchored_t0.png",
      "learning_rate_plot_anchored_t0": "artifacts/training_metrics_fair/grid_runs/n_10/q_0p55/seed_3/plots/n_10__complete__anchored_t0.png",
      "train_loss_plot": "artifacts/training_metrics_fair/grid_runs/n_10/q_0p55/seed_3/plots/n_10__complete__train_loss.png"
    },
    "n_10/ws_p_0.0_seed_3": {
      "train_loss_final": 0.2913057506084442,
      "train_loss_running_mean_final": 0.4246063380688429,
      "best_running_mean_loss": 0.33798132456839086,
      "best_episode_idx": 4856,
      "best_validation_error": 0.17158,
      "best_validation_episode_idx": 4999,