{
  "seed": 1,
  "conditions": {
    "n_10/complete": {
      "train_loss_final": 0.014148219488561153,
      "train_loss_running_mean_final": 0.016936723329126834,
      "best_running_mean_loss": 0.013327772547490895,
      "best_episode_idx": 3341,
      "best_validation_error": 0.00428,
      "best_validation_episode_idx": 199,
      "validation_history": [
        [
          99,
          0.00736
        ],
        [
          199,
          0.00428
        ],
        [
          299,
          0.0048
        ],
        [
          399,
          0.59416
        ],
        [
          499,
          0.39324
        ],
        [
          599,
          0.01
        ],
        [
          699,
          0.00456
        ],
        [
          799,
          0.00428
        ],
        [
          899,
          0.58368
        ],
        [
          999,
          0.3904
        ],
        [
          1099,
          0.16132
        ],
        [
          1199,
          0.00596
        ],
        [
          1299,
          0.0052
        ],
        [
          1399,
          0.00704
        ],
        [
          1499,
          0.19544
        ],
        [
          1599,
          0.01772
        ],
        [
          1699,
          0.00648
        ],
        [
          1799,
          0.00608
        ],
        [
          1899,
          0.00596
        ],
        [
          1999,
          0.00568
        ],
        [
          2099,
          0.0052
        ],
        [
          2199,
          0.00516
        ],
        [
          2299,
          0.00576
        ],
        [
          2399,
          0.00524
        ],
        [
          2499,
          0.00516
        ],
        [
          2599,
          0.00468
        ],
        [
          2699,
          0.00464
        ],
        [
          2799,
          0.0046
        ],
        [
          2899,
          0.00436
        ],
        [
          2999,
          0.00432
        ],
        [
          3099,
          0.00432
        ],
        [
          3199,
          0.00432
        ],
        [
          3299,
          0.00432
        ],
        [
          3399,
          0.0046
        ],
        [
          3499,
          0.0048
        ],
        [
          3599,
          0.00436
        ],
        [
          3699,
          0.00432
        ],
        [
          3799,
          0.00432
        ],
        [
          3899,
          0.00428
        ],
        [
          3999,
          0.00428
        ],
        [
          4099,
          0.18436
        ],
        [
          4199,
          0.0106
        ],
        [
          4299,
          0.00752
        ],
        [
          4399,
          0.00712
        ],
        [
          4499,
          0.00652
        ],
        [
          4599,
          0.00644
        ],
        [
          4699,
          0.0064
        ],
        [
          4799,
          0.0056
        ],
        [
          4899,
          0.006
        ],
        [
          4999,
          0.00588
        ]
      ],
      "consensus": {
        "unanimous": {
          "fraction_episodes_reach_consensus": 1.0,
          "fraction_episodes_consensus_correct": 1.0,
          "fraction_episodes_consensus_wrong_only": 0.0,
          "fraction_correct_at_first_consensus": 1.0,
          "mean_first_consensus_t": 2.25,
          "median_first_consensus_t": 2.0
        },
        "majority": {
          "fraction_episodes_reach_consensus": 1.0,
          "fraction_episodes_consensus_correct": 1.0,
          "fraction_episodes_consensus_wrong_only": 0.0,
          "fraction_correct_at_first_consensus": 0.997,
          "mean_first_consensus_t": 1.035,
          "median_first_consensus_t": 1.0
        }
      },
      "beta_fit": {
        "alpha": 0.5,
        "beta": 1.6037916030310195,
        "beta_std": NaN,
        "beta_ci_lower": NaN,
        "beta_ci_upper": NaN,
        "epsilon_inf": 0.0,
        "fit_success": true,
        "method": "anchored_t2_log_linear_fallback",
        "rmse": 0.04665298502774444,
        "r2": 0.6390719405488421,
        "fit_window_t_max": 5,
        "n_full_series": 50,
        "plateau_detected": true,
        "fit_anchor": "t2",
        "failure_reason": ""
      },
      "beta_hst_max": 2.7725887222397816,
      "beta_gap": -1.168797119208762,
      "exceeds_hst_bound": false,
      "convergence_warning": false,
      "epsilon_series": [
        0.2023,
        0.043300000000000005,
        0.0045000000000000005,
        0.0012000000000000001,
        0.0004,
        0.0,
        0.0,
        0.0,
        0.0,
        0.0,
        0.0,
        0.0,
        0.0,
        0.0,
        0.0,
        0.0,
        0.0,
        0.0,
        0.0,
        0.0,
        0.0,
        0.0,
        0.0,
        0.0,
        0.0,
        0.0,
        0.0,
        0.0,
        0.0,
        0.0,
        0.0,
        0.0,
        0.0,
        0.0,
        0.0,
        0.0,
        0.0,
        0.0,
        0.0,
        0.0,
        0.0,
        0.0,
        0.0,
        0.0,
        0.0,
        0.0,
        0.0,
        0.0,
        0.0,
        0.0
      ],
      "learning_rate_plot": "artifacts/training_metrics_vector/grid_runs/n_10/q_0p8/seed_1/plots/n_10__complete__anchored_t0.png",
      "learning_rate_plot_anchored_t0": "artifacts/training_metrics_vector/grid_runs/n_10/q_0p8/seed_1/plots/n_10__complete__anchored_t0.png",
      "train_loss_plot": "artifacts/training_metrics_vector/grid_runs/n_10/q_0p8/seed_1/plots/n_10__complete__train_loss.png",
      "learning_rate_plot_anchored_t2": "artifacts/anchor_t2/training_metrics_vector/grid_runs/n_10/q_0p8/seed_1/plots/n_10__complete__anchored_t2.png"
    },
    "n_10/ws_p_0.0_seed_1": {
      "train_loss_final": 0.014653940685093403,
      "train_loss_running_mean_final": 0.01842497895937413,
      "best_running_mean_loss": 0.014156819623894989,
      "best_episode_idx": 4734,
      "best_validation_error": 0.00564,
      "best_validation_episode_idx": 4799,