{
  "seed": 4,
  "conditions": {
    "n_10/complete": {
      "train_loss_final": 0.09308632463216782,
      "train_loss_running_mean_final": 0.3128721155412495,
      "best_running_mean_loss": 0.05639747444540262,
      "best_episode_idx": 4921,
      "best_validation_error": 0.03576,
      "best_validation_episode_idx": 4399,
      "validation_history": [
        [
          99,
          0.46
        ],
        [
          199,
          0.31704
        ],
        [
          299,
          0.52736
        ],
        [
          399,
          0.30796
        ],
        [
          499,
          0.31636
        ],
        [
          599,
          0.33752
        ],
        [
          699,
          0.0508
        ],
        [
          799,
          0.45772
        ],
        [
          899,
          0.19664
        ],
        [
          999,
          0.05916
        ],
        [
          1099,
          0.0544
        ],
        [
          1199,
          0.03848
        ],
        [
          1299,
          0.05236
        ],
        [
          1399,
          0.1276
        ],
        [
          1499,
          0.08844
        ],
        [
          1599,
          0.47544
        ],
        [
          1699,
          0.04044
        ],
        [
          1799,
          0.0646
        ],
        [
          1899,
          0.52448
        ],
        [
          1999,
          0.0484
        ],
        [
          2099,
          0.0548
        ],
        [
          2199,
          0.06172
        ],
        [
          2299,
          0.05696
        ],
        [
          2399,
          0.06108
        ],
        [
          2499,
          0.04792
        ],
        [
          2599,
          0.063
        ],
        [
          2699,
          0.08368
        ],
        [
          2799,
          0.04384
        ],
        [
          2899,
          0.04404
        ],
        [
          2999,
          0.05804
        ],
        [
          3099,
          0.2368
        ],
        [
          3199,
          0.051
        ],
        [
          3299,
          0.45424
        ],
        [
          3399,
          0.09996
        ],
        [
          3499,
          0.04872
        ],
        [
          3599,
          0.11616
        ],
        [
          3699,
          0.1392
        ],
        [
          3799,
          0.05728
        ],
        [
          3899,
          0.04156
        ],
        [
          3999,
          0.05336
        ],
        [
          4099,
          0.11884
        ],
        [
          4199,
          0.04992
        ],
        [
          4299,
          0.0622
        ],
        [
          4399,
          0.03576
        ],
        [
          4499,
          0.0654
        ],
        [
          4599,
          0.0468
        ],
        [
          4699,
          0.06252
        ],
        [
          4799,
          0.04624
        ],
        [
          4899,
          0.06152
        ],
        [
          4999,
          0.04296
        ]
      ],
      "consensus": {
        "unanimous": {
          "fraction_episodes_reach_consensus": 1.0,
          "fraction_episodes_consensus_correct": 0.995,
          "fraction_episodes_consensus_wrong_only": 0.005,
          "fraction_correct_at_first_consensus": 0.984,
          "mean_first_consensus_t": 6.082,
          "median_first_consensus_t": 5.0
        },
        "majority": {
          "fraction_episodes_reach_consensus": 1.0,
          "fraction_episodes_consensus_correct": 0.997,
          "fraction_episodes_consensus_wrong_only": 0.003,
          "fraction_correct_at_first_consensus": 0.834,
          "mean_first_consensus_t": 1.181,
          "median_first_consensus_t": 1.0
        }
      },
      "beta_fit": {
        "alpha": 0.4932003525,
        "beta": 0.14810541223515816,
        "beta_std": NaN,
        "beta_ci_lower": NaN,
        "beta_ci_upper": NaN,
        "epsilon_inf": 0.0067996475,
        "fit_success": true,
        "method": "anchored_t2_log_linear_fallback",
        "rmse": 0.04337043612657343,
        "r2": 0.6390443444907636,
        "fit_window_t_max": 50,
        "n_full_series": 50,
        "plateau_detected": false,
        "fit_anchor": "t2",
        "failure_reason": ""
      },
      "beta_hst_max": 1.2380784168124472,
      "beta_gap": -1.089973004577289,
      "exceeds_hst_bound": false,
      "convergence_warning": false,
      "epsilon_series": [
        0.35250000000000004,
        0.2967,
        0.21280000000000002,
        0.1746,
        0.1404,
        0.11230000000000001,
        0.091,
        0.0743,
        0.0614,
        0.0523,
        0.045000000000000005,
        0.037700000000000004,
        0.0346,
        0.0297,
        0.0273,
        0.025900000000000003,
        0.0219,
        0.021,
        0.0196,
        0.0179,
        0.015700000000000002,
        0.0151,
        0.0128,
        0.0134,
        0.012700000000000001,
        0.0126,
        0.0112,
        0.010700000000000001,
        0.011600000000000001,
        0.0111,
        0.0109,
        0.0094,
        0.0106,
        0.0086,
        0.0089,
        0.0097,
        0.009000000000000001,
        0.008,
        0.0091,
        0.0086,
        0.0074,
        0.007,
        0.0068000000000000005,
        0.007,
        0.006900000000000001,
        0.007,
        0.0073,
        0.006900000000000001,
        0.0081,
        0.008700000000000001
      ],
      "learning_rate_plot": "artifacts/training_metrics_fair/grid_runs/n_10/q_0p65/seed_4/plots/n_10__complete__anchored_t0.png",
      "learning_rate_plot_anchored_t0": "artifacts/training_metrics_fair/grid_runs/n_10/q_0p65/seed_4/plots/n_10__complete__anchored_t0.png",
      "train_loss_plot": "artifacts/training_metrics_fair/grid_runs/n_10/q_0p65/seed_4/plots/n_10__complete__train_loss.png",
      "learning_rate_plot_anchored_t2": "artifacts/anchor_t2/training_metrics_fair/grid_runs/n_10/q_0p65/seed_4/plots/n_10__complete__anchored_t2.png"
    },
    "n_10/ws_p_0.0_seed_4": {
      "train_loss_final": 0.058916814625263214,
      "train_loss_running_mean_final": 0.110244425740093,
      "best_running_mean_loss": 0.06478080750443041,
      "best_episode_idx": 3791,
      "best_validation_error": 0.04196,
      "best_validation_episode_idx": 4999,