{
  "seed": 3,
  "conditions": {
    "n_10/complete": {
      "train_loss_final": null,
      "train_loss_running_mean_final": null,
      "best_running_mean_loss": null,
      "best_episode_idx": null,
      "best_validation_error": null,
      "best_validation_episode_idx": null,
      "validation_history": [],
      "consensus": {
        "unanimous": {
          "fraction_episodes_reach_consensus": 1.0,
          "fraction_episodes_consensus_correct": 0.668,
          "fraction_episodes_consensus_wrong_only": 0.332,
          "fraction_correct_at_first_consensus": 0.668,
          "mean_first_consensus_t": 2.701,
          "median_first_consensus_t": 3.0
        },
        "majority": {
          "fraction_episodes_reach_consensus": 1.0,
          "fraction_episodes_consensus_correct": 0.668,
          "fraction_episodes_consensus_wrong_only": 0.332,
          "fraction_correct_at_first_consensus": 0.668,
          "mean_first_consensus_t": 1.314,
          "median_first_consensus_t": 1.0
        }
      },
      "beta_fit": {
        "alpha": 0.03331074319970042,
        "beta": 0.98264352666792,
        "beta_std": 0.016038273130536948,
        "beta_ci_lower": 0.9512090889578511,
        "beta_ci_upper": 1.014077964377989,
        "epsilon_inf": 0.33200327985178874,
        "fit_success": true,
        "method": "scipy_anchored_t2",
        "rmse": 0.0002372292891950031,
        "r2": 0.9977677054421051,
        "fit_window_t_max": 50,
        "n_full_series": 50,
        "plateau_detected": false,
        "fit_anchor": "t2",
        "fit_start_t": 2,
        "failure_reason": ""
      },
      "beta_hst_max": 0.4013413909243028,
      "beta_gap": 0.5813021357436172,
      "exceeds_hst_bound": false,
      "convergence_warning": true,
      "epsilon_series": [
        0.4477,
        0.3655,
        0.3435,
        0.3378,
        0.3343,
        0.3323,
        0.332,
        0.332,
        0.332,
        0.332,
        0.332,
        0.332,
        0.332,
        0.332,
        0.332,
        0.332,
        0.332,
        0.332,
        0.332,
        0.332,
        0.332,
        0.332,
        0.332,
        0.332,
        0.332,
        0.332,
        0.332,
        0.332,
        0.332,
        0.332,
        0.332,
        0.332,
        0.332,
        0.332,
        0.332,
        0.332,
        0.332,
        0.332,
        0.332,
        0.332,
        0.332,
        0.332,
        0.332,
        0.332,
        0.332,
        0.332,
        0.332,
        0.332,
        0.332,
        0.332
      ],
      "algorithm": "majority_vote",
      "learning_rate_plot": "artifacts/training_metrics_majority/grid_runs/n_10/q_0p55/seed_3/plots/n_10__complete__anchored_t2.png",
      "learning_rate_plot_anchored_t2": "artifacts/training_metrics_majority/grid_runs/n_10/q_0p55/seed_3/plots/n_10__complete__anchored_t2.png"
    },
    "n_10/ws_p_0.0_seed_3": {
      "train_loss_final": null,
      "train_loss_running_mean_final": null,
      "best_running_mean_loss": null,
      "best_episode_idx": null,
      "best_validation_error": null,
      "best_validation_episode_idx": null,
      "validation_history": [],
      "consensus": {
        "unanimous": {
          "fraction_episodes_reach_consensus": 0.574,
          "fraction_episodes_consensus_correct": 0.468,
          "fraction_episodes_consensus_wrong_only": 0.106,
          "fraction_correct_at_first_consensus": 0.8153310104529616,
          "mean_first_consensus_t": 11.369337979094077,
          "median_first_consensus_t": 5.0
        },
        "majority": {
          "fraction_episodes_reach_consensus": 1.0,
          "fraction_episodes_consensus_correct": 0.801,
          "fraction_episodes_consensus_wrong_only": 0.199,
          "fraction_correct_at_first_consensus": 0.662,
          "mean_first_consensus_t": 1.338,
          "median_first_consensus_t": 1.0
        }
      },
      "beta_fit": {
        "alpha": 0.10445441250939692,
        "beta": 0.05496382345504963,
        "beta_std": 0.003719493249335726,
        "beta_ci_lower": 0.04767375064561175,
        "beta_ci_upper": 0.06225389626448751,
        "epsilon_inf": 0.27532865436600923,
        "fit_success": true,
        "method": "scipy_anchored_t2",
        "rmse": 0.007447087501274814,
        "r2": 0.9238477116890448,
        "fit_window_t_max": 100,
        "n_full_series": 100,
        "plateau_detected": false,
        "fit_anchor": "t2",
        "fit_start_t": 2,
        "failure_reason": ""
      },
      "beta_hst_max": 0.4013413909243028,
      "beta_gap": -0.3463775674692532,
      "exceeds_hst_bound": false,
      "convergence_warning": true,
      "epsilon_series": [
        0.4477,
        0.4274,
        0.3945,
        0.3661,
        0.359,
        0.3475,
        0.3419,
        0.3369,
        0.3335,
        0.3307,
        0.3269,
        0.325,
        0.3229,
        0.3218,
        0.3202,
        0.318,
        0.3172,
        0.3145,
        0.3134,
        0.3128,
        0.3112,
        0.3085,
        0.3076,
        0.3072,
        0.3066,
        0.3051,
        0.305,
        0.3044,
        0.3027,
        0.3007,
        0.3008,
        0.3005,
        0.2999,
        0.2996,
        0.2978,
        0.2969,
        0.2958,
        0.2955,
        0.2949,
        0.2942,
        0.2925,
        0.2915,
        0.2914,
        0.2899,
        0.2903,
        0.289,
        0.2881,
        0.2883,
        0.2879,
        0.2879,
        0.2873,
        0.2867,
        0.2864,
        0.2861,
        0.2852,
        0.2853,
        0.2839,
        0.2842,
        0.2822,
        0.282,
        0.2825,
        0.2813,
        0.282,
        0.2819,
        0.281,
        0.2819,
        0.2811,
        0.2809,
        0.2799,
        0.2792,
        0.2784,
        0.2781,
        0.2776,
        0.2769,
        0.2765,
        0.2756,
        0.2761,
        0.2757,
        0.2749,
        0.2745,
        0.2735,
        0.2733,
        0.2726,
        0.2722,
        0.2722,
        0.2715,
        0.2721,
        0.2711,
        0.271,
        0.2717,
        0.2707,
        0.2704,
        0.2697,
        0.27,
        0.269,
        0.2697,
        0.2692,
        0.2688,
        0.2683,
        0.268
      ],
      "algorithm": "majority_vote",
      "learning_rate_plot": "artifacts/training_metrics_majority/grid_runs/n_10/q_0p55/seed_3/plots/n_10__ws_p_0.0_seed_3__anchored_t2.png",
      "learning_rate_plot_anchored_t2": "artifacts/training_metrics_majority/grid_runs/n_10/q_0p55/seed_3/plots/n_10__ws_p_0.0_seed_3__anchored_t2.png"
    },
    "n_10/ws_p_0.1_seed_3": {
      "train_loss_final": null,
      "train_loss_running_mean_final": null,
      "best_running_mean_loss": null,
      "best_episode_idx": null,
      "best_validation_error": null,
      "best_validation_episode_idx": null,
      "validation_history": [],
      "consensus": {
        "unanimous": {
          "fraction_episodes_reach_consensus": 0.586,
          "fraction_episodes_consensus_correct": 0.482,
          "fraction_episodes_consensus_wrong_only": 0.104,
          "fraction_correct_at_first_consensus": 0.8225255972696246,
          "mean_first_consensus_t": 11.715017064846416,
          "median_first_consensus_t": 6.0
        },
        "majority": {
          "fraction_episodes_reach_consensus": 1.0,
          "fraction_episodes_consensus_correct": 0.776,
          "fraction_episodes_consensus_wrong_only": 0.224,
          "fraction_correct_at_first_consensus": 0.661,
          "mean_first_consensus_t": 1.32,
          "median_first_consensus_t": 1.0
        }
      },
      "beta_fit": {
        "alpha": 0.09317140955829609,
        "beta": 0.06922519008397637,
        "beta_std": 0.004625196214910757,
        "beta_ci_lower": 0.06015997208132031,
        "beta_ci_upper": 0.07829040808663244,
        "epsilon_inf": 0.2937639409422456,
        "fit_success": true,
        "method": "scipy_anchored_t2",