{
  "seed": 3,
  "conditions": {
    "n_10/complete": {
      "train_loss_final": 0.8564358353614807,
      "train_loss_running_mean_final": 0.6765364229679107,
      "best_running_mean_loss": 0.015997493732720615,
      "best_episode_idx": 3178,
      "best_validation_error": 0.00806,
      "best_validation_episode_idx": 3499,
      "validation_history": [
        [
          99,
          0.01172
        ],
        [
          199,
          0.0263
        ],
        [
          299,
          0.02662
        ],
        [
          399,
          0.06444
        ],
        [
          499,
          0.4385
        ],
        [
          599,
          0.43832
        ],
        [
          699,
          0.30026
        ],
        [
          799,
          0.28818
        ],
        [
          899,
          0.55134
        ],
        [
          999,
          0.08928
        ],
        [
          1099,
          0.43668
        ],
        [
          1199,
          0.55158
        ],
        [
          1299,
          0.55122
        ],
        [
          1399,
          0.29706
        ],
        [
          1499,
          0.05358
        ],
        [
          1599,
          0.31066
        ],
        [
          1699,
          0.09684
        ],
        [
          1799,
          0.25856
        ],
        [
          1899,
          0.02974
        ],
        [
          1999,
          0.02844
        ],
        [
          2099,
          0.29738
        ],
        [
          2199,
          0.26942
        ],
        [
          2299,
          0.08836
        ],
        [
          2399,
          0.1368
        ],
        [
          2499,
          0.0657
        ],
        [
          2599,
          0.0278
        ],
        [
          2699,
          0.01302
        ],
        [
          2799,
          0.00956
        ],
        [
          2899,
          0.0275
        ],
        [
          2999,
          0.02734
        ],
        [
          3099,
          0.04574
        ],
        [
          3199,
          0.0267
        ],
        [
          3299,
          0.0272
        ],
        [
          3399,
          0.02704
        ],
        [
          3499,
          0.00806
        ],
        [
          3599,
          0.0261
        ],
        [
          3699,
          0.02594
        ],
        [
          3799,
          0.55552
        ],
        [
          3899,
          0.29744
        ],
        [
          3999,
          0.29738
        ],
        [
          4099,
          0.17796
        ],
        [
          4199,
          0.04716
        ],
        [
          4299,
          0.18434
        ],
        [
          4399,
          0.07804
        ],
        [
          4499,
          0.03062
        ],
        [
          4599,
          0.57014
        ],
        [
          4699,
          0.5493
        ],
        [
          4799,
          0.2641
        ],
        [
          4899,
          0.5496
        ],
        [
          4999,
          0.29678
        ]
      ],
      "consensus": {
        "unanimous": {
          "fraction_episodes_reach_consensus": 1.0,
          "fraction_episodes_consensus_correct": 0.998,
          "fraction_episodes_consensus_wrong_only": 0.002,
          "fraction_correct_at_first_consensus": 0.997,
          "mean_first_consensus_t": 3.717,
          "median_first_consensus_t": 3.0
        },
        "majority": {
          "fraction_episodes_reach_consensus": 1.0,
          "fraction_episodes_consensus_correct": 0.999,
          "fraction_episodes_consensus_wrong_only": 0.001,
          "fraction_correct_at_first_consensus": 0.93,
          "mean_first_consensus_t": 1.126,
          "median_first_consensus_t": 1.0
        }
      },
      "beta_fit": {
        "alpha": 0.4986004708352876,
        "beta": 0.4713748500481062,
        "beta_std": 0.009871475501696625,
        "beta_ci_lower": 0.45202711359051134,
        "beta_ci_upper": 0.49072258650570105,
        "epsilon_inf": 0.0013995291647123937,
        "fit_success": true,
        "method": "scipy_anchored_t0",
        "rmse": 0.007329307391645309,
        "r2": 0.9675938939458532,
        "fit_window_t_max": 100,
        "n_full_series": 100,
        "plateau_detected": false,
        "fit_anchor": "t0",
        "failure_reason": ""
      },
      "beta_hst_max": 1.694595720774407,
      "beta_gap": -1.2232208707263008,
      "exceeds_hst_bound": false,
      "convergence_warning": false,
      "epsilon_series": [
        0.3034,
        0.25470000000000004,
        0.1193,
        0.054,
        0.024300000000000002,
        0.011300000000000001,
        0.006900000000000001,
        0.0055000000000000005,
        0.0043,
        0.0043,
        0.0033,
        0.003,
        0.0027,
        0.0027,
        0.0026000000000000003,
        0.0028,
        0.0028,
        0.0027,
        0.0026000000000000003,
        0.0025,
        0.0025,
        0.0024000000000000002,
        0.0021000000000000003,
        0.002,
        0.002,
        0.002,
        0.002,
        0.002,
        0.002,
        0.002,
        0.002,
        0.002,
        0.002,
        0.002,
        0.002,
        0.002,
        0.002,
        0.002,
        0.002,
        0.002,
        0.002,
        0.002,
        0.002,
        0.002,
        0.002,
        0.002,
        0.002,
        0.002,
        0.002,
        0.002,
        0.002,
        0.002,
        0.002,
        0.002,
        0.002,
        0.002,
        0.002,
        0.002,
        0.002,
        0.002,
        0.002,
        0.002,
        0.002,
        0.002,
        0.002,
        0.002,
        0.002,
        0.002,
        0.002,
        0.002,
        0.002,
        0.002,
        0.002,
        0.002,
        0.002,
        0.002,
        0.002,
        0.002,
        0.002,
        0.002,
        0.002,
        0.002,
        0.002,
        0.002,
        0.002,
        0.002,
        0.002,
        0.002,
        0.002,
        0.002,
        0.002,
        0.002,
        0.002,
        0.002,
        0.002,
        0.002,
        0.002,
        0.002,
        0.002,
        0.002
      ],
      "learning_rate_plot": "artifacts/training_metrics_vector/grid_runs/n_10/q_0p7/seed_3/plots/n_10__complete__anchored_t0.png",
      "learning_rate_plot_anchored_t0": "artifacts/training_metrics_vector/grid_runs/n_10/q_0p7/seed_3/plots/n_10__complete__anchored_t0.png",
      "train_loss_plot": "artifacts/training_metrics_vector/grid_runs/n_10/q_0p7/seed_3/plots/n_10__complete__train_loss.png"
    },
    "n_10/ws_p_0.0_seed_3": {
      "train_loss_final": 0.0069913677871227264,
      "train_loss_running_mean_final": 0.021564255645498635,
      "best_running_mean_loss": 0.017039119484834372,
      "best_episode_idx": 4782,
      "best_validation_error": 0.00918,
      "best_validation_episode_idx": 4999,