{
  "seed": 0,
  "conditions": {
    "n_10/complete": {
      "train_loss_final": 0.6723192930221558,
      "train_loss_running_mean_final": 0.6907219916582108,
      "best_running_mean_loss": 0.6654598224163055,
      "best_episode_idx": 3673,
      "best_validation_error": 0.43596,
      "best_validation_episode_idx": 4999,
      "validation_history": [
        [
          99,
          0.48
        ],
        [
          199,
          0.48
        ],
        [
          299,
          0.4704
        ],
        [
          399,
          0.48
        ],
        [
          499,
          0.474
        ],
        [
          599,
          0.48
        ],
        [
          699,
          0.48
        ],
        [
          799,
          0.48
        ],
        [
          899,
          0.46
        ],
        [
          999,
          0.47456
        ],
        [
          1099,
          0.47456
        ],
        [
          1199,
          0.46908
        ],
        [
          1299,
          0.47456
        ],
        [
          1399,
          0.4722
        ],
        [
          1499,
          0.4694
        ],
        [
          1599,
          0.48496
        ],
        [
          1699,
          0.52
        ],
        [
          1799,
          0.52
        ],
        [
          1899,
          0.52
        ],
        [
          1999,
          0.47456
        ],
        [
          2099,
          0.47096
        ],
        [
          2199,
          0.47456
        ],
        [
          2299,
          0.47456
        ],
        [
          2399,
          0.52
        ],
        [
          2499,
          0.52
        ],
        [
          2599,
          0.52
        ],
        [
          2699,
          0.52
        ],
        [
          2799,
          0.52
        ],
        [
          2899,
          0.52
        ],
        [
          2999,
          0.45412
        ],
        [
          3099,
          0.46824
        ],
        [
          3199,
          0.46176
        ],
        [
          3299,
          0.46436
        ],
        [
          3399,
          0.47864
        ],
        [
          3499,
          0.4568
        ],
        [
          3599,
          0.47292
        ],
        [
          3699,
          0.4732
        ],
        [
          3799,
          0.47588
        ],
        [
          3899,
          0.45712
        ],
        [
          3999,
          0.45216
        ],
        [
          4099,
          0.45056
        ],
        [
          4199,
          0.44832
        ],
        [
          4299,
          0.44668
        ],
        [
          4399,
          0.51552
        ],
        [
          4499,
          0.44944
        ],
        [
          4599,
          0.45152
        ],
        [
          4699,
          0.4436
        ],
        [
          4799,
          0.44584
        ],
        [
          4899,
          0.43872
        ],
        [
          4999,
          0.43596
        ]
      ],
      "consensus": {
        "unanimous": {
          "fraction_episodes_reach_consensus": 0.133,
          "fraction_episodes_consensus_correct": 0.12,
          "fraction_episodes_consensus_wrong_only": 0.013,
          "fraction_correct_at_first_consensus": 0.9022556390977443,
          "mean_first_consensus_t": 26.428571428571427,
          "median_first_consensus_t": 27.0
        },
        "majority": {
          "fraction_episodes_reach_consensus": 1.0,
          "fraction_episodes_consensus_correct": 1.0,
          "fraction_episodes_consensus_wrong_only": 0.0,
          "fraction_correct_at_first_consensus": 0.565,
          "mean_first_consensus_t": 1.335,
          "median_first_consensus_t": 1.0
        }
      },
      "beta_fit": {
        "alpha": 0.07370048369999999,
        "beta": 0.06297673140349644,
        "beta_std": NaN,
        "beta_ci_lower": NaN,
        "beta_ci_upper": NaN,
        "epsilon_inf": 0.4262995163,
        "fit_success": true,
        "method": "anchored_t2_log_linear_fallback",
        "rmse": 0.010496474869742041,
        "r2": 0.360443762259714,
        "fit_window_t_max": 50,
        "n_full_series": 50,
        "plateau_detected": false,
        "fit_anchor": "t2",
        "failure_reason": ""
      },
      "beta_hst_max": 0.16008541534707313,
      "beta_gap": -0.09710868394357669,
      "exceeds_hst_bound": false,
      "convergence_warning": true,
      "epsilon_series": [
        0.4797,
        0.4837,
        0.47150000000000003,
        0.46680000000000005,
        0.46190000000000003,
        0.4601,
        0.4581,
        0.45940000000000003,
        0.45180000000000003,
        0.45690000000000003,
        0.4444,
        0.44260000000000005,
        0.4385,
        0.43910000000000005,
        0.4384,
        0.44060000000000005,
        0.4423,
        0.4374,
        0.4354,
        0.43320000000000003,
        0.4329,
        0.43620000000000003,
        0.433,
        0.4348,
        0.43770000000000003,
        0.44220000000000004,
        0.43960000000000005,
        0.43710000000000004,
        0.4415,
        0.43520000000000003,
        0.4313,
        0.43670000000000003,
        0.43360000000000004,
        0.4358,
        0.4333,
        0.4277,
        0.4288,
        0.4364,
        0.42810000000000004,
        0.4335,
        0.4324,
        0.44060000000000005,
        0.42760000000000004,
        0.4379,
        0.4334,
        0.43170000000000003,
        0.4348,
        0.4379,
        0.4263,
        0.4364
      ],
      "learning_rate_plot": "artifacts/training_metrics_vector/grid_runs/n_10/q_0p52/seed_0/plots/n_10__complete__anchored_t0.png",
      "learning_rate_plot_anchored_t0": "artifacts/training_metrics_vector/grid_runs/n_10/q_0p52/seed_0/plots/n_10__complete__anchored_t0.png",
      "train_loss_plot": "artifacts/training_metrics_vector/grid_runs/n_10/q_0p52/seed_0/plots/n_10__complete__train_loss.png",
      "learning_rate_plot_anchored_t2": "artifacts/anchor_t2/training_metrics_vector/grid_runs/n_10/q_0p52/seed_0/plots/n_10__complete__anchored_t2.png"
    },
    "n_10/ws_p_0.0_seed_0": {
      "train_loss_final": 0.6856333017349243,
      "train_loss_running_mean_final": 0.692563591003418,
      "best_running_mean_loss": 0.6695617273449898,
      "best_episode_idx": 3672,
      "best_validation_error": 0.4516,
      "best_validation_episode_idx": 4999,