{
  "num_records": 15,
  "num_seeds": 5,
  "seeds": [
    0,
    1,
    2,
    3,
    4
  ],
  "cells": [
    {
      "num_nodes": 10,
      "signal_quality": 0.55,
      "topology": "complete",
      "n_seeds": 5,
      "beta_gat_mean": 0.09092586724954428,
      "beta_gat_std": 0.04012243638402522,
      "beta_gat_se_mean": 0.0024149963226648688,
      "beta_gat_ci_lower_mean": 0.08619256143432447,
      "beta_gat_ci_upper_mean": 0.0956591730647641,
      "beta_gat_best": 0.1561467940410342,
      "beta_gat_best_seed": 0,
      "beta_gap_at_best": -0.2451945968832686,
      "exceeds_hst_bound_at_best": false,
      "beta_hst_max_mean": 0.4013413909243028,
      "beta_gap_mean": -0.31041552367475855,
      "beta_gap_std": 0.040122436384025226,
      "exceeds_hst_bound_rate": 0.0,
      "convergence_warning_rate": 1.0,
      "fit_success_rate": 1.0,
      "fit_r2_mean": 0.9945986804798942,
      "unanimous_reach_consensus_rate_mean": 0.9902,
      "unanimous_correct_consensus_rate_mean": 0.9146000000000001,
      "unanimous_wrong_only_consensus_rate_mean": 0.0756,
      "unanimous_mean_first_consensus_t_mean": 10.012097829125164,
      "majority_reach_consensus_rate_mean": 1.0,
      "majority_correct_consensus_rate_mean": 0.9606,
      "majority_wrong_only_consensus_rate_mean": 0.039400000000000004,
      "majority_mean_first_consensus_t_mean": 1.2358
    },
    {
      "num_nodes": 10,
      "signal_quality": 0.55,
      "topology": "ws_p_0.0",
      "n_seeds": 5,
      "beta_gat_mean": 0.03069443461817445,
      "beta_gat_std": 0.0032735061390317378,
      "beta_gat_se_mean": 0.0005293106275853456,
      "beta_gat_ci_lower_mean": 0.029657004851472872,
      "beta_gat_ci_upper_mean": 0.03173186438487602,
      "beta_gat_best": 0.03375872329309661,
      "beta_gat_best_seed": 3,
      "beta_gap_at_best": -0.36758266763120623,
      "exceeds_hst_bound_at_best": false,
      "beta_hst_max_mean": 0.4013413909243028,
      "beta_gap_mean": -0.3706469563061284,
      "beta_gap_std": 0.0032735061390317373,
      "exceeds_hst_bound_rate": 0.0,
      "convergence_warning_rate": 0.6,
      "fit_success_rate": 1.0,
      "fit_r2_mean": 0.9968688380153108,
      "unanimous_reach_consensus_rate_mean": 0.8661999999999999,
      "unanimous_correct_consensus_rate_mean": 0.8458,
      "unanimous_wrong_only_consensus_rate_mean": 0.0204,
      "unanimous_mean_first_consensus_t_mean": 33.83568451108325,
      "majority_reach_consensus_rate_mean": 1.0,
      "majority_correct_consensus_rate_mean": 0.9884000000000001,
      "majority_wrong_only_consensus_rate_mean": 0.0116,
      "majority_mean_first_consensus_t_mean": 1.3106
    },
    {
      "num_nodes": 10,
      "signal_quality": 0.55,
      "topology": "ws_p_0.1",
      "n_seeds": 5,
      "beta_gat_mean": 0.030822473659548776,
      "beta_gat_std": 0.0054886031690506735,
      "beta_gat_se_mean": 0.00039272426369195364,
      "beta_gat_ci_lower_mean": 0.03005274824685753,
      "beta_gat_ci_upper_mean": 0.031592199072240014,
      "beta_gat_best": 0.037274919393056175,
      "beta_gat_best_seed": 0,
      "beta_gap_at_best": -0.36406647153124666,
      "exceeds_hst_bound_at_best": false,
      "beta_hst_max_mean": 0.4013413909243028,
      "beta_gap_mean": -0.37051891726475406,
      "beta_gap_std": 0.005488603169050669,
      "exceeds_hst_bound_rate": 0.0,
      "convergence_warning_rate": 0.4,
      "fit_success_rate": 1.0,
      "fit_r2_mean": 0.9980342710400352,
      "unanimous_reach_consensus_rate_mean": 0.8886,
      "unanimous_correct_consensus_rate_mean": 0.867,
      "unanimous_wrong_only_consensus_rate_mean": 0.0216,
      "unanimous_mean_first_consensus_t_mean": 31.77721437408698,
      "majority_reach_consensus_rate_mean": 1.0,
      "majority_correct_consensus_rate_mean": 0.993,
      "majority_wrong_only_consensus_rate_mean": 0.007000000000000001,
      "majority_mean_first_consensus_t_mean": 1.2988
    }
  ],
  "by_cell_key": {
    "n_10/q_0.55/complete": {
      "num_nodes": 10,
      "signal_quality": 0.55,
      "topology": "complete",
      "n_seeds": 5,
      "beta_gat_mean": 0.09092586724954428,
      "beta_gat_std": 0.04012243638402522,
      "beta_gat_se_mean": 0.0024149963226648688,
      "beta_gat_ci_lower_mean": 0.08619256143432447,
      "beta_gat_ci_upper_mean": 0.0956591730647641,
      "beta_gat_best": 0.1561467940410342,
      "beta_gat_best_seed": 0,
      "beta_gap_at_best": -0.2451945968832686,
      "exceeds_hst_bound_at_best": false,
      "beta_hst_max_mean": 0.4013413909243028,
      "beta_gap_mean": -0.31041552367475855,
      "beta_gap_std": 0.040122436384025226,
      "exceeds_hst_bound_rate": 0.0,
      "convergence_warning_rate": 1.0,
      "fit_success_rate": 1.0,
      "fit_r2_mean": 0.9945986804798942,
      "unanimous_reach_consensus_rate_mean": 0.9902,
      "unanimous_correct_consensus_rate_mean": 0.9146000000000001,
      "unanimous_wrong_only_consensus_rate_mean": 0.0756,
      "unanimous_mean_first_consensus_t_mean": 10.012097829125164,
      "majority_reach_consensus_rate_mean": 1.0,
      "majority_correct_consensus_rate_mean": 0.9606,
      "majority_wrong_only_consensus_rate_mean": 0.039400000000000004,
      "majority_mean_first_consensus_t_mean": 1.2358
    },
    "n_10/q_0.55/ws_p_0.0": {
      "num_nodes": 10,
      "signal_quality": 0.55,
      "topology": "ws_p_0.0",
      "n_seeds": 5,
      "beta_gat_mean": 0.03069443461817445,
      "beta_gat_std": 0.0032735061390317378,
      "beta_gat_se_mean": 0.0005293106275853456,
      "beta_gat_ci_lower_mean": 0.029657004851472872,
      "beta_gat_ci_upper_mean": 0.03173186438487602,
      "beta_gat_best": 0.03375872329309661,
      "beta_gat_best_seed": 3,
      "beta_gap_at_best": -0.36758266763120623,
      "exceeds_hst_bound_at_best": false,
      "beta_hst_max_mean": 0.4013413909243028,
      "beta_gap_mean": -0.3706469563061284,
      "beta_gap_std": 0.0032735061390317373,
      "exceeds_hst_bound_rate": 0.0,
      "convergence_warning_rate": 0.6,
      "fit_success_rate": 1.0,
      "fit_r2_mean": 0.9968688380153108,
      "unanimous_reach_consensus_rate_mean": 0.8661999999999999,
      "unanimous_correct_consensus_rate_mean": 0.8458,
      "unanimous_wrong_only_consensus_rate_mean": 0.0204,
      "unanimous_mean_first_consensus_t_mean": 33.83568451108325,
      "majority_reach_consensus_rate_mean": 1.0,
      "majority_correct_consensus_rate_mean": 0.9884000000000001,
      "majority_wrong_only_consensus_rate_mean": 0.0116,
      "majority_mean_first_consensus_t_mean": 1.3106
    },
    "n_10/q_0.55/ws_p_0.1": {
      "num_nodes": 10,
      "signal_quality": 0.55,
      "topology": "ws_p_0.1",
      "n_seeds": 5,
      "beta_gat_mean": 0.030822473659548776,
      "beta_gat_std": 0.0054886031690506735,
      "beta_gat_se_mean": 0.00039272426369195364,
      "beta_gat_ci_lower_mean": 0.03005274824685753,
      "beta_gat_ci_upper_mean": 0.031592199072240014,
      "beta_gat_best": 0.037274919393056175,
      "beta_gat_best_seed": 0,
      "beta_gap_at_best": -0.36406647153124666,
      "exceeds_hst_bound_at_best": false,
      "beta_hst_max_mean": 0.4013413909243028,
      "beta_gap_mean": -0.37051891726475406,
      "beta_gap_std": 0.005488603169050669,
      "exceeds_hst_bound_rate": 0.0,
      "convergence_warning_rate": 0.4,
      "fit_success_rate": 1.0,
      "fit_r2_mean": 0.9980342710400352,
      "unanimous_reach_consensus_rate_mean": 0.8886,
      "unanimous_correct_consensus_rate_mean": 0.867,
      "unanimous_wrong_only_consensus_rate_mean": 0.0216,
      "unanimous_mean_first_consensus_t_mean": 31.77721437408698,
      "majority_reach_consensus_rate_mean": 1.0,
      "majority_correct_consensus_rate_mean": 0.993,
      "majority_wrong_only_consensus_rate_mean": 0.007000000000000001,
      "majority_mean_first_consensus_t_mean": 1.2988
    }
  }
}