{
  "seed": 2,
  "conditions": {
    "n_10/complete": {
      "train_loss_final": 0.11710390448570251,
      "train_loss_running_mean_final": 0.13708001313731075,
      "best_running_mean_loss": 0.08345256922766567,
      "best_episode_idx": 4889,
      "best_validation_error": 0.02714,
      "best_validation_episode_idx": 4999,
      "validation_history": [
        [
          99,
          0.47908
        ],
        [
          199,
          0.40014
        ],
        [
          299,
          0.52
        ],
        [
          399,
          0.47806
        ],
        [
          499,
          0.39582
        ],
        [
          599,
          0.36162
        ],
        [
          699,
          0.42788
        ],
        [
          799,
          0.31964
        ],
        [
          899,
          0.09482
        ],
        [
          999,
          0.05132
        ],
        [
          1099,
          0.40014
        ],
        [
          1199,
          0.46736
        ],
        [
          1299,
          0.4482
        ],
        [
          1399,
          0.45624
        ],
        [
          1499,
          0.44966
        ],
        [
          1599,
          0.272
        ],
        [
          1699,
          0.27026
        ],
        [
          1799,
          0.0456
        ],
        [
          1899,
          0.03516
        ],
        [
          1999,
          0.03624
        ],
        [
          2099,
          0.03216
        ],
        [
          2199,
          0.4404
        ],
        [
          2299,
          0.33612
        ],
        [
          2399,
          0.33368
        ],
        [
          2499,
          0.22862
        ],
        [
          2599,
          0.05946
        ],
        [
          2699,
          0.5145
        ],
        [
          2799,
          0.0314
        ],
        [
          2899,
          0.03158
        ],
        [
          2999,
          0.36088
        ],
        [
          3099,
          0.10902
        ],
        [
          3199,
          0.03322
        ],
        [
          3299,
          0.0358
        ],
        [
          3399,
          0.47796
        ],
        [
          3499,
          0.08232
        ],
        [
          3599,
          0.0497
        ],
        [
          3699,
          0.03316
        ],
        [
          3799,
          0.03036
        ],
        [
          3899,
          0.03062
        ],
        [
          3999,
          0.04462
        ],
        [
          4099,
          0.03496
        ],
        [
          4199,
          0.1079
        ],
        [
          4299,
          0.03306
        ],
        [
          4399,
          0.04916
        ],
        [
          4499,
          0.08326
        ],
        [
          4599,
          0.02926
        ],
        [
          4699,
          0.07676
        ],
        [
          4799,
          0.03256
        ],
        [
          4899,
          0.03322
        ],
        [
          4999,
          0.02714
        ]
      ],
      "beta_fit": {
        "alpha": 0.4822645943886714,
        "beta": 0.18888038696077106,
        "beta_std": 0.00434583413098043,
        "beta_ci_lower": 0.1803627085812645,
        "beta_ci_upper": 0.19739806534027762,
        "epsilon_inf": 0.017735405611328605,
        "fit_success": true,
        "method": "scipy_anchored_t0",
        "rmse": 0.007291611882301754,
        "r2": 0.995346528916542,
        "fit_window_t_max": 23,
        "n_full_series": 100,
        "plateau_detected": true,
        "failure_reason": ""
      },
      "beta_hst_max": 0.8109302162163284,
      "beta_gap": -0.6220498292555574,
      "exceeds_hst_bound": false,
      "convergence_warning": false,
      "epsilon_series": [
        0.39840000000000003,
        0.3306,
        0.3019,
        0.2354,
        0.19890000000000002,
        0.1741,
        0.1514,
        0.129,
        0.1105,
        0.0952,
        0.082,
        0.0718,
        0.0646,
        0.0563,
        0.0492,
        0.0448,
        0.038,
        0.0328,
        0.0269,
        0.0244,
        0.021500000000000002,
        0.0205,
        0.017,
        0.0155,
        0.0143,
        0.011600000000000001,
        0.012100000000000001,
        0.011300000000000001,
        0.0092,
        0.0082,
        0.0086,
        0.0073,
        0.0068000000000000005,
        0.006900000000000001,
        0.006200000000000001,
        0.006,
        0.0057,
        0.0058000000000000005,
        0.005,
        0.0053,
        0.0056,
        0.0053,
        0.005200000000000001,
        0.0049,
        0.0048000000000000004,
        0.005,
        0.0048000000000000004,
        0.0047,
        0.0046,
        0.0046,
        0.004200000000000001,
        0.0038,
        0.0036000000000000003,
        0.004200000000000001,
        0.0041,
        0.0041,
        0.0039000000000000003,
        0.004,
        0.0035,
        0.0035,
        0.003,
        0.0034000000000000002,
        0.0032,
        0.0032,
        0.0035,
        0.003,
        0.0032,
        0.0028,
        0.0026000000000000003,
        0.0028,
        0.0025,
        0.0027,
        0.0023,
        0.0025,
        0.0021000000000000003,
        0.0023,
        0.0022,
        0.0018000000000000002,
        0.0021000000000000003,
        0.002,
        0.0017000000000000001,
        0.0016,
        0.0016,
        0.0016,
        0.0012000000000000001,
        0.0013000000000000002,
        0.0012000000000000001,
        0.0009000000000000001,
        0.0006000000000000001,
        0.0004,
        0.0005,
        0.0004,
        0.0004,
        0.0004,
        0.0002,
        0.0001,
        0.0002,
        0.0001,
        0.0001,
        0.00030000000000000003
      ],
      "learning_rate_plot": "artifacts/training_metrics_fair/grid_runs/n_10/q_0p6/seed_2/plots/n_10__complete__anchored_t0.png",
      "learning_rate_plot_anchored_t0": "artifacts/training_metrics_fair/grid_runs/n_10/q_0p6/seed_2/plots/n_10__complete__anchored_t0.png",
      "train_loss_plot": "artifacts/training_metrics_fair/grid_runs/n_10/q_0p6/seed_2/plots/n_10__complete__train_loss.png"
    },
    "n_10/ws_p_0.0_seed_2": {
      "train_loss_final": 0.08177141845226288,
      "train_loss_running_mean_final": 0.11690411869436503,
      "best_running_mean_loss": 0.10382909301668405,
      "best_episode_idx": 3568,
      "best_validation_error": 0.0375,
      "best_validation_episode_idx": 4799,