{
  "seed": 1,
  "conditions": {
    "n_10/complete": {
      "train_loss_final": 0.01580323837697506,
      "train_loss_running_mean_final": 0.022825668649747968,
      "best_running_mean_loss": 0.006480626030825078,
      "best_episode_idx": 3833,
      "best_validation_error": 0.00192,
      "best_validation_episode_idx": 3699,
      "validation_history": [
        [
          99,
          0.00238
        ],
        [
          199,
          0.00216
        ],
        [
          299,
          0.0028
        ],
        [
          399,
          0.00208
        ],
        [
          499,
          0.00208
        ],
        [
          599,
          0.19974
        ],
        [
          699,
          0.00336
        ],
        [
          799,
          0.00306
        ],
        [
          899,
          0.00228
        ],
        [
          999,
          0.0022
        ],
        [
          1099,
          0.0022
        ],
        [
          1199,
          0.00218
        ],
        [
          1299,
          0.00216
        ],
        [
          1399,
          0.00214
        ],
        [
          1499,
          0.00214
        ],
        [
          1599,
          0.00214
        ],
        [
          1699,
          0.1021
        ],
        [
          1799,
          0.0022
        ],
        [
          1899,
          0.00218
        ],
        [
          1999,
          0.00218
        ],
        [
          2099,
          0.00214
        ],
        [
          2199,
          0.00214
        ],
        [
          2299,
          0.00222
        ],
        [
          2399,
          0.00214
        ],
        [
          2499,
          0.002
        ],
        [
          2599,
          0.002
        ],
        [
          2699,
          0.002
        ],
        [
          2799,
          0.00198
        ],
        [
          2899,
          0.00198
        ],
        [
          2999,
          0.00198
        ],
        [
          3099,
          0.00194
        ],
        [
          3199,
          0.002
        ],
        [
          3299,
          0.002
        ],
        [
          3399,
          0.002
        ],
        [
          3499,
          0.00194
        ],
        [
          3599,
          0.00194
        ],
        [
          3699,
          0.00192
        ],
        [
          3799,
          0.00192
        ],
        [
          3899,
          0.00198
        ],
        [
          3999,
          0.002
        ],
        [
          4099,
          0.00214
        ],
        [
          4199,
          0.00202
        ],
        [
          4299,
          0.00216
        ],
        [
          4399,
          0.002
        ],
        [
          4499,
          0.002
        ],
        [
          4599,
          0.002
        ],
        [
          4699,
          0.00194
        ],
        [
          4799,
          0.00192
        ],
        [
          4899,
          0.00218
        ],
        [
          4999,
          0.002
        ]
      ],
      "consensus": {
        "unanimous": {
          "fraction_episodes_reach_consensus": 1.0,
          "fraction_episodes_consensus_correct": 1.0,
          "fraction_episodes_consensus_wrong_only": 0.0,
          "fraction_correct_at_first_consensus": 1.0,
          "mean_first_consensus_t": 2.033,
          "median_first_consensus_t": 2.0
        },
        "majority": {
          "fraction_episodes_reach_consensus": 1.0,
          "fraction_episodes_consensus_correct": 1.0,
          "fraction_episodes_consensus_wrong_only": 0.0,
          "fraction_correct_at_first_consensus": 0.997,
          "mean_first_consensus_t": 1.035,
          "median_first_consensus_t": 1.0
        }
      },
      "beta_fit": {
        "alpha": 0.49999999999999906,
        "beta": 1.077994041120428,
        "beta_std": 0.1579183977262752,
        "beta_ci_lower": 0.7684796690806568,
        "beta_ci_upper": 1.3875084131601993,
        "epsilon_inf": 9.397968367253049e-16,
        "fit_success": true,
        "method": "scipy_anchored_t0",
        "rmse": 0.02134596924054349,
        "r2": 0.9164598612765757,
        "fit_window_t_max": 6,
        "n_full_series": 100,
        "plateau_detected": true,
        "fit_anchor": "t0",
        "failure_reason": ""
      },
      "beta_hst_max": 2.7725887222397816,
      "beta_gap": -1.6945946811193535,
      "exceeds_hst_bound": false,
      "convergence_warning": false,
      "epsilon_series": [
        0.2023,
        0.020800000000000003,
        0.0027,
        0.0011,
        0.0006000000000000001,
        0.0002,
        0.0,
        0.0,
        0.0,
        0.0,
        0.0,
        0.0,
        0.0,
        0.0,
        0.0,
        0.0,
        0.0,
        0.0,
        0.0,
        0.0,
        0.0,
        0.0,
        0.0,
        0.0,
        0.0,
        0.0,
        0.0,
        0.0,
        0.0,
        0.0,
        0.0,
        0.0,
        0.0,
        0.0,
        0.0,
        0.0,
        0.0,
        0.0,
        0.0,
        0.0,
        0.0,
        0.0,
        0.0,
        0.0,
        0.0,
        0.0,
        0.0,
        0.0,
        0.0,
        0.0,
        0.0,
        0.0,
        0.0,
        0.0,
        0.0,
        0.0,
        0.0,
        0.0,
        0.0,
        0.0,
        0.0,
        0.0,
        0.0,
        0.0,
        0.0,
        0.0,
        0.0,
        0.0,
        0.0,
        0.0,
        0.0,
        0.0,
        0.0,
        0.0,
        0.0,
        0.0,
        0.0,
        0.0,
        0.0,
        0.0,
        0.0,
        0.0,
        0.0,
        0.0,
        0.0,
        0.0,
        0.0,
        0.0,
        0.0,
        0.0,
        0.0,
        0.0,
        0.0,
        0.0,
        0.0,
        0.0,
        0.0,
        0.0,
        0.0,
        0.0
      ],
      "learning_rate_plot": "artifacts/training_metrics_vector/grid_runs/n_10/q_0p8/seed_1/plots/n_10__complete__anchored_t0.png",
      "learning_rate_plot_anchored_t0": "artifacts/training_metrics_vector/grid_runs/n_10/q_0p8/seed_1/plots/n_10__complete__anchored_t0.png",
      "train_loss_plot": "artifacts/training_metrics_vector/grid_runs/n_10/q_0p8/seed_1/plots/n_10__complete__train_loss.png"
    },
    "n_10/ws_p_0.0_seed_1": {
      "train_loss_final": 0.007596130948513746,
      "train_loss_running_mean_final": 0.009925570220220835,
      "best_running_mean_loss": 0.007485211808234454,
      "best_episode_idx": 4734,
      "best_validation_error": 0.00288,
      "best_validation_episode_idx": 4799,