{
  "seed": 4,
  "conditions": {
    "n_10/complete": {
      "train_loss_final": null,
      "train_loss_running_mean_final": null,
      "best_running_mean_loss": null,
      "best_episode_idx": null,
      "best_validation_error": null,
      "best_validation_episode_idx": null,
      "validation_history": [],
      "consensus": {
        "unanimous": {
          "fraction_episodes_reach_consensus": 1.0,
          "fraction_episodes_consensus_correct": 0.656,
          "fraction_episodes_consensus_wrong_only": 0.344,
          "fraction_correct_at_first_consensus": 0.656,
          "mean_first_consensus_t": 2.751,
          "median_first_consensus_t": 3.0
        },
        "majority": {
          "fraction_episodes_reach_consensus": 1.0,
          "fraction_episodes_consensus_correct": 0.656,
          "fraction_episodes_consensus_wrong_only": 0.344,
          "fraction_correct_at_first_consensus": 0.656,
          "mean_first_consensus_t": 1.31,
          "median_first_consensus_t": 1.0
        }
      },
      "beta_fit": {
        "alpha": 0.032867293530955174,
        "beta": 2.2481346352276703,
        "beta_std": 0.06513958605789881,
        "beta_ci_lower": 2.120463392586341,
        "beta_ci_upper": 2.3758058778689994,
        "epsilon_inf": 0.3439480060911289,
        "fit_success": true,
        "method": "scipy_anchored_t2",
        "rmse": 0.00021986106545637167,
        "r2": 0.9977806456125496,
        "fit_window_t_max": 50,
        "n_full_series": 50,
        "plateau_detected": false,
        "fit_anchor": "t2",
        "fit_start_t": 2,
        "failure_reason": ""
      },
      "beta_hst_max": 0.4013413909243028,
      "beta_gap": 1.8467932443033674,
      "exceeds_hst_bound": false,
      "convergence_warning": true,
      "epsilon_series": [
        0.4538,
        0.3768,
        0.3477,
        0.3431,
        0.3433,
        0.3435,
        0.3438,
        0.344,
        0.344,
        0.344,
        0.344,
        0.344,
        0.344,
        0.344,
        0.344,
        0.344,
        0.344,
        0.344,
        0.344,
        0.344,
        0.344,
        0.344,
        0.344,
        0.344,
        0.344,
        0.344,
        0.344,
        0.344,
        0.344,
        0.344,
        0.344,
        0.344,
        0.344,
        0.344,
        0.344,
        0.344,
        0.344,
        0.344,
        0.344,
        0.344,
        0.344,
        0.344,
        0.344,
        0.344,
        0.344,
        0.344,
        0.344,
        0.344,
        0.344,
        0.344
      ],
      "algorithm": "majority_vote",
      "learning_rate_plot": "artifacts/training_metrics_majority/grid_runs/n_10/q_0p55/seed_4/plots/n_10__complete__anchored_t2.png",
      "learning_rate_plot_anchored_t2": "artifacts/training_metrics_majority/grid_runs/n_10/q_0p55/seed_4/plots/n_10__complete__anchored_t2.png"
    },
    "n_10/ws_p_0.0_seed_4": {
      "train_loss_final": null,
      "train_loss_running_mean_final": null,
      "best_running_mean_loss": null,
      "best_episode_idx": null,
      "best_validation_error": null,
      "best_validation_episode_idx": null,
      "validation_history": [],
      "consensus": {
        "unanimous": {
          "fraction_episodes_reach_consensus": 0.552,
          "fraction_episodes_consensus_correct": 0.462,
          "fraction_episodes_consensus_wrong_only": 0.09,
          "fraction_correct_at_first_consensus": 0.8369565217391305,
          "mean_first_consensus_t": 14.516304347826088,
          "median_first_consensus_t": 6.0
        },
        "majority": {
          "fraction_episodes_reach_consensus": 1.0,
          "fraction_episodes_consensus_correct": 0.799,
          "fraction_episodes_consensus_wrong_only": 0.201,
          "fraction_correct_at_first_consensus": 0.664,
          "mean_first_consensus_t": 1.329,
          "median_first_consensus_t": 1.0
        }
      },
      "beta_fit": {
        "alpha": 0.1049121496546948,
        "beta": 0.039215929827536966,
        "beta_std": 0.002936424047910828,
        "beta_ci_lower": 0.033460644450294424,
        "beta_ci_upper": 0.04497121520477951,
        "epsilon_inf": 0.26998040855344185,
        "fit_success": true,
        "method": "scipy_anchored_t2",
        "rmse": 0.007507855973620663,
        "r2": 0.9296450454423051,
        "fit_window_t_max": 100,
        "n_full_series": 100,
        "plateau_detected": false,
        "fit_anchor": "t2",
        "fit_start_t": 2,
        "failure_reason": ""
      },
      "beta_hst_max": 0.4013413909243028,
      "beta_gap": -0.36212546109676585,
      "exceeds_hst_bound": false,
      "convergence_warning": true,
      "epsilon_series": [
        0.4538,
        0.4252,
        0.3925,
        0.3717,
        0.359,
        0.3517,
        0.3476,
        0.3431,
        0.3392,
        0.334,
        0.329,
        0.3283,
        0.3284,
        0.3267,
        0.3245,
        0.3221,
        0.321,
        0.3189,
        0.3181,
        0.3168,
        0.3154,
        0.3145,
        0.3138,
        0.3131,
        0.3122,
        0.3109,
        0.3075,
        0.3087,
        0.3082,
        0.3073,
        0.3069,
        0.3039,
        0.3039,
        0.3031,
        0.3032,
        0.3023,
        0.303,
        0.3017,
        0.2993,
        0.2983,
        0.2969,
        0.2968,
        0.2967,
        0.296,
        0.2953,
        0.2936,
        0.2937,
        0.2921,
        0.2915,
        0.291,
        0.2912,
        0.2894,
        0.2895,
        0.2887,
        0.2868,
        0.2861,
        0.2852,
        0.2844,
        0.2831,
        0.2833,
        0.2837,
        0.2828,
        0.2825,
        0.2813,
        0.2812,
        0.2812,
        0.2807,
        0.2799,
        0.2795,
        0.2783,
        0.2785,
        0.2784,
        0.2775,
        0.2763,
        0.2758,
        0.2752,
        0.2751,
        0.2745,
        0.2747,
        0.2737,
        0.2728,
        0.2733,
        0.2731,
        0.2725,
        0.2716,
        0.2718,
        0.2706,
        0.2707,
        0.2694,
        0.2696,
        0.2696,
        0.2684,
        0.2675,
        0.2671,
        0.2656,
        0.267,
        0.2666,
        0.2659,
        0.265,
        0.2647
      ],
      "algorithm": "majority_vote",
      "learning_rate_plot": "artifacts/training_metrics_majority/grid_runs/n_10/q_0p55/seed_4/plots/n_10__ws_p_0.0_seed_4__anchored_t2.png",
      "learning_rate_plot_anchored_t2": "artifacts/training_metrics_majority/grid_runs/n_10/q_0p55/seed_4/plots/n_10__ws_p_0.0_seed_4__anchored_t2.png"
    },
    "n_10/ws_p_0.1_seed_4": {
      "train_loss_final": null,
      "train_loss_running_mean_final": null,
      "best_running_mean_loss": null,
      "best_episode_idx": null,
      "best_validation_error": null,
      "best_validation_episode_idx": null,
      "validation_history": [],
      "consensus": {
        "unanimous": {
          "fraction_episodes_reach_consensus": 0.504,
          "fraction_episodes_consensus_correct": 0.414,
          "fraction_episodes_consensus_wrong_only": 0.09,
          "fraction_correct_at_first_consensus": 0.8214285714285714,
          "mean_first_consensus_t": 10.386904761904763,
          "median_first_consensus_t": 5.0
        },
        "majority": {
          "fraction_episodes_reach_consensus": 0.999,
          "fraction_episodes_consensus_correct": 0.784,
          "fraction_episodes_consensus_wrong_only": 0.215,
          "fraction_correct_at_first_consensus": 0.6626626626626627,
          "mean_first_consensus_t": 1.3343343343343343,
          "median_first_consensus_t": 1.0
        }
      },
      "beta_fit": {
        "alpha": 0.07151984831573412,
        "beta": 0.06586636348644159,
        "beta_std": 0.005889041747596877,
        "beta_ci_lower": 0.054324053757698894,
        "beta_ci_upper": 0.0774086732151843,
        "epsilon_inf": 0.3127178489947389,
        "fit_success": true,