{
  "seed": 3,
  "conditions": {
    "n_10/complete": {
      "train_loss_final": 0.0041830833069980145,
      "train_loss_running_mean_final": 0.009376338559668511,
      "best_running_mean_loss": 0.006292889699107036,
      "best_episode_idx": 3105,
      "best_validation_error": 0.00236,
      "best_validation_episode_idx": 2999,
      "validation_history": [
        [
          99,
          0.04474
        ],
        [
          199,
          0.42536
        ],
        [
          299,
          0.00406
        ],
        [
          399,
          0.00352
        ],
        [
          499,
          0.00294
        ],
        [
          599,
          0.00284
        ],
        [
          699,
          0.00264
        ],
        [
          799,
          0.00258
        ],
        [
          899,
          0.00262
        ],
        [
          999,
          0.00238
        ],
        [
          1099,
          0.00276
        ],
        [
          1199,
          0.00242
        ],
        [
          1299,
          0.00242
        ],
        [
          1399,
          0.00242
        ],
        [
          1499,
          0.0036
        ],
        [
          1599,
          0.00278
        ],
        [
          1699,
          0.00262
        ],
        [
          1799,
          0.00252
        ],
        [
          1899,
          0.00246
        ],
        [
          1999,
          0.00242
        ],
        [
          2099,
          0.00322
        ],
        [
          2199,
          0.00276
        ],
        [
          2299,
          0.00276
        ],
        [
          2399,
          0.00258
        ],
        [
          2499,
          0.00252
        ],
        [
          2599,
          0.00252
        ],
        [
          2699,
          0.00242
        ],
        [
          2799,
          0.00242
        ],
        [
          2899,
          0.00242
        ],
        [
          2999,
          0.00236
        ],
        [
          3099,
          0.00236
        ],
        [
          3199,
          0.00242
        ],
        [
          3299,
          0.00236
        ],
        [
          3399,
          0.02322
        ],
        [
          3499,
          0.00292
        ],
        [
          3599,
          0.00292
        ],
        [
          3699,
          0.00258
        ],
        [
          3799,
          0.00254
        ],
        [
          3899,
          0.00252
        ],
        [
          3999,
          0.00246
        ],
        [
          4099,
          0.00236
        ],
        [
          4199,
          0.00292
        ],
        [
          4299,
          0.00252
        ],
        [
          4399,
          0.0027
        ],
        [
          4499,
          0.00242
        ],
        [
          4599,
          0.00242
        ],
        [
          4699,
          0.00278
        ],
        [
          4799,
          0.00252
        ],
        [
          4899,
          0.00242
        ],
        [
          4999,
          0.00242
        ]
      ],
      "beta_fit": {
        "alpha": 0.49732217935556394,
        "beta": 1.0189639728677797,
        "beta_std": 0.015676422474119833,
        "beta_ci_lower": 0.9882387494120706,
        "beta_ci_upper": 1.049689196323489,
        "epsilon_inf": 0.0026778206444360397,
        "fit_success": true,
        "method": "scipy_anchored_t0",
        "rmse": 0.0036098561973653973,
        "r2": 0.9691303804651857,
        "fit_window_t_max": 100,
        "n_full_series": 100,
        "plateau_detected": false,
        "failure_reason": ""
      },
      "beta_hst_max": 2.7725887222397816,
      "beta_gap": -1.7536247493720019,
      "exceeds_hst_bound": false,
      "convergence_warning": false,
      "epsilon_series": [
        0.2053,
        0.0463,
        0.010400000000000001,
        0.0036000000000000003,
        0.0028,
        0.003,
        0.003,
        0.003,
        0.003,
        0.003,
        0.003,
        0.003,
        0.003,
        0.003,
        0.003,
        0.003,
        0.003,
        0.003,
        0.003,
        0.003,
        0.003,
        0.003,
        0.003,
        0.003,
        0.003,
        0.003,
        0.003,
        0.003,
        0.003,
        0.003,
        0.003,
        0.003,
        0.003,
        0.003,
        0.003,
        0.003,
        0.003,
        0.003,
        0.003,
        0.003,
        0.003,
        0.003,
        0.003,
        0.003,
        0.003,
        0.003,
        0.003,
        0.003,
        0.003,
        0.003,
        0.003,
        0.003,
        0.003,
        0.003,
        0.003,
        0.003,
        0.003,
        0.003,
        0.003,
        0.003,
        0.003,
        0.003,
        0.003,
        0.003,
        0.003,
        0.003,
        0.003,
        0.003,
        0.003,
        0.003,
        0.003,
        0.003,
        0.003,
        0.003,
        0.003,
        0.003,
        0.003,
        0.003,
        0.003,
        0.003,
        0.003,
        0.003,
        0.003,
        0.003,
        0.003,
        0.003,
        0.003,
        0.003,
        0.003,
        0.003,
        0.003,
        0.003,
        0.003,
        0.003,
        0.003,
        0.003,
        0.003,
        0.003,
        0.003,
        0.003
      ],
      "learning_rate_plot": "artifacts/training_metrics_fair/grid_runs/n_10/q_0p8/seed_3/plots/n_10__complete__anchored_t0.png",
      "learning_rate_plot_anchored_t0": "artifacts/training_metrics_fair/grid_runs/n_10/q_0p8/seed_3/plots/n_10__complete__anchored_t0.png",
      "train_loss_plot": "artifacts/training_metrics_fair/grid_runs/n_10/q_0p8/seed_3/plots/n_10__complete__train_loss.png"
    },
    "n_10/ws_p_0.0_seed_3": {
      "train_loss_final": 0.0053800372406840324,
      "train_loss_running_mean_final": 0.012072571540484205,
      "best_running_mean_loss": 0.009124882108299062,
      "best_episode_idx": 3465,
      "best_validation_error": 0.00356,
      "best_validation_episode_idx": 4399,