{
  "seed": 0,
  "conditions": {
    "n_10/complete": {
      "train_loss_final": 0.024774516001343727,
      "train_loss_running_mean_final": 0.03796689363196492,
      "best_running_mean_loss": 0.0064353101316373795,
      "best_episode_idx": 3699,
      "best_validation_error": 0.00208,
      "best_validation_episode_idx": 3999,
      "validation_history": [
        [
          99,
          0.22624
        ],
        [
          199,
          0.04762
        ],
        [
          299,
          0.00352
        ],
        [
          399,
          0.4725
        ],
        [
          499,
          0.00434
        ],
        [
          599,
          0.00284
        ],
        [
          699,
          0.00326
        ],
        [
          799,
          0.00268
        ],
        [
          899,
          0.00282
        ],
        [
          999,
          0.00268
        ],
        [
          1099,
          0.00272
        ],
        [
          1199,
          0.00272
        ],
        [
          1299,
          0.00262
        ],
        [
          1399,
          0.00262
        ],
        [
          1499,
          0.00268
        ],
        [
          1599,
          0.00232
        ],
        [
          1699,
          0.0023
        ],
        [
          1799,
          0.0031
        ],
        [
          1899,
          0.51202
        ],
        [
          1999,
          0.0028
        ],
        [
          2099,
          0.00258
        ],
        [
          2199,
          0.00226
        ],
        [
          2299,
          0.00238
        ],
        [
          2399,
          0.00222
        ],
        [
          2499,
          0.00236
        ],
        [
          2599,
          0.00228
        ],
        [
          2699,
          0.07152
        ],
        [
          2799,
          0.00256
        ],
        [
          2899,
          0.00246
        ],
        [
          2999,
          0.0023
        ],
        [
          3099,
          0.00276
        ],
        [
          3199,
          0.00228
        ],
        [
          3299,
          0.00242
        ],
        [
          3399,
          0.00224
        ],
        [
          3499,
          0.00214
        ],
        [
          3599,
          0.00214
        ],
        [
          3699,
          0.00228
        ],
        [
          3799,
          0.00214
        ],
        [
          3899,
          0.0021
        ],
        [
          3999,
          0.00208
        ],
        [
          4099,
          0.0021
        ],
        [
          4199,
          0.18646
        ],
        [
          4299,
          0.00262
        ],
        [
          4399,
          0.00258
        ],
        [
          4499,
          0.00274
        ],
        [
          4599,
          0.00226
        ],
        [
          4699,
          0.00228
        ],
        [
          4799,
          0.00226
        ],
        [
          4899,
          0.0046
        ],
        [
          4999,
          0.00262
        ]
      ],
      "beta_fit": {
        "alpha": 0.49732940546391874,
        "beta": 1.0599242833292932,
        "beta_std": 0.018510161917959726,
        "beta_ci_lower": 1.0236450326220874,
        "beta_ci_upper": 1.096203534036499,
        "epsilon_inf": 0.0026705945360812884,
        "fit_success": true,
        "method": "scipy_anchored_t0",
        "rmse": 0.004003533758504277,
        "r2": 0.9592848827267334,
        "fit_window_t_max": 100,
        "n_full_series": 100,
        "plateau_detected": false,
        "failure_reason": ""
      },
      "beta_hst_max": 2.7725887222397816,
      "beta_gap": -1.7126644389104884,
      "exceeds_hst_bound": false,
      "convergence_warning": false,
      "epsilon_series": [
        0.1998,
        0.0374,
        0.0056,
        0.0039000000000000003,
        0.0035,
        0.0033,
        0.003,
        0.003,
        0.003,
        0.003,
        0.003,
        0.003,
        0.003,
        0.003,
        0.003,
        0.003,
        0.003,
        0.003,
        0.003,
        0.003,
        0.003,
        0.003,
        0.003,
        0.003,
        0.003,
        0.003,
        0.003,
        0.003,
        0.003,
        0.003,
        0.003,
        0.003,
        0.003,
        0.003,
        0.003,
        0.003,
        0.003,
        0.003,
        0.003,
        0.003,
        0.003,
        0.003,
        0.003,
        0.003,
        0.003,
        0.003,
        0.003,
        0.003,
        0.003,
        0.003,
        0.003,
        0.003,
        0.003,
        0.003,
        0.003,
        0.003,
        0.003,
        0.003,
        0.003,
        0.003,
        0.003,
        0.003,
        0.003,
        0.003,
        0.003,
        0.003,
        0.003,
        0.003,
        0.003,
        0.003,
        0.003,
        0.003,
        0.003,
        0.003,
        0.003,
        0.003,
        0.003,
        0.003,
        0.003,
        0.003,
        0.003,
        0.003,
        0.003,
        0.003,
        0.003,
        0.003,
        0.003,
        0.003,
        0.003,
        0.003,
        0.003,
        0.003,
        0.003,
        0.003,
        0.003,
        0.003,
        0.003,
        0.003,
        0.003,
        0.003
      ],
      "learning_rate_plot": "artifacts/training_metrics_fair/grid_runs/n_10/q_0p8/seed_0/plots/n_10__complete__anchored_t0.png",
      "learning_rate_plot_anchored_t0": "artifacts/training_metrics_fair/grid_runs/n_10/q_0p8/seed_0/plots/n_10__complete__anchored_t0.png",
      "train_loss_plot": "artifacts/training_metrics_fair/grid_runs/n_10/q_0p8/seed_0/plots/n_10__complete__train_loss.png"
    },
    "n_10/ws_p_0.0_seed_0": {
      "train_loss_final": 0.019666602835059166,
      "train_loss_running_mean_final": 0.01240092339226976,
      "best_running_mean_loss": 0.010017617831472307,
      "best_episode_idx": 1887,
      "best_validation_error": 0.00416,
      "best_validation_episode_idx": 2599,