{
  "seed": 0,
  "conditions": {
    "n_10/complete": {
      "train_loss_final": 0.03437289968132973,
      "train_loss_running_mean_final": 0.01896419014316052,
      "best_running_mean_loss": 0.015626555741764605,
      "best_episode_idx": 4082,
      "best_validation_error": 0.00614,
      "best_validation_episode_idx": 4999,
      "validation_history": [
        [
          99,
          0.1593
        ],
        [
          199,
          0.48
        ],
        [
          299,
          0.45252
        ],
        [
          399,
          0.08286
        ],
        [
          499,
          0.51518
        ],
        [
          599,
          0.48
        ],
        [
          699,
          0.48
        ],
        [
          799,
          0.30328
        ],
        [
          899,
          0.51452
        ],
        [
          999,
          0.50954
        ],
        [
          1099,
          0.30262
        ],
        [
          1199,
          0.30258
        ],
        [
          1299,
          0.30202
        ],
        [
          1399,
          0.30134
        ],
        [
          1499,
          0.2999
        ],
        [
          1599,
          0.29872
        ],
        [
          1699,
          0.3909
        ],
        [
          1799,
          0.0117
        ],
        [
          1899,
          0.0088
        ],
        [
          1999,
          0.47828
        ],
        [
          2099,
          0.02414
        ],
        [
          2199,
          0.03196
        ],
        [
          2299,
          0.01242
        ],
        [
          2399,
          0.0125
        ],
        [
          2499,
          0.0381
        ],
        [
          2599,
          0.009
        ],
        [
          2699,
          0.0091
        ],
        [
          2799,
          0.10702
        ],
        [
          2899,
          0.00896
        ],
        [
          2999,
          0.02904
        ],
        [
          3099,
          0.01096
        ],
        [
          3199,
          0.00984
        ],
        [
          3299,
          0.00876
        ],
        [
          3399,
          0.0082
        ],
        [
          3499,
          0.0083
        ],
        [
          3599,
          0.00802
        ],
        [
          3699,
          0.00758
        ],
        [
          3799,
          0.00778
        ],
        [
          3899,
          0.0073
        ],
        [
          3999,
          0.00662
        ],
        [
          4099,
          0.00628
        ],
        [
          4199,
          0.46694
        ],
        [
          4299,
          0.01298
        ],
        [
          4399,
          0.00828
        ],
        [
          4499,
          0.00874
        ],
        [
          4599,
          0.0068
        ],
        [
          4699,
          0.00752
        ],
        [
          4799,
          0.00658
        ],
        [
          4899,
          0.00822
        ],
        [
          4999,
          0.00614
        ]
      ],
      "consensus": {
        "unanimous": {
          "fraction_episodes_reach_consensus": 1.0,
          "fraction_episodes_consensus_correct": 0.998,
          "fraction_episodes_consensus_wrong_only": 0.002,
          "fraction_correct_at_first_consensus": 0.998,
          "mean_first_consensus_t": 3.244,
          "median_first_consensus_t": 3.0
        },
        "majority": {
          "fraction_episodes_reach_consensus": 1.0,
          "fraction_episodes_consensus_correct": 1.0,
          "fraction_episodes_consensus_wrong_only": 0.0,
          "fraction_correct_at_first_consensus": 0.949,
          "mean_first_consensus_t": 1.117,
          "median_first_consensus_t": 1.0
        }
      },
      "beta_fit": {
        "alpha": 0.49869946845070695,
        "beta": 0.5580572283153472,
        "beta_std": 0.010112649110117986,
        "beta_ci_lower": 0.5382368002712249,
        "beta_ci_upper": 0.5778776563594695,
        "epsilon_inf": 0.0013005315492930418,
        "fit_success": true,
        "method": "scipy_anchored_t0",
        "rmse": 0.005845530332316293,
        "r2": 0.9741328386331991,
        "fit_window_t_max": 100,
        "n_full_series": 100,
        "plateau_detected": false,
        "fit_anchor": "t0",
        "failure_reason": ""
      },
      "beta_hst_max": 1.694595720774407,
      "beta_gap": -1.1365384924590596,
      "exceeds_hst_bound": false,
      "convergence_warning": false,
      "epsilon_series": [
        0.301,
        0.1973,
        0.0902,
        0.024,
        0.0048000000000000004,
        0.0019,
        0.0022,
        0.0022,
        0.0025,
        0.0023,
        0.0024000000000000002,
        0.0022,
        0.0023,
        0.0023,
        0.002,
        0.002,
        0.002,
        0.002,
        0.002,
        0.002,
        0.002,
        0.002,
        0.002,
        0.002,
        0.002,
        0.002,
        0.002,
        0.002,
        0.002,
        0.002,
        0.002,
        0.002,
        0.002,
        0.002,
        0.002,
        0.002,
        0.002,
        0.002,
        0.002,
        0.002,
        0.002,
        0.002,
        0.002,
        0.002,
        0.002,
        0.002,
        0.002,
        0.002,
        0.002,
        0.002,
        0.002,
        0.002,
        0.002,
        0.002,
        0.002,
        0.002,
        0.002,
        0.002,
        0.002,
        0.002,
        0.002,
        0.002,
        0.002,
        0.002,
        0.002,
        0.002,
        0.002,
        0.002,
        0.002,
        0.002,
        0.002,
        0.002,
        0.002,
        0.002,
        0.002,
        0.002,
        0.002,
        0.002,
        0.002,
        0.002,
        0.002,
        0.002,
        0.002,
        0.002,
        0.002,
        0.002,
        0.002,
        0.002,
        0.002,
        0.002,
        0.002,
        0.002,
        0.002,
        0.002,
        0.002,
        0.002,
        0.002,
        0.002,
        0.002,
        0.002
      ],
      "learning_rate_plot": "artifacts/training_metrics_vector/grid_runs/n_10/q_0p7/seed_0/plots/n_10__complete__anchored_t0.png",
      "learning_rate_plot_anchored_t0": "artifacts/training_metrics_vector/grid_runs/n_10/q_0p7/seed_0/plots/n_10__complete__anchored_t0.png",
      "train_loss_plot": "artifacts/training_metrics_vector/grid_runs/n_10/q_0p7/seed_0/plots/n_10__complete__train_loss.png"
    },
    "n_10/ws_p_0.0_seed_0": {
      "train_loss_final": 0.023593638092279434,
      "train_loss_running_mean_final": 0.021230517667718232,
      "best_running_mean_loss": 0.018067975654266776,
      "best_episode_idx": 4007,
      "best_validation_error": 0.0092,
      "best_validation_episode_idx": 4799,