{
  "seed": 1,
  "conditions": {
    "n_10/complete": {
      "train_loss_final": 0.01421336829662323,
      "train_loss_running_mean_final": 0.027560675772838293,
      "best_running_mean_loss": 0.015389425349421799,
      "best_episode_idx": 4719,
      "best_validation_error": 0.00426,
      "best_validation_episode_idx": 2599,
      "validation_history": [
        [
          99,
          0.1738
        ],
        [
          199,
          0.0806
        ],
        [
          299,
          0.0825
        ],
        [
          399,
          0.00708
        ],
        [
          499,
          0.15098
        ],
        [
          599,
          0.2023
        ],
        [
          699,
          0.00446
        ],
        [
          799,
          0.34026
        ],
        [
          899,
          0.29828
        ],
        [
          999,
          0.00578
        ],
        [
          1099,
          0.35976
        ],
        [
          1199,
          0.00698
        ],
        [
          1299,
          0.00562
        ],
        [
          1399,
          0.00454
        ],
        [
          1499,
          0.11744
        ],
        [
          1599,
          0.39602
        ],
        [
          1699,
          0.04344
        ],
        [
          1799,
          0.00478
        ],
        [
          1899,
          0.00434
        ],
        [
          1999,
          0.00474
        ],
        [
          2099,
          0.02412
        ],
        [
          2199,
          0.00438
        ],
        [
          2299,
          0.00534
        ],
        [
          2399,
          0.00514
        ],
        [
          2499,
          0.00466
        ],
        [
          2599,
          0.00426
        ],
        [
          2699,
          0.00506
        ],
        [
          2799,
          0.0047
        ],
        [
          2899,
          0.00526
        ],
        [
          2999,
          0.00442
        ],
        [
          3099,
          0.00442
        ],
        [
          3199,
          0.23256
        ],
        [
          3299,
          0.02946
        ],
        [
          3399,
          0.51748
        ],
        [
          3499,
          0.00484
        ],
        [
          3599,
          0.0048
        ],
        [
          3699,
          0.00616
        ],
        [
          3799,
          0.00448
        ],
        [
          3899,
          0.00476
        ],
        [
          3999,
          0.00508
        ],
        [
          4099,
          0.00484
        ],
        [
          4199,
          0.0048
        ],
        [
          4299,
          0.00542
        ],
        [
          4399,
          0.00676
        ],
        [
          4499,
          0.00448
        ],
        [
          4599,
          0.00452
        ],
        [
          4699,
          0.00438
        ],
        [
          4799,
          0.00646
        ],
        [
          4899,
          0.00512
        ],
        [
          4999,
          0.00498
        ]
      ],
      "beta_fit": {
        "alpha": 0.49999999999662487,
        "beta": 0.5906737077869841,
        "beta_std": 0.06541271797017857,
        "beta_ci_lower": 0.46246713643455817,
        "beta_ci_upper": 0.7188802791394101,
        "epsilon_inf": 3.375135058867945e-12,
        "fit_success": true,
        "method": "scipy_anchored_t0",
        "rmse": 0.012274318268813556,
        "r2": 0.9849862508516294,
        "fit_window_t_max": 5,
        "n_full_series": 100,
        "plateau_detected": true,
        "failure_reason": ""
      },
      "beta_hst_max": 1.694595720774407,
      "beta_gap": -1.1039220129874228,
      "exceeds_hst_bound": false,
      "convergence_warning": false,
      "epsilon_series": [
        0.3003,
        0.1419,
        0.0795,
        0.0408,
        0.0235,
        0.016800000000000002,
        0.013600000000000001,
        0.013300000000000001,
        0.0126,
        0.0126,
        0.012400000000000001,
        0.0123,
        0.0122,
        0.012100000000000001,
        0.012100000000000001,
        0.012,
        0.012,
        0.012,
        0.012,
        0.012,
        0.012,
        0.012,
        0.012,
        0.012,
        0.012,
        0.012,
        0.012,
        0.012,
        0.012,
        0.012,
        0.012,
        0.012,
        0.012,
        0.012,
        0.012,
        0.012,
        0.012,
        0.012,
        0.012,
        0.012,
        0.012,
        0.012,
        0.012,
        0.012,
        0.012,
        0.012,
        0.012,
        0.012,
        0.012,
        0.012,
        0.012,
        0.012,
        0.012,
        0.012,
        0.012,
        0.012,
        0.012,
        0.012,
        0.012,
        0.012,
        0.012,
        0.012,
        0.012,
        0.012,
        0.012,
        0.012,
        0.012,
        0.012,
        0.012,
        0.012,
        0.012,
        0.012,
        0.012,
        0.012,
        0.012,
        0.012,
        0.012,
        0.012,
        0.012,
        0.012,
        0.012,
        0.012,
        0.012,
        0.012,
        0.012,
        0.012,
        0.012,
        0.012,
        0.012,
        0.012,
        0.012,
        0.012,
        0.012,
        0.012,
        0.012,
        0.012,
        0.012,
        0.012,
        0.012,
        0.012
      ],
      "learning_rate_plot": "artifacts/training_metrics_fair/grid_runs/n_10/q_0p7/seed_1/plots/n_10__complete__anchored_t0.png",
      "learning_rate_plot_anchored_t0": "artifacts/training_metrics_fair/grid_runs/n_10/q_0p7/seed_1/plots/n_10__complete__anchored_t0.png",
      "train_loss_plot": "artifacts/training_metrics_fair/grid_runs/n_10/q_0p7/seed_1/plots/n_10__complete__train_loss.png"
    },
    "n_10/ws_p_0.0_seed_1": {
      "train_loss_final": 0.016346128657460213,
      "train_loss_running_mean_final": 0.04029803063720465,
      "best_running_mean_loss": 0.0258049159636721,
      "best_episode_idx": 4717,
      "best_validation_error": 0.0089,
      "best_validation_episode_idx": 2599,