{
  "seed": 4,
  "conditions": {
    "n_10/complete": {
      "train_loss_final": 0.27536913752555847,
      "train_loss_running_mean_final": 0.2555710012372583,
      "best_running_mean_loss": 0.017093418440781535,
      "best_episode_idx": 4920,
      "best_validation_error": 0.0081,
      "best_validation_episode_idx": 4799,
      "validation_history": [
        [
          99,
          0.02908
        ],
        [
          199,
          0.54
        ],
        [
          299,
          0.52332
        ],
        [
          399,
          0.25688
        ],
        [
          499,
          0.02768
        ],
        [
          599,
          0.04734
        ],
        [
          699,
          0.5354
        ],
        [
          799,
          0.4549
        ],
        [
          899,
          0.44736
        ],
        [
          999,
          0.3059
        ],
        [
          1099,
          0.52754
        ],
        [
          1199,
          0.2692
        ],
        [
          1299,
          0.30172
        ],
        [
          1399,
          0.23308
        ],
        [
          1499,
          0.44904
        ],
        [
          1599,
          0.29034
        ],
        [
          1699,
          0.52684
        ],
        [
          1799,
          0.29694
        ],
        [
          1899,
          0.5337
        ],
        [
          1999,
          0.45534
        ],
        [
          2099,
          0.30172
        ],
        [
          2199,
          0.26668
        ],
        [
          2299,
          0.30172
        ],
        [
          2399,
          0.30172
        ],
        [
          2499,
          0.28746
        ],
        [
          2599,
          0.29834
        ],
        [
          2699,
          0.11212
        ],
        [
          2799,
          0.025
        ],
        [
          2899,
          0.16254
        ],
        [
          2999,
          0.02578
        ],
        [
          3099,
          0.31584
        ],
        [
          3199,
          0.30308
        ],
        [
          3299,
          0.30536
        ],
        [
          3399,
          0.4546
        ],
        [
          3499,
          0.16562
        ],
        [
          3599,
          0.53202
        ],
        [
          3699,
          0.01592
        ],
        [
          3799,
          0.00962
        ],
        [
          3899,
          0.01186
        ],
        [
          3999,
          0.06822
        ],
        [
          4099,
          0.00976
        ],
        [
          4199,
          0.00992
        ],
        [
          4299,
          0.00838
        ],
        [
          4399,
          0.00934
        ],
        [
          4499,
          0.0101
        ],
        [
          4599,
          0.00912
        ],
        [
          4699,
          0.02646
        ],
        [
          4799,
          0.0081
        ],
        [
          4899,
          0.02654
        ],
        [
          4999,
          0.0449
        ]
      ],
      "consensus": {
        "unanimous": {
          "fraction_episodes_reach_consensus": 1.0,
          "fraction_episodes_consensus_correct": 0.995,
          "fraction_episodes_consensus_wrong_only": 0.005,
          "fraction_correct_at_first_consensus": 0.995,
          "mean_first_consensus_t": 3.58,
          "median_first_consensus_t": 3.0
        },
        "majority": {
          "fraction_episodes_reach_consensus": 1.0,
          "fraction_episodes_consensus_correct": 0.996,
          "fraction_episodes_consensus_wrong_only": 0.004,
          "fraction_correct_at_first_consensus": 0.943,
          "mean_first_consensus_t": 1.123,
          "median_first_consensus_t": 1.0
        }
      },
      "beta_fit": {
        "alpha": 0.49561139433819357,
        "beta": 0.5146696824145518,
        "beta_std": 0.007324862277089736,
        "beta_ci_lower": 0.5003132161597399,
        "beta_ci_upper": 0.5290261486693637,
        "epsilon_inf": 0.004388605661806451,
        "fit_success": true,
        "method": "scipy_anchored_t0",
        "rmse": 0.0047459149510711935,
        "r2": 0.9838782670691794,
        "fit_window_t_max": 100,
        "n_full_series": 100,
        "plateau_detected": false,
        "fit_anchor": "t0",
        "failure_reason": ""
      },
      "beta_hst_max": 1.694595720774407,
      "beta_gap": -1.179926038359855,
      "exceeds_hst_bound": false,
      "convergence_warning": false,
      "epsilon_series": [
        0.3005,
        0.2074,
        0.1231,
        0.0485,
        0.0194,
        0.0095,
        0.006500000000000001,
        0.006200000000000001,
        0.0054,
        0.005200000000000001,
        0.005,
        0.005,
        0.005,
        0.005,
        0.005,
        0.005,
        0.005,
        0.005,
        0.005,
        0.005,
        0.005,
        0.005,
        0.005,
        0.005,
        0.005,
        0.005,
        0.005,
        0.005,
        0.005,
        0.005,
        0.005,
        0.005,
        0.005,
        0.005,
        0.005,
        0.005,
        0.005,
        0.005,
        0.005,
        0.005,
        0.005,
        0.005,
        0.005,
        0.005,
        0.005,
        0.005,
        0.005,
        0.005,
        0.005,
        0.005,
        0.005,
        0.005,
        0.005,
        0.005,
        0.005,
        0.005,
        0.005,
        0.005,
        0.005,
        0.005,
        0.005,
        0.005,
        0.005,
        0.005,
        0.005,
        0.005,
        0.005,
        0.005,
        0.005,
        0.005,
        0.005,
        0.005,
        0.005,
        0.005,
        0.005,
        0.005,
        0.005,
        0.005,
        0.005,
        0.005,
        0.005,
        0.005,
        0.005,
        0.005,
        0.005,
        0.005,
        0.005,
        0.005,
        0.005,
        0.005,
        0.005,
        0.005,
        0.005,
        0.005,
        0.005,
        0.005,
        0.005,
        0.005,
        0.005,
        0.005
      ],
      "learning_rate_plot": "artifacts/training_metrics_vector/grid_runs/n_10/q_0p7/seed_4/plots/n_10__complete__anchored_t0.png",
      "learning_rate_plot_anchored_t0": "artifacts/training_metrics_vector/grid_runs/n_10/q_0p7/seed_4/plots/n_10__complete__anchored_t0.png",
      "train_loss_plot": "artifacts/training_metrics_vector/grid_runs/n_10/q_0p7/seed_4/plots/n_10__complete__train_loss.png"
    },
    "n_10/ws_p_0.0_seed_4": {
      "train_loss_final": 0.033387403935194016,
      "train_loss_running_mean_final": 0.09055714619345963,
      "best_running_mean_loss": 0.016025960207916797,
      "best_episode_idx": 3839,
      "best_validation_error": 0.00974,
      "best_validation_episode_idx": 3699,