{
  "seed": 0,
  "conditions": {
    "n_10/complete": {
      "train_loss_final": 0.7073155641555786,
      "train_loss_running_mean_final": 0.6940121173858642,
      "best_running_mean_loss": 0.6771284958720207,
      "best_episode_idx": 1621,
      "best_validation_error": 0.47424,
      "best_validation_episode_idx": 3099,
      "validation_history": [
        [
          99,
          0.48
        ],
        [
          199,
          0.48
        ],
        [
          299,
          0.4894
        ],
        [
          399,
          0.48
        ],
        [
          499,
          0.51864
        ],
        [
          599,
          0.48
        ],
        [
          699,
          0.48
        ],
        [
          799,
          0.48
        ],
        [
          899,
          0.48
        ],
        [
          999,
          0.50176
        ],
        [
          1099,
          0.49056
        ],
        [
          1199,
          0.49828
        ],
        [
          1299,
          0.48
        ],
        [
          1399,
          0.47848
        ],
        [
          1499,
          0.50164
        ],
        [
          1599,
          0.51956
        ],
        [
          1699,
          0.52
        ],
        [
          1799,
          0.52
        ],
        [
          1899,
          0.52
        ],
        [
          1999,
          0.48
        ],
        [
          2099,
          0.48224
        ],
        [
          2199,
          0.48
        ],
        [
          2299,
          0.48
        ],
        [
          2399,
          0.52
        ],
        [
          2499,
          0.52
        ],
        [
          2599,
          0.52
        ],
        [
          2699,
          0.52
        ],
        [
          2799,
          0.52
        ],
        [
          2899,
          0.52
        ],
        [
          2999,
          0.48
        ],
        [
          3099,
          0.47424
        ],
        [
          3199,
          0.47432
        ],
        [
          3299,
          0.48
        ],
        [
          3399,
          0.47452
        ],
        [
          3499,
          0.47808
        ],
        [
          3599,
          0.48
        ],
        [
          3699,
          0.48
        ],
        [
          3799,
          0.48
        ],
        [
          3899,
          0.48
        ],
        [
          3999,
          0.48
        ],
        [
          4099,
          0.48
        ],
        [
          4199,
          0.48
        ],
        [
          4299,
          0.48
        ],
        [
          4399,
          0.52
        ],
        [
          4499,
          0.48
        ],
        [
          4599,
          0.48
        ],
        [
          4699,
          0.48
        ],
        [
          4799,
          0.48
        ],
        [
          4899,
          0.47424
        ],
        [
          4999,
          0.48
        ]
      ],
      "consensus": {
        "unanimous": {
          "fraction_episodes_reach_consensus": 1.0,
          "fraction_episodes_consensus_correct": 0.523,
          "fraction_episodes_consensus_wrong_only": 0.477,
          "fraction_correct_at_first_consensus": 0.491,
          "mean_first_consensus_t": 1.0,
          "median_first_consensus_t": 1.0
        },
        "majority": {
          "fraction_episodes_reach_consensus": 1.0,
          "fraction_episodes_consensus_correct": 1.0,
          "fraction_episodes_consensus_wrong_only": 0.0,
          "fraction_correct_at_first_consensus": 0.491,
          "mean_first_consensus_t": 1.0,
          "median_first_consensus_t": 1.0
        }
      },
      "beta_fit": {
        "alpha": 0.03743088230379743,
        "beta": 0.004631763592122094,
        "beta_std": NaN,
        "beta_ci_lower": NaN,
        "beta_ci_upper": NaN,
        "epsilon_inf": 0.46256911769620257,
        "fit_success": false,
        "method": "anchored_t2_log_linear_fallback",
        "rmse": 0.01810992549667875,
        "r2": -5.862375639123691,
        "fit_window_t_max": 50,
        "n_full_series": 50,
        "plateau_detected": false,
        "fit_anchor": "t2",
        "failure_reason": "poor_fit_r2"
      },
      "beta_hst_max": 0.16008541534707313,
      "beta_gap": null,
      "exceeds_hst_bound": null,
      "convergence_warning": true,
      "epsilon_series": [
        0.509,
        0.4837,
        0.48310000000000003,
        0.4767,
        0.4853,
        0.4768,
        0.4721,
        0.47400000000000003,
        0.4892,
        0.4803,
        0.47250000000000003,
        0.47590000000000005,
        0.4696,
        0.4837,
        0.48200000000000004,
        0.47840000000000005,
        0.48090000000000005,
        0.4716,
        0.4776,
        0.4748,
        0.4798,
        0.48150000000000004,
        0.4828,
        0.4806,
        0.4829,
        0.49160000000000004,
        0.4685,
        0.47750000000000004,
        0.4732,
        0.4756,
        0.4772,
        0.4773,
        0.4786,
        0.47940000000000005,
        0.4761,
        0.4693,
        0.4783,
        0.4746,
        0.47750000000000004,
        0.4864,
        0.47890000000000005,
        0.48200000000000004,
        0.4773,
        0.4902,
        0.4753,
        0.46890000000000004,
        0.4848,
        0.48040000000000005,
        0.4685,
        0.4848
      ],
      "learning_rate_plot": "artifacts/training_metrics_fair/grid_runs/n_10/q_0p52/seed_0/plots/n_10__complete__anchored_t0.png",
      "learning_rate_plot_anchored_t0": "artifacts/training_metrics_fair/grid_runs/n_10/q_0p52/seed_0/plots/n_10__complete__anchored_t0.png",
      "train_loss_plot": "artifacts/training_metrics_fair/grid_runs/n_10/q_0p52/seed_0/plots/n_10__complete__train_loss.png",
      "learning_rate_plot_anchored_t2": "artifacts/anchor_t2/training_metrics_fair/grid_runs/n_10/q_0p52/seed_0/plots/n_10__complete__anchored_t2.png"
    },
    "n_10/ws_p_0.0_seed_0": {
      "train_loss_final": 0.6916238069534302,
      "train_loss_running_mean_final": 0.6938659930229187,
      "best_running_mean_loss": 0.6789485248923302,
      "best_episode_idx": 3672,
      "best_validation_error": 0.46984,
      "best_validation_episode_idx": 3299,