{
  "seed": 0,
  "conditions": {
    "n_10/complete": {
      "train_loss_final": null,
      "train_loss_running_mean_final": null,
      "best_running_mean_loss": null,
      "best_episode_idx": null,
      "best_validation_error": null,
      "best_validation_episode_idx": null,
      "validation_history": [],
      "consensus": {
        "unanimous": {
          "fraction_episodes_reach_consensus": 1.0,
          "fraction_episodes_consensus_correct": 0.877,
          "fraction_episodes_consensus_wrong_only": 0.123,
          "fraction_correct_at_first_consensus": 0.877,
          "mean_first_consensus_t": 2.471,
          "median_first_consensus_t": 2.0
        },
        "majority": {
          "fraction_episodes_reach_consensus": 1.0,
          "fraction_episodes_consensus_correct": 0.877,
          "fraction_episodes_consensus_wrong_only": 0.123,
          "fraction_correct_at_first_consensus": 0.877,
          "mean_first_consensus_t": 1.202,
          "median_first_consensus_t": 1.0
        }
      },
      "beta_fit": {
        "alpha": 0.04817813856859011,
        "beta": 1.8469904379085649,
        "beta_std": 0.014276213446390584,
        "beta_ci_lower": 1.819009573718033,
        "beta_ci_upper": 1.8749713020990968,
        "epsilon_inf": 0.12300614159655633,
        "fit_success": true,
        "method": "scipy_anchored_t2",
        "rmse": 0.0001075610712061105,
        "r2": 0.9997550273890999,
        "fit_window_t_max": 50,
        "n_full_series": 50,
        "plateau_detected": false,
        "fit_anchor": "t2",
        "fit_start_t": 2,
        "failure_reason": ""
      },
      "beta_hst_max": 1.2380784168124472,
      "beta_gap": 0.6089120210961176,
      "exceeds_hst_bound": false,
      "convergence_warning": true,
      "epsilon_series": [
        0.3523,
        0.1712,
        0.1304,
        0.1249,
        0.123,
        0.123,
        0.123,
        0.123,
        0.123,
        0.123,
        0.123,
        0.123,
        0.123,
        0.123,
        0.123,
        0.123,
        0.123,
        0.123,
        0.123,
        0.123,
        0.123,
        0.123,
        0.123,
        0.123,
        0.123,
        0.123,
        0.123,
        0.123,
        0.123,
        0.123,
        0.123,
        0.123,
        0.123,
        0.123,
        0.123,
        0.123,
        0.123,
        0.123,
        0.123,
        0.123,
        0.123,
        0.123,
        0.123,
        0.123,
        0.123,
        0.123,
        0.123,
        0.123,
        0.123,
        0.123
      ],
      "algorithm": "majority_vote",
      "learning_rate_plot": "artifacts/training_metrics_majority/grid_runs/n_10/q_0p65/seed_0/plots/n_10__complete__anchored_t2.png",
      "learning_rate_plot_anchored_t2": "artifacts/training_metrics_majority/grid_runs/n_10/q_0p65/seed_0/plots/n_10__complete__anchored_t2.png"
    },
    "n_10/ws_p_0.0_seed_0": {
      "train_loss_final": null,
      "train_loss_running_mean_final": null,
      "best_running_mean_loss": null,
      "best_episode_idx": null,
      "best_validation_error": null,
      "best_validation_episode_idx": null,
      "validation_history": [],
      "consensus": {
        "unanimous": {
          "fraction_episodes_reach_consensus": 0.868,
          "fraction_episodes_consensus_correct": 0.864,
          "fraction_episodes_consensus_wrong_only": 0.004,
          "fraction_correct_at_first_consensus": 0.9953917050691244,
          "mean_first_consensus_t": 7.373271889400922,
          "median_first_consensus_t": 4.0
        },
        "majority": {
          "fraction_episodes_reach_consensus": 1.0,
          "fraction_episodes_consensus_correct": 0.984,
          "fraction_episodes_consensus_wrong_only": 0.016,
          "fraction_correct_at_first_consensus": 0.877,
          "mean_first_consensus_t": 1.223,
          "median_first_consensus_t": 1.0
        }
      },
      "beta_fit": {
        "alpha": 0.20339485991759948,
        "beta": 0.24293977595228236,
        "beta_std": 0.017359046388669315,
        "beta_ci_lower": 0.20891667022453042,
        "beta_ci_upper": 0.2769628816800343,
        "epsilon_inf": 0.05405860999388751,
        "fit_success": true,
        "method": "scipy_anchored_t2",
        "rmse": 0.01003284931023301,
        "r2": 0.9476850930556968,
        "fit_window_t_max": 50,
        "n_full_series": 50,
        "plateau_detected": false,
        "fit_anchor": "t2",
        "fit_start_t": 2,
        "failure_reason": ""
      },
      "beta_hst_max": 1.2380784168124472,
      "beta_gap": -0.9951386408601649,
      "exceeds_hst_bound": false,
      "convergence_warning": true,
      "epsilon_series": [
        0.3523,
        0.2851,
        0.2072,
        0.1533,
        0.1332,
        0.1183,
        0.11,
        0.1026,
        0.0971,
        0.0918,
        0.0887,
        0.0853,
        0.0811,
        0.0777,
        0.0747,
        0.0721,
        0.07,
        0.0689,
        0.0672,
        0.0654,
        0.0645,
        0.0628,
        0.0621,
        0.0618,
        0.0602,
        0.0593,
        0.0587,
        0.0572,
        0.0559,
        0.0545,
        0.054,
        0.0532,
        0.0526,
        0.0514,
        0.0511,
        0.05,
        0.0492,
        0.0485,
        0.0474,
        0.0468,
        0.0458,
        0.0455,
        0.0453,
        0.0446,
        0.0445,
        0.0436,
        0.043,
        0.0429,
        0.0431,
        0.0427
      ],
      "algorithm": "majority_vote",
      "learning_rate_plot": "artifacts/training_metrics_majority/grid_runs/n_10/q_0p65/seed_0/plots/n_10__ws_p_0.0_seed_0__anchored_t2.png",
      "learning_rate_plot_anchored_t2": "artifacts/training_metrics_majority/grid_runs/n_10/q_0p65/seed_0/plots/n_10__ws_p_0.0_seed_0__anchored_t2.png"
    },
    "n_10/ws_p_0.1_seed_0": {
      "train_loss_final": null,
      "train_loss_running_mean_final": null,
      "best_running_mean_loss": null,
      "best_episode_idx": null,
      "best_validation_error": null,
      "best_validation_episode_idx": null,
      "validation_history": [],
      "consensus": {
        "unanimous": {
          "fraction_episodes_reach_consensus": 0.868,
          "fraction_episodes_consensus_correct": 0.864,
          "fraction_episodes_consensus_wrong_only": 0.004,
          "fraction_correct_at_first_consensus": 0.9953917050691244,
          "mean_first_consensus_t": 7.373271889400922,
          "median_first_consensus_t": 4.0
        },
        "majority": {
          "fraction_episodes_reach_consensus": 1.0,
          "fraction_episodes_consensus_correct": 0.984,
          "fraction_episodes_consensus_wrong_only": 0.016,
          "fraction_correct_at_first_consensus": 0.877,
          "mean_first_consensus_t": 1.223,
          "median_first_consensus_t": 1.0
        }
      },
      "beta_fit": {
        "alpha": 0.20339485991759948,
        "beta": 0.24293977595228236,
        "beta_std": 0.017359046388669315,
        "beta_ci_lower": 0.20891667022453042,
        "beta_ci_upper": 0.2769628816800343,
        "epsilon_inf": 0.05405860999388751,
        "fit_success": true,
        "method": "scipy_anchored_t2",
        "rmse": 0.01003284931023301,
        "r2": 0.9476850930556968,
        "fit_window_t_max": 50,
        "n_full_series": 50,
        "plateau_detected": false,
        "fit_anchor": "t2",
        "fit_start_t": 2,
        "failure_reason": ""
      },
      "beta_hst_max": 1.2380784168124472,
      "beta_gap": -0.9951386408601649,
      "exceeds_hst_bound": false,
      "convergence_warning": true,