{
  "seed": 4,
  "conditions": {
    "n_10/complete": {
      "train_loss_final": 0.17562559247016907,
      "train_loss_running_mean_final": 0.530166457365267,
      "best_running_mean_loss": 0.006241253309417516,
      "best_episode_idx": 3494,
      "best_validation_error": 0.00294,
      "best_validation_episode_idx": 1899,
      "validation_history": [
        [
          99,
          0.46
        ],
        [
          199,
          0.09436
        ],
        [
          299,
          0.00888
        ],
        [
          399,
          0.45572
        ],
        [
          499,
          0.0069
        ],
        [
          599,
          0.00524
        ],
        [
          699,
          0.00672
        ],
        [
          799,
          0.00604
        ],
        [
          899,
          0.00368
        ],
        [
          999,
          0.00368
        ],
        [
          1099,
          0.00334
        ],
        [
          1199,
          0.00324
        ],
        [
          1299,
          0.02188
        ],
        [
          1399,
          0.00304
        ],
        [
          1499,
          0.00302
        ],
        [
          1599,
          0.00298
        ],
        [
          1699,
          0.00296
        ],
        [
          1799,
          0.00332
        ],
        [
          1899,
          0.00294
        ],
        [
          1999,
          0.02224
        ],
        [
          2099,
          0.02216
        ],
        [
          2199,
          0.02214
        ],
        [
          2299,
          0.02216
        ],
        [
          2399,
          0.02218
        ],
        [
          2499,
          0.023
        ],
        [
          2599,
          0.02224
        ],
        [
          2699,
          0.02214
        ],
        [
          2799,
          0.02218
        ],
        [
          2899,
          0.02216
        ],
        [
          2999,
          0.02218
        ],
        [
          3099,
          0.02216
        ],
        [
          3199,
          0.02218
        ],
        [
          3299,
          0.0222
        ],
        [
          3399,
          0.02228
        ],
        [
          3499,
          0.02218
        ],
        [
          3599,
          0.23786
        ],
        [
          3699,
          0.00384
        ],
        [
          3799,
          0.02304
        ],
        [
          3899,
          0.00358
        ],
        [
          3999,
          0.00294
        ],
        [
          4099,
          0.0222
        ],
        [
          4199,
          0.00434
        ],
        [
          4299,
          0.02258
        ],
        [
          4399,
          0.02228
        ],
        [
          4499,
          0.00338
        ],
        [
          4599,
          0.02214
        ],
        [
          4699,
          0.02214
        ],
        [
          4799,
          0.02218
        ],
        [
          4899,
          0.0222
        ],
        [
          4999,
          0.1019
        ]
      ],
      "beta_fit": {
        "alpha": 0.49013872907197004,
        "beta": 1.0030805523022495,
        "beta_std": 0.011946777981357638,
        "beta_ci_lower": 0.9796652977274923,
        "beta_ci_upper": 1.0264958068770065,
        "epsilon_inf": 0.00986127092802996,
        "fit_success": true,
        "method": "scipy_anchored_t0",
        "rmse": 0.002779470228925546,
        "r2": 0.981073583590482,
        "fit_window_t_max": 100,
        "n_full_series": 100,
        "plateau_detected": false,
        "failure_reason": ""
      },
      "beta_hst_max": 2.7725887222397816,
      "beta_gap": -1.7695081699375321,
      "exceeds_hst_bound": false,
      "convergence_warning": false,
      "epsilon_series": [
        0.2076,
        0.0579,
        0.0233,
        0.0159,
        0.0129,
        0.0115,
        0.011600000000000001,
        0.0109,
        0.010700000000000001,
        0.0105,
        0.0105,
        0.0102,
        0.010100000000000001,
        0.01,
        0.01,
        0.01,
        0.01,
        0.01,
        0.01,
        0.01,
        0.01,
        0.01,
        0.01,
        0.01,
        0.01,
        0.01,
        0.01,
        0.01,
        0.01,
        0.01,
        0.01,
        0.01,
        0.01,
        0.01,
        0.01,
        0.01,
        0.01,
        0.01,
        0.01,
        0.01,
        0.01,
        0.01,
        0.01,
        0.01,
        0.01,
        0.01,
        0.01,
        0.01,
        0.01,
        0.01,
        0.01,
        0.01,
        0.01,
        0.01,
        0.01,
        0.01,
        0.01,
        0.01,
        0.01,
        0.01,
        0.01,
        0.01,
        0.01,
        0.01,
        0.01,
        0.01,
        0.01,
        0.01,
        0.01,
        0.01,
        0.01,
        0.01,
        0.01,
        0.01,
        0.01,
        0.01,
        0.01,
        0.01,
        0.01,
        0.01,
        0.01,
        0.01,
        0.01,
        0.01,
        0.01,
        0.01,
        0.01,
        0.01,
        0.01,
        0.01,
        0.01,
        0.01,
        0.01,
        0.01,
        0.01,
        0.01,
        0.01,
        0.01,
        0.01,
        0.01
      ],
      "learning_rate_plot": "artifacts/training_metrics_fair/grid_runs/n_10/q_0p8/seed_4/plots/n_10__complete__anchored_t0.png",
      "learning_rate_plot_anchored_t0": "artifacts/training_metrics_fair/grid_runs/n_10/q_0p8/seed_4/plots/n_10__complete__anchored_t0.png",
      "train_loss_plot": "artifacts/training_metrics_fair/grid_runs/n_10/q_0p8/seed_4/plots/n_10__complete__train_loss.png"
    },
    "n_10/ws_p_0.0_seed_4": {
      "train_loss_final": 0.0201233122497797,
      "train_loss_running_mean_final": 0.012552469206275419,
      "best_running_mean_loss": 0.00980100640328601,
      "best_episode_idx": 2387,
      "best_validation_error": 0.00432,
      "best_validation_episode_idx": 3999,