{
  "seed": 3,
  "conditions": {
    "n_100/complete": {
      "train_loss_final": null,
      "train_loss_running_mean_final": null,
      "best_running_mean_loss": null,
      "best_episode_idx": null,
      "best_validation_error": null,
      "best_validation_episode_idx": null,
      "validation_history": [],
      "consensus": {
        "unanimous": {
          "fraction_episodes_reach_consensus": 1.0,
          "fraction_episodes_consensus_correct": 0.866,
          "fraction_episodes_consensus_wrong_only": 0.134,
          "fraction_correct_at_first_consensus": 0.866,
          "mean_first_consensus_t": 2.148,
          "median_first_consensus_t": 2.0
        },
        "majority": {
          "fraction_episodes_reach_consensus": 1.0,
          "fraction_episodes_consensus_correct": 0.866,
          "fraction_episodes_consensus_wrong_only": 0.134,
          "fraction_correct_at_first_consensus": 0.866,
          "mean_first_consensus_t": 1.048,
          "median_first_consensus_t": 1.0
        }
      },
      "beta_fit": {
        "alpha": 0.013260828709200513,
        "beta": 9.999999966476501,
        "beta_std": 98.63519519102684,
        "beta_ci_lower": -183.32143021601442,
        "beta_ci_upper": 203.32143014896744,
        "epsilon_inf": 0.13398915447395585,
        "fit_success": true,
        "method": "scipy_anchored_t2",
        "rmse": 5.693023579630595e-05,
        "r2": 0.9990789225015815,
        "fit_window_t_max": 50,
        "n_full_series": 50,
        "plateau_detected": false,
        "fit_anchor": "t2",
        "fit_start_t": 2,
        "failure_reason": ""
      },
      "beta_hst_max": 0.4013413909243028,
      "beta_gap": 9.598658575552198,
      "exceeds_hst_bound": false,
      "convergence_warning": true,
      "epsilon_series": [
        0.44783,
        0.14725,
        0.13362,
        0.13386,
        0.134,
        0.134,
        0.134,
        0.134,
        0.134,
        0.134,
        0.134,
        0.134,
        0.134,
        0.134,
        0.134,
        0.134,
        0.134,
        0.134,
        0.134,
        0.134,
        0.134,
        0.134,
        0.134,
        0.134,
        0.134,
        0.134,
        0.134,
        0.134,
        0.134,
        0.134,
        0.134,
        0.134,
        0.134,
        0.134,
        0.134,
        0.134,
        0.134,
        0.134,
        0.134,
        0.134,
        0.134,
        0.134,
        0.134,
        0.134,
        0.134,
        0.134,
        0.134,
        0.134,
        0.134,
        0.134
      ],
      "algorithm": "majority_vote",
      "learning_rate_plot": "artifacts/training_metrics_majority/grid_runs/n_100/q_0p55/seed_3/plots/n_100__complete__anchored_t2.png",
      "learning_rate_plot_anchored_t2": "artifacts/training_metrics_majority/grid_runs/n_100/q_0p55/seed_3/plots/n_100__complete__anchored_t2.png"
    },
    "n_100/ws_p_0.0_seed_3": {
      "train_loss_final": null,
      "train_loss_running_mean_final": null,
      "best_running_mean_loss": null,
      "best_episode_idx": null,
      "best_validation_error": null,
      "best_validation_episode_idx": null,
      "validation_history": [],
      "consensus": {
        "unanimous": {
          "fraction_episodes_reach_consensus": 0.0,
          "fraction_episodes_consensus_correct": 0.0,
          "fraction_episodes_consensus_wrong_only": 0.0,
          "fraction_correct_at_first_consensus": null,
          "mean_first_consensus_t": null,
          "median_first_consensus_t": null
        },
        "majority": {
          "fraction_episodes_reach_consensus": 1.0,
          "fraction_episodes_consensus_correct": 0.988,
          "fraction_episodes_consensus_wrong_only": 0.012,
          "fraction_correct_at_first_consensus": 0.864,
          "mean_first_consensus_t": 1.049,
          "median_first_consensus_t": 1.0
        }
      },
      "beta_fit": {
        "alpha": 0.10574028970653716,
        "beta": 0.045899915288025714,
        "beta_std": 0.002987639768365271,
        "beta_ci_lower": 0.04004424894325019,
        "beta_ci_upper": 0.05175558163280124,
        "epsilon_inf": 0.27068248006874096,
        "fit_success": true,
        "method": "scipy_anchored_t2",
        "rmse": 0.006982246627457402,
        "r2": 0.9376086567469277,
        "fit_window_t_max": 100,
        "n_full_series": 100,
        "plateau_detected": false,
        "fit_anchor": "t2",
        "fit_start_t": 2,
        "failure_reason": ""
      },
      "beta_hst_max": 0.4013413909243028,
      "beta_gap": -0.3554414756362771,
      "exceeds_hst_bound": false,
      "convergence_warning": true,
      "epsilon_series": [
        0.44783,
        0.42356,
        0.39166,
        0.3677,
        0.35676,
        0.34875,
        0.34364,
        0.33927,
        0.33625,
        0.3325,
        0.33078,
        0.32816,
        0.32612,
        0.32354,
        0.32206,
        0.31959,
        0.31789,
        0.31624,
        0.3148,
        0.31377,
        0.31282,
        0.31143,
        0.30988,
        0.309,
        0.30854,
        0.30684,
        0.30579,
        0.30448,
        0.30403,
        0.30218,
        0.30139,
        0.30056,
        0.29976,
        0.2985,
        0.2979,
        0.2969,
        0.29644,
        0.29513,
        0.29424,
        0.29295,
        0.29298,
        0.29178,
        0.29083,
        0.29031,
        0.29029,
        0.28919,
        0.28894,
        0.2878,
        0.2873,
        0.28646,
        0.28644,
        0.28578,
        0.28516,
        0.28486,
        0.28461,
        0.28365,
        0.28323,
        0.28249,
        0.28228,
        0.28169,
        0.2814,
        0.28085,
        0.28005,
        0.27956,
        0.2792,
        0.27844,
        0.27783,
        0.27707,
        0.27686,
        0.27612,
        0.27612,
        0.2755,
        0.27513,
        0.27463,
        0.27406,
        0.27405,
        0.27354,
        0.27298,
        0.27249,
        0.27232,
        0.27205,
        0.27121,
        0.27113,
        0.27068,
        0.27004,
        0.26987,
        0.26951,
        0.26874,
        0.26881,
        0.26822,
        0.26802,
        0.26751,
        0.26717,
        0.26685,
        0.26605,
        0.26589,
        0.2658,
        0.2655,
        0.26523,
        0.26515
      ],
      "algorithm": "majority_vote",
      "learning_rate_plot": "artifacts/training_metrics_majority/grid_runs/n_100/q_0p55/seed_3/plots/n_100__ws_p_0.0_seed_3__anchored_t2.png",
      "learning_rate_plot_anchored_t2": "artifacts/training_metrics_majority/grid_runs/n_100/q_0p55/seed_3/plots/n_100__ws_p_0.0_seed_3__anchored_t2.png"
    },
    "n_100/ws_p_0.1_seed_3": {
      "train_loss_final": null,
      "train_loss_running_mean_final": null,
      "best_running_mean_loss": null,
      "best_episode_idx": null,
      "best_validation_error": null,
      "best_validation_episode_idx": null,
      "validation_history": [],
      "consensus": {
        "unanimous": {
          "fraction_episodes_reach_consensus": 0.0,
          "fraction_episodes_consensus_correct": 0.0,
          "fraction_episodes_consensus_wrong_only": 0.0,
          "fraction_correct_at_first_consensus": null,
          "mean_first_consensus_t": null,
          "median_first_consensus_t": null
        },
        "majority": {
          "fraction_episodes_reach_consensus": 1.0,
          "fraction_episodes_consensus_correct": 0.981,
          "fraction_episodes_consensus_wrong_only": 0.019,
          "fraction_correct_at_first_consensus": 0.866,
          "mean_first_consensus_t": 1.049,
          "median_first_consensus_t": 1.0
        }
      },
      "beta_fit": {
        "alpha": 0.10173954515778594,
        "beta": 0.053002278908026855,
        "beta_std": 0.0037117833343808756,
        "beta_ci_lower": 0.045727317254224346,
        "beta_ci_upper": 0.060277240561829364,
        "epsilon_inf": 0.2747961632846361,