{
  "seed": 0,
  "conditions": {
    "n_10/complete": {
      "train_loss_final": 0.6382016539573669,
      "train_loss_running_mean_final": 0.6757735225558281,
      "best_running_mean_loss": 0.3312032851576805,
      "best_episode_idx": 3535,
      "best_validation_error": 0.082,
      "best_validation_episode_idx": 3499,
      "validation_history": [
        [
          99,
          0.40384
        ],
        [
          199,
          0.3644
        ],
        [
          299,
          0.51988
        ],
        [
          399,
          0.3312
        ],
        [
          499,
          0.4657
        ],
        [
          599,
          0.47836
        ],
        [
          699,
          0.16212
        ],
        [
          799,
          0.48
        ],
        [
          899,
          0.40794
        ],
        [
          999,
          0.37854
        ],
        [
          1099,
          0.33976
        ],
        [
          1199,
          0.47938
        ],
        [
          1299,
          0.47726
        ],
        [
          1399,
          0.38504
        ],
        [
          1499,
          0.37774
        ],
        [
          1599,
          0.46898
        ],
        [
          1699,
          0.46982
        ],
        [
          1799,
          0.51696
        ],
        [
          1899,
          0.51684
        ],
        [
          1999,
          0.47894
        ],
        [
          2099,
          0.45354
        ],
        [
          2199,
          0.28786
        ],
        [
          2299,
          0.39924
        ],
        [
          2399,
          0.47086
        ],
        [
          2499,
          0.39924
        ],
        [
          2599,
          0.39924
        ],
        [
          2699,
          0.3988
        ],
        [
          2799,
          0.32224
        ],
        [
          2899,
          0.39856
        ],
        [
          2999,
          0.28666
        ],
        [
          3099,
          0.3374
        ],
        [
          3199,
          0.47002
        ],
        [
          3299,
          0.13688
        ],
        [
          3399,
          0.37786
        ],
        [
          3499,
          0.082
        ],
        [
          3599,
          0.47168
        ],
        [
          3699,
          0.47902
        ],
        [
          3799,
          0.47958
        ],
        [
          3899,
          0.40026
        ],
        [
          3999,
          0.40026
        ],
        [
          4099,
          0.40026
        ],
        [
          4199,
          0.39962
        ],
        [
          4299,
          0.39106
        ],
        [
          4399,
          0.51854
        ],
        [
          4499,
          0.47792
        ],
        [
          4599,
          0.34762
        ],
        [
          4699,
          0.40026
        ],
        [
          4799,
          0.40026
        ],
        [
          4899,
          0.31974
        ],
        [
          4999,
          0.39654
        ]
      ],
      "consensus": {
        "unanimous": {
          "fraction_episodes_reach_consensus": 1.0,
          "fraction_episodes_consensus_correct": 0.932,
          "fraction_episodes_consensus_wrong_only": 0.068,
          "fraction_correct_at_first_consensus": 0.907,
          "mean_first_consensus_t": 6.779,
          "median_first_consensus_t": 5.0
        },
        "majority": {
          "fraction_episodes_reach_consensus": 1.0,
          "fraction_episodes_consensus_correct": 0.967,
          "fraction_episodes_consensus_wrong_only": 0.033,
          "fraction_correct_at_first_consensus": 0.792,
          "mean_first_consensus_t": 1.262,
          "median_first_consensus_t": 1.0
        }
      },
      "beta_fit": {
        "alpha": 0.3347004027,
        "beta": 0.15378767895057185,
        "beta_std": NaN,
        "beta_ci_lower": NaN,
        "beta_ci_upper": NaN,
        "epsilon_inf": 0.0679995973,
        "fit_success": true,
        "method": "anchored_t1_log_linear_fallback",
        "rmse": 0.008795064942814308,
        "r2": 0.973166331614485,
        "fit_window_t_max": 100,
        "n_full_series": 100,
        "plateau_detected": false,
        "fit_anchor": "t1",
        "failure_reason": ""
      },
      "beta_hst_max": 0.8109302162163284,
      "beta_gap": -0.6571425372657566,
      "exceeds_hst_bound": false,
      "convergence_warning": true,
      "epsilon_series": [
        0.4027,
        0.3272,
        0.29050000000000004,
        0.2454,
        0.21350000000000002,
        0.189,
        0.1593,
        0.1409,
        0.1301,
        0.1168,
        0.1072,
        0.0989,
        0.09240000000000001,
        0.0898,
        0.0833,
        0.08120000000000001,
        0.08120000000000001,
        0.07980000000000001,
        0.07780000000000001,
        0.0755,
        0.0746,
        0.0736,
        0.0736,
        0.0732,
        0.0719,
        0.0718,
        0.0716,
        0.0711,
        0.0702,
        0.0702,
        0.0704,
        0.07010000000000001,
        0.07010000000000001,
        0.06960000000000001,
        0.069,
        0.0692,
        0.0694,
        0.0695,
        0.06910000000000001,
        0.0692,
        0.0692,
        0.069,
        0.0693,
        0.06910000000000001,
        0.069,
        0.0692,
        0.0689,
        0.069,
        0.0689,
        0.06860000000000001,
        0.0687,
        0.0688,
        0.0688,
        0.0687,
        0.06860000000000001,
        0.06860000000000001,
        0.0685,
        0.0685,
        0.0684,
        0.0685,
        0.0683,
        0.0682,
        0.0682,
        0.068,
        0.068,
        0.068,
        0.068,
        0.068,
        0.068,
        0.068,
        0.068,
        0.068,
        0.068,
        0.068,
        0.068,
        0.068,
        0.068,
        0.068,
        0.068,
        0.068,
        0.068,
        0.068,
        0.068,
        0.068,
        0.068,
        0.068,
        0.068,
        0.068,
        0.068,
        0.068,
        0.068,
        0.068,
        0.068,
        0.068,
        0.068,
        0.068,
        0.068,
        0.068,
        0.068,
        0.068
      ],
      "learning_rate_plot": "artifacts/training_metrics_vector/grid_runs/n_10/q_0p6/seed_0/plots/n_10__complete__anchored_t1.png",
      "learning_rate_plot_anchored_t1": "artifacts/training_metrics_vector/grid_runs/n_10/q_0p6/seed_0/plots/n_10__complete__anchored_t1.png",
      "train_loss_plot": "artifacts/training_metrics_vector/grid_runs/n_10/q_0p6/seed_0/plots/n_10__complete__train_loss.png"
    },
    "n_10/ws_p_0.0_seed_0": {
      "train_loss_final": 0.7956066727638245,
      "train_loss_running_mean_final": 0.19446385335177183,
      "best_running_mean_loss": 0.06134173357859254,
      "best_episode_idx": 4471,
      "best_validation_error": 0.03098,
      "best_validation_episode_idx": 4799,