{
  "seed": 2,
  "conditions": {
    "n_10/complete": {
      "train_loss_final": null,
      "train_loss_running_mean_final": null,
      "best_running_mean_loss": null,
      "best_episode_idx": null,
      "best_validation_error": null,
      "best_validation_episode_idx": null,
      "validation_history": [],
      "consensus": {
        "unanimous": {
          "fraction_episodes_reach_consensus": 1.0,
          "fraction_episodes_consensus_correct": 0.995,
          "fraction_episodes_consensus_wrong_only": 0.005,
          "fraction_correct_at_first_consensus": 0.995,
          "mean_first_consensus_t": 1.957,
          "median_first_consensus_t": 2.0
        },
        "majority": {
          "fraction_episodes_reach_consensus": 1.0,
          "fraction_episodes_consensus_correct": 0.995,
          "fraction_episodes_consensus_wrong_only": 0.005,
          "fraction_correct_at_first_consensus": 0.994,
          "mean_first_consensus_t": 1.03,
          "median_first_consensus_t": 1.0
        }
      },
      "beta_fit": {
        "alpha": 0.013202394804210841,
        "beta": 2.4966806302697897,
        "beta_std": 0.012220460612058514,
        "beta_ci_lower": 2.4727289675956645,
        "beta_ci_upper": 2.520632292943915,
        "epsilon_inf": 0.004998229369096522,
        "fit_success": true,
        "method": "scipy_anchored_t2",
        "rmse": 1.2845088078275792e-05,
        "r2": 0.9999527967524974,
        "fit_window_t_max": 50,
        "n_full_series": 50,
        "plateau_detected": false,
        "fit_anchor": "t2",
        "fit_start_t": 2,
        "failure_reason": ""
      },
      "beta_hst_max": 2.7725887222397816,
      "beta_gap": -0.2759080919699919,
      "exceeds_hst_bound": false,
      "convergence_warning": false,
      "epsilon_series": [
        0.1952,
        0.0182,
        0.0061,
        0.005,
        0.005,
        0.005,
        0.005,
        0.005,
        0.005,
        0.005,
        0.005,
        0.005,
        0.005,
        0.005,
        0.005,
        0.005,
        0.005,
        0.005,
        0.005,
        0.005,
        0.005,
        0.005,
        0.005,
        0.005,
        0.005,
        0.005,
        0.005,
        0.005,
        0.005,
        0.005,
        0.005,
        0.005,
        0.005,
        0.005,
        0.005,
        0.005,
        0.005,
        0.005,
        0.005,
        0.005,
        0.005,
        0.005,
        0.005,
        0.005,
        0.005,
        0.005,
        0.005,
        0.005,
        0.005,
        0.005
      ],
      "algorithm": "majority_vote",
      "learning_rate_plot": "artifacts/training_metrics_majority/grid_runs/n_10/q_0p8/seed_2/plots/n_10__complete__anchored_t2.png",
      "learning_rate_plot_anchored_t2": "artifacts/training_metrics_majority/grid_runs/n_10/q_0p8/seed_2/plots/n_10__complete__anchored_t2.png"
    },
    "n_10/ws_p_0.0_seed_2": {
      "train_loss_final": null,
      "train_loss_running_mean_final": null,
      "best_running_mean_loss": null,
      "best_episode_idx": null,
      "best_validation_error": null,
      "best_validation_episode_idx": null,
      "validation_history": [],
      "consensus": {
        "unanimous": {
          "fraction_episodes_reach_consensus": 0.997,
          "fraction_episodes_consensus_correct": 0.997,
          "fraction_episodes_consensus_wrong_only": 0.0,
          "fraction_correct_at_first_consensus": 1.0,
          "mean_first_consensus_t": 2.8545636910732197,
          "median_first_consensus_t": 3.0
        },
        "majority": {
          "fraction_episodes_reach_consensus": 1.0,
          "fraction_episodes_consensus_correct": 1.0,
          "fraction_episodes_consensus_wrong_only": 0.0,
          "fraction_correct_at_first_consensus": 0.994,
          "mean_first_consensus_t": 1.033,
          "median_first_consensus_t": 1.0
        }
      },
      "beta_fit": {
        "alpha": 0.09778421347268852,
        "beta": 1.067900785982582,
        "beta_std": 0.022121461703581567,
        "beta_ci_lower": 1.02454351775818,
        "beta_ci_upper": 1.1112580542069839,
        "epsilon_inf": 0.0011204118187029962,
        "fit_success": true,
        "method": "scipy_anchored_t2",
        "rmse": 0.0008507573285402686,
        "r2": 0.9965980932711267,
        "fit_window_t_max": 50,
        "n_full_series": 50,
        "plateau_detected": false,
        "fit_anchor": "t2",
        "fit_start_t": 2,
        "failure_reason": ""
      },
      "beta_hst_max": 2.7725887222397816,
      "beta_gap": -1.7046879362571996,
      "exceeds_hst_bound": false,
      "convergence_warning": false,
      "epsilon_series": [
        0.1952,
        0.0991,
        0.0342,
        0.0114,
        0.0073,
        0.0048,
        0.004,
        0.0031,
        0.0029,
        0.0023,
        0.0023,
        0.0018,
        0.0017,
        0.0017,
        0.0016,
        0.0014,
        0.0015,
        0.0012,
        0.001,
        0.001,
        0.001,
        0.0008,
        0.0008,
        0.0008,
        0.0008,
        0.0008,
        0.0007,
        0.0007,
        0.0007,
        0.0006,
        0.0006,
        0.0006,
        0.0006,
        0.0006,
        0.0006,
        0.0006,
        0.0006,
        0.0006,
        0.0006,
        0.0006,
        0.0006,
        0.0006,
        0.0006,
        0.0006,
        0.0006,
        0.0006,
        0.0006,
        0.0006,
        0.0006,
        0.0005
      ],
      "algorithm": "majority_vote",
      "learning_rate_plot": "artifacts/training_metrics_majority/grid_runs/n_10/q_0p8/seed_2/plots/n_10__ws_p_0.0_seed_2__anchored_t2.png",
      "learning_rate_plot_anchored_t2": "artifacts/training_metrics_majority/grid_runs/n_10/q_0p8/seed_2/plots/n_10__ws_p_0.0_seed_2__anchored_t2.png"
    },
    "n_10/ws_p_0.1_seed_2": {
      "train_loss_final": null,
      "train_loss_running_mean_final": null,
      "best_running_mean_loss": null,
      "best_episode_idx": null,
      "best_validation_error": null,
      "best_validation_episode_idx": null,
      "validation_history": [],
      "consensus": {
        "unanimous": {
          "fraction_episodes_reach_consensus": 1.0,
          "fraction_episodes_consensus_correct": 1.0,
          "fraction_episodes_consensus_wrong_only": 0.0,
          "fraction_correct_at_first_consensus": 1.0,
          "mean_first_consensus_t": 3.0,
          "median_first_consensus_t": 3.0
        },
        "majority": {
          "fraction_episodes_reach_consensus": 1.0,
          "fraction_episodes_consensus_correct": 1.0,
          "fraction_episodes_consensus_wrong_only": 0.0,
          "fraction_correct_at_first_consensus": 0.996,
          "mean_first_consensus_t": 1.033,
          "median_first_consensus_t": 1.0
        }
      },
      "beta_fit": {
        "alpha": 0.11080907357810033,
        "beta": 1.118719765196918,
        "beta_std": 0.02233084546253424,
        "beta_ci_lower": 1.0749521123460213,
        "beta_ci_upper": 1.1624874180478149,
        "epsilon_inf": 0.0006109263544849676,
        "fit_success": true,
        "method": "scipy_anchored_t2",
        "rmse": 0.0009070657165725562,
        "r2": 0.9970128621449612,
        "fit_window_t_max": 49,
        "n_full_series": 50,
        "plateau_detected": true,
        "fit_anchor": "t2",
        "fit_start_t": 2,
        "failure_reason": ""
      },
      "beta_hst_max": 2.7725887222397816,
      "beta_gap": -1.6538689570428635,
      "exceeds_hst_bound": false,
      "convergence_warning": false,