{
  "seed": 2,
  "conditions": {
    "n_10/complete": {
      "train_loss_final": 0.11016931384801865,
      "train_loss_running_mean_final": 0.15991049289703368,
      "best_running_mean_loss": 0.06533754793927074,
      "best_episode_idx": 3572,
      "best_validation_error": 0.01936,
      "best_validation_episode_idx": 1899,
      "validation_history": [
        [
          99,
          0.48
        ],
        [
          199,
          0.30116
        ],
        [
          299,
          0.04964
        ],
        [
          399,
          0.46636
        ],
        [
          499,
          0.47668
        ],
        [
          599,
          0.24672
        ],
        [
          699,
          0.15892
        ],
        [
          799,
          0.27128
        ],
        [
          899,
          0.42056
        ],
        [
          999,
          0.0328
        ],
        [
          1099,
          0.02772
        ],
        [
          1199,
          0.46836
        ],
        [
          1299,
          0.46796
        ],
        [
          1399,
          0.34208
        ],
        [
          1499,
          0.44624
        ],
        [
          1599,
          0.0382
        ],
        [
          1699,
          0.02044
        ],
        [
          1799,
          0.03792
        ],
        [
          1899,
          0.01936
        ],
        [
          1999,
          0.03784
        ],
        [
          2099,
          0.03792
        ],
        [
          2199,
          0.06192
        ],
        [
          2299,
          0.02316
        ],
        [
          2399,
          0.03796
        ],
        [
          2499,
          0.07344
        ],
        [
          2599,
          0.09184
        ],
        [
          2699,
          0.06892
        ],
        [
          2799,
          0.02232
        ],
        [
          2899,
          0.02152
        ],
        [
          2999,
          0.15952
        ],
        [
          3099,
          0.04844
        ],
        [
          3199,
          0.0218
        ],
        [
          3299,
          0.02068
        ],
        [
          3399,
          0.02204
        ],
        [
          3499,
          0.0208
        ],
        [
          3599,
          0.0256
        ],
        [
          3699,
          0.02232
        ],
        [
          3799,
          0.07408
        ],
        [
          3899,
          0.0378
        ],
        [
          3999,
          0.03804
        ],
        [
          4099,
          0.02192
        ],
        [
          4199,
          0.02036
        ],
        [
          4299,
          0.02112
        ],
        [
          4399,
          0.04252
        ],
        [
          4499,
          0.02244
        ],
        [
          4599,
          0.02072
        ],
        [
          4699,
          0.04648
        ],
        [
          4799,
          0.07412
        ],
        [
          4899,
          0.02172
        ],
        [
          4999,
          0.02208
        ]
      ],
      "consensus": {
        "unanimous": {
          "fraction_episodes_reach_consensus": 1.0,
          "fraction_episodes_consensus_correct": 0.988,
          "fraction_episodes_consensus_wrong_only": 0.012,
          "fraction_correct_at_first_consensus": 0.988,
          "mean_first_consensus_t": 4.813,
          "median_first_consensus_t": 4.0
        },
        "majority": {
          "fraction_episodes_reach_consensus": 1.0,
          "fraction_episodes_consensus_correct": 0.993,
          "fraction_episodes_consensus_wrong_only": 0.007,
          "fraction_correct_at_first_consensus": 0.902,
          "mean_first_consensus_t": 1.184,
          "median_first_consensus_t": 1.0
        }
      },
      "beta_fit": {
        "alpha": 0.4880003487,
        "beta": 0.3103410062063733,
        "beta_std": NaN,
        "beta_ci_lower": NaN,
        "beta_ci_upper": NaN,
        "epsilon_inf": 0.0119996513,
        "fit_success": true,
        "method": "anchored_t2_log_linear_fallback",
        "rmse": 0.012797646245630638,
        "r2": 0.9581663880875468,
        "fit_window_t_max": 50,
        "n_full_series": 50,
        "plateau_detected": false,
        "fit_anchor": "t2",
        "failure_reason": ""
      },
      "beta_hst_max": 1.2380784168124472,
      "beta_gap": -0.927737410606074,
      "exceeds_hst_bound": false,
      "convergence_warning": false,
      "epsilon_series": [
        0.3487,
        0.2516,
        0.18150000000000002,
        0.117,
        0.07400000000000001,
        0.0509,
        0.0371,
        0.028300000000000002,
        0.0236,
        0.019100000000000002,
        0.016900000000000002,
        0.0161,
        0.0148,
        0.0146,
        0.0142,
        0.0131,
        0.013000000000000001,
        0.012700000000000001,
        0.0123,
        0.012,
        0.012,
        0.012,
        0.012,
        0.012,
        0.012,
        0.012,
        0.012,
        0.012,
        0.012,
        0.012,
        0.012,
        0.012,
        0.012,
        0.012,
        0.012,
        0.012,
        0.012,
        0.012,
        0.012,
        0.012,
        0.012,
        0.012,
        0.012,
        0.012,
        0.012,
        0.012,
        0.012,
        0.012,
        0.012,
        0.012
      ],
      "learning_rate_plot": "artifacts/training_metrics_fair/grid_runs/n_10/q_0p65/seed_2/plots/n_10__complete__anchored_t0.png",
      "learning_rate_plot_anchored_t0": "artifacts/training_metrics_fair/grid_runs/n_10/q_0p65/seed_2/plots/n_10__complete__anchored_t0.png",
      "train_loss_plot": "artifacts/training_metrics_fair/grid_runs/n_10/q_0p65/seed_2/plots/n_10__complete__train_loss.png",
      "learning_rate_plot_anchored_t2": "artifacts/anchor_t2/training_metrics_fair/grid_runs/n_10/q_0p65/seed_2/plots/n_10__complete__anchored_t2.png"
    },
    "n_10/ws_p_0.0_seed_2": {
      "train_loss_final": 0.15247762203216553,
      "train_loss_running_mean_final": 0.08721750041469932,
      "best_running_mean_loss": 0.0725338490959257,
      "best_episode_idx": 4615,
      "best_validation_error": 0.03316,
      "best_validation_episode_idx": 4199,