{
  "seed": 1,
  "conditions": {
    "n_10/complete": {
      "train_loss_final": null,
      "train_loss_running_mean_final": null,
      "best_running_mean_loss": null,
      "best_episode_idx": null,
      "best_validation_error": null,
      "best_validation_episode_idx": null,
      "validation_history": [],
      "consensus": {
        "unanimous": {
          "fraction_episodes_reach_consensus": 1.0,
          "fraction_episodes_consensus_correct": 0.658,
          "fraction_episodes_consensus_wrong_only": 0.342,
          "fraction_correct_at_first_consensus": 0.658,
          "mean_first_consensus_t": 2.783,
          "median_first_consensus_t": 3.0
        },
        "majority": {
          "fraction_episodes_reach_consensus": 1.0,
          "fraction_episodes_consensus_correct": 0.658,
          "fraction_episodes_consensus_wrong_only": 0.342,
          "fraction_correct_at_first_consensus": 0.658,
          "mean_first_consensus_t": 1.357,
          "median_first_consensus_t": 1.0
        }
      },
      "beta_fit": {
        "alpha": 0.03545604403144547,
        "beta": 1.0365722314348746,
        "beta_std": 0.009193827463348752,
        "beta_ci_lower": 1.0185526607266358,
        "beta_ci_upper": 1.0545918021431135,
        "epsilon_inf": 0.34199097228986636,
        "fit_success": true,
        "method": "scipy_anchored_t2",
        "rmse": 0.00013394382527003214,
        "r2": 0.9993617141091136,
        "fit_window_t_max": 50,
        "n_full_series": 50,
        "plateau_detected": false,
        "fit_anchor": "t2",
        "fit_start_t": 2,
        "failure_reason": ""
      },
      "beta_hst_max": 0.4013413909243028,
      "beta_gap": 0.6352308405105718,
      "exceeds_hst_bound": false,
      "convergence_warning": true,
      "epsilon_series": [
        0.4486,
        0.3775,
        0.3542,
        0.3472,
        0.3433,
        0.3423,
        0.342,
        0.342,
        0.342,
        0.342,
        0.342,
        0.342,
        0.342,
        0.342,
        0.342,
        0.342,
        0.342,
        0.342,
        0.342,
        0.342,
        0.342,
        0.342,
        0.342,
        0.342,
        0.342,
        0.342,
        0.342,
        0.342,
        0.342,
        0.342,
        0.342,
        0.342,
        0.342,
        0.342,
        0.342,
        0.342,
        0.342,
        0.342,
        0.342,
        0.342,
        0.342,
        0.342,
        0.342,
        0.342,
        0.342,
        0.342,
        0.342,
        0.342,
        0.342,
        0.342
      ],
      "algorithm": "majority_vote",
      "learning_rate_plot": "artifacts/training_metrics_majority/grid_runs/n_10/q_0p55/seed_1/plots/n_10__complete__anchored_t2.png",
      "learning_rate_plot_anchored_t2": "artifacts/training_metrics_majority/grid_runs/n_10/q_0p55/seed_1/plots/n_10__complete__anchored_t2.png"
    },
    "n_10/ws_p_0.0_seed_1": {
      "train_loss_final": null,
      "train_loss_running_mean_final": null,
      "best_running_mean_loss": null,
      "best_episode_idx": null,
      "best_validation_error": null,
      "best_validation_episode_idx": null,
      "validation_history": [],
      "consensus": {
        "unanimous": {
          "fraction_episodes_reach_consensus": 0.541,
          "fraction_episodes_consensus_correct": 0.456,
          "fraction_episodes_consensus_wrong_only": 0.085,
          "fraction_correct_at_first_consensus": 0.8428835489833642,
          "mean_first_consensus_t": 13.33271719038817,
          "median_first_consensus_t": 6.0
        },
        "majority": {
          "fraction_episodes_reach_consensus": 1.0,
          "fraction_episodes_consensus_correct": 0.817,
          "fraction_episodes_consensus_wrong_only": 0.183,
          "fraction_correct_at_first_consensus": 0.642,
          "mean_first_consensus_t": 1.471,
          "median_first_consensus_t": 1.0
        }
      },
      "beta_fit": {
        "alpha": 0.10879653474132293,
        "beta": 0.03940783283937233,
        "beta_std": 0.0025405001965705326,
        "beta_ci_lower": 0.034428543951377164,
        "beta_ci_upper": 0.0443871217273675,
        "epsilon_inf": 0.26664114665675487,
        "fit_success": true,
        "method": "scipy_anchored_t2",
        "rmse": 0.0067182620784068114,
        "r2": 0.9466231586135861,
        "fit_window_t_max": 100,
        "n_full_series": 100,
        "plateau_detected": false,
        "fit_anchor": "t2",
        "fit_start_t": 2,
        "failure_reason": ""
      },
      "beta_hst_max": 0.4013413909243028,
      "beta_gap": -0.3619335580849305,
      "exceeds_hst_bound": false,
      "convergence_warning": true,
      "epsilon_series": [
        0.4486,
        0.4203,
        0.3947,
        0.3672,
        0.3601,
        0.3496,
        0.3458,
        0.3405,
        0.3385,
        0.3345,
        0.3305,
        0.3311,
        0.3299,
        0.326,
        0.3262,
        0.3232,
        0.3209,
        0.3218,
        0.3193,
        0.3193,
        0.3166,
        0.3148,
        0.3135,
        0.3123,
        0.3097,
        0.3089,
        0.308,
        0.3061,
        0.3042,
        0.3035,
        0.303,
        0.3006,
        0.3,
        0.299,
        0.2974,
        0.2967,
        0.2972,
        0.2954,
        0.2962,
        0.2947,
        0.2938,
        0.2926,
        0.293,
        0.2913,
        0.2913,
        0.2895,
        0.2891,
        0.2885,
        0.2876,
        0.2876,
        0.2862,
        0.2862,
        0.2856,
        0.2851,
        0.2853,
        0.2844,
        0.284,
        0.2827,
        0.2822,
        0.2815,
        0.2816,
        0.2803,
        0.279,
        0.2791,
        0.2777,
        0.2775,
        0.277,
        0.2767,
        0.2759,
        0.2752,
        0.2755,
        0.2745,
        0.2734,
        0.2722,
        0.2719,
        0.2723,
        0.2707,
        0.27,
        0.2705,
        0.2712,
        0.2705,
        0.2698,
        0.27,
        0.2688,
        0.269,
        0.2682,
        0.2681,
        0.2677,
        0.2674,
        0.2666,
        0.266,
        0.2655,
        0.2653,
        0.2641,
        0.2634,
        0.2635,
        0.2647,
        0.2635,
        0.2637,
        0.2634
      ],
      "algorithm": "majority_vote",
      "learning_rate_plot": "artifacts/training_metrics_majority/grid_runs/n_10/q_0p55/seed_1/plots/n_10__ws_p_0.0_seed_1__anchored_t2.png",
      "learning_rate_plot_anchored_t2": "artifacts/training_metrics_majority/grid_runs/n_10/q_0p55/seed_1/plots/n_10__ws_p_0.0_seed_1__anchored_t2.png"
    },
    "n_10/ws_p_0.1_seed_1": {
      "train_loss_final": null,
      "train_loss_running_mean_final": null,
      "best_running_mean_loss": null,
      "best_episode_idx": null,
      "best_validation_error": null,
      "best_validation_episode_idx": null,
      "validation_history": [],
      "consensus": {
        "unanimous": {
          "fraction_episodes_reach_consensus": 0.567,
          "fraction_episodes_consensus_correct": 0.468,
          "fraction_episodes_consensus_wrong_only": 0.099,
          "fraction_correct_at_first_consensus": 0.8253968253968254,
          "mean_first_consensus_t": 12.10405643738977,
          "median_first_consensus_t": 6.0
        },
        "majority": {
          "fraction_episodes_reach_consensus": 1.0,
          "fraction_episodes_consensus_correct": 0.804,
          "fraction_episodes_consensus_wrong_only": 0.196,
          "fraction_correct_at_first_consensus": 0.634,
          "mean_first_consensus_t": 1.443,
          "median_first_consensus_t": 1.0
        }
      },
      "beta_fit": {
        "alpha": 0.0983187534257545,
        "beta": 0.051139073634561605,
        "beta_std": 0.0032665109531689455,
        "beta_ci_lower": 0.04473682981124487,
        "beta_ci_upper": 0.05754131745787834,
        "epsilon_inf": 0.28010126788557566,
        "fit_success": true,
        "method": "scipy_anchored_t2",