{
  "seed": 3,
  "conditions": {
    "n_10/complete": {
      "train_loss_final": 0.042772334069013596,
      "train_loss_running_mean_final": 0.08839443990029394,
      "best_running_mean_loss": 0.046778308618813755,
      "best_episode_idx": 4965,
      "best_validation_error": 0.02308,
      "best_validation_episode_idx": 4999,
      "validation_history": [
        [
          99,
          0.43376
        ],
        [
          199,
          0.2526
        ],
        [
          299,
          0.07548
        ],
        [
          399,
          0.19728
        ],
        [
          499,
          0.35052
        ],
        [
          599,
          0.07672
        ],
        [
          699,
          0.09284
        ],
        [
          799,
          0.07924
        ],
        [
          899,
          0.04436
        ],
        [
          999,
          0.06036
        ],
        [
          1099,
          0.56
        ],
        [
          1199,
          0.35324
        ],
        [
          1299,
          0.54292
        ],
        [
          1399,
          0.34296
        ],
        [
          1499,
          0.05076
        ],
        [
          1599,
          0.31852
        ],
        [
          1699,
          0.1266
        ],
        [
          1799,
          0.02732
        ],
        [
          1899,
          0.02868
        ],
        [
          1999,
          0.3484
        ],
        [
          2099,
          0.25232
        ],
        [
          2199,
          0.43604
        ],
        [
          2299,
          0.55292
        ],
        [
          2399,
          0.43528
        ],
        [
          2499,
          0.34992
        ],
        [
          2599,
          0.43644
        ],
        [
          2699,
          0.436
        ],
        [
          2799,
          0.34992
        ],
        [
          2899,
          0.43548
        ],
        [
          2999,
          0.54528
        ],
        [
          3099,
          0.34992
        ],
        [
          3199,
          0.27232
        ],
        [
          3299,
          0.34992
        ],
        [
          3399,
          0.33836
        ],
        [
          3499,
          0.4336
        ],
        [
          3599,
          0.34992
        ],
        [
          3699,
          0.30456
        ],
        [
          3799,
          0.34992
        ],
        [
          3899,
          0.34992
        ],
        [
          3999,
          0.34192
        ],
        [
          4099,
          0.40052
        ],
        [
          4199,
          0.09692
        ],
        [
          4299,
          0.41512
        ],
        [
          4399,
          0.06796
        ],
        [
          4499,
          0.33224
        ],
        [
          4599,
          0.0606
        ],
        [
          4699,
          0.09376
        ],
        [
          4799,
          0.03768
        ],
        [
          4899,
          0.0234
        ],
        [
          4999,
          0.02308
        ]
      ],
      "consensus": {
        "unanimous": {
          "fraction_episodes_reach_consensus": 1.0,
          "fraction_episodes_consensus_correct": 0.993,
          "fraction_episodes_consensus_wrong_only": 0.007,
          "fraction_correct_at_first_consensus": 0.956,
          "mean_first_consensus_t": 3.443,
          "median_first_consensus_t": 3.0
        },
        "majority": {
          "fraction_episodes_reach_consensus": 1.0,
          "fraction_episodes_consensus_correct": 0.994,
          "fraction_episodes_consensus_wrong_only": 0.006,
          "fraction_correct_at_first_consensus": 0.859,
          "mean_first_consensus_t": 1.178,
          "median_first_consensus_t": 1.0
        }
      },
      "beta_fit": {
        "alpha": 0.4930003531,
        "beta": 0.2960223410551236,
        "beta_std": NaN,
        "beta_ci_lower": NaN,
        "beta_ci_upper": NaN,
        "epsilon_inf": 0.0069996469,
        "fit_success": true,
        "method": "anchored_t2_log_linear_fallback",
        "rmse": 0.0188386221492115,
        "r2": 0.9023385863826183,
        "fit_window_t_max": 50,
        "n_full_series": 50,
        "plateau_detected": false,
        "fit_anchor": "t2",
        "failure_reason": ""
      },
      "beta_hst_max": 1.2380784168124472,
      "beta_gap": -0.9420560757573236,
      "exceeds_hst_bound": false,
      "convergence_warning": false,
      "epsilon_series": [
        0.3531,
        0.2237,
        0.14930000000000002,
        0.1004,
        0.0669,
        0.048,
        0.035,
        0.027100000000000003,
        0.0222,
        0.017400000000000002,
        0.0154,
        0.013800000000000002,
        0.011600000000000001,
        0.0105,
        0.0103,
        0.009600000000000001,
        0.0095,
        0.0091,
        0.009000000000000001,
        0.009000000000000001,
        0.009000000000000001,
        0.0088,
        0.008400000000000001,
        0.0082,
        0.008,
        0.008,
        0.008,
        0.007500000000000001,
        0.0074,
        0.007500000000000001,
        0.0077,
        0.0078000000000000005,
        0.0079,
        0.0078000000000000005,
        0.0073,
        0.007,
        0.007,
        0.007,
        0.007,
        0.007,
        0.007,
        0.007,
        0.007,
        0.007,
        0.007,
        0.007,
        0.007,
        0.007,
        0.007,
        0.007
      ],
      "learning_rate_plot": "artifacts/training_metrics_vector/grid_runs/n_10/q_0p65/seed_3/plots/n_10__complete__anchored_t0.png",
      "learning_rate_plot_anchored_t0": "artifacts/training_metrics_vector/grid_runs/n_10/q_0p65/seed_3/plots/n_10__complete__anchored_t0.png",
      "train_loss_plot": "artifacts/training_metrics_vector/grid_runs/n_10/q_0p65/seed_3/plots/n_10__complete__train_loss.png",
      "learning_rate_plot_anchored_t2": "artifacts/anchor_t2/training_metrics_vector/grid_runs/n_10/q_0p65/seed_3/plots/n_10__complete__anchored_t2.png"
    },
    "n_10/ws_p_0.0_seed_3": {
      "train_loss_final": 0.020800814032554626,
      "train_loss_running_mean_final": 0.06433127420023084,
      "best_running_mean_loss": 0.055364421932026744,
      "best_episode_idx": 4711,
      "best_validation_error": 0.03168,
      "best_validation_episode_idx": 4999,