{
  "seed": 1,
  "conditions": {
    "n_10/complete": {
      "train_loss_final": 0.1218469887971878,
      "train_loss_running_mean_final": 0.36304097704589366,
      "best_running_mean_loss": 0.25124536383897067,
      "best_episode_idx": 4674,
      "best_validation_error": 0.0931,
      "best_validation_episode_idx": 3099,
      "validation_history": [
        [
          99,
          0.4832
        ],
        [
          199,
          0.3287
        ],
        [
          299,
          0.5892
        ],
        [
          399,
          0.3951
        ],
        [
          499,
          0.3661
        ],
        [
          599,
          0.3772
        ],
        [
          699,
          0.2321
        ],
        [
          799,
          0.1676
        ],
        [
          899,
          0.2344
        ],
        [
          999,
          0.2967
        ],
        [
          1099,
          0.288
        ],
        [
          1199,
          0.1197
        ],
        [
          1299,
          0.1398
        ],
        [
          1399,
          0.1665
        ],
        [
          1499,
          0.1141
        ],
        [
          1599,
          0.2961
        ],
        [
          1699,
          0.1585
        ],
        [
          1799,
          0.2237
        ],
        [
          1899,
          0.191
        ],
        [
          1999,
          0.2528
        ],
        [
          2099,
          0.1248
        ],
        [
          2199,
          0.1355
        ],
        [
          2299,
          0.2107
        ],
        [
          2399,
          0.2701
        ],
        [
          2499,
          0.193
        ],
        [
          2599,
          0.1834
        ],
        [
          2699,
          0.2301
        ],
        [
          2799,
          0.1533
        ],
        [
          2899,
          0.1031
        ],
        [
          2999,
          0.1292
        ],
        [
          3099,
          0.0931
        ],
        [
          3199,
          0.1472
        ],
        [
          3299,
          0.1276
        ],
        [
          3399,
          0.1034
        ],
        [
          3499,
          0.1577
        ],
        [
          3599,
          0.1595
        ],
        [
          3699,
          0.2031
        ],
        [
          3799,
          0.1736
        ],
        [
          3899,
          0.1097
        ],
        [
          3999,
          0.1123
        ],
        [
          4099,
          0.538
        ],
        [
          4199,
          0.1185
        ],
        [
          4299,
          0.1876
        ],
        [
          4399,
          0.1409
        ],
        [
          4499,
          0.142
        ],
        [
          4599,
          0.137
        ],
        [
          4699,
          0.1495
        ],
        [
          4799,
          0.1258
        ],
        [
          4899,
          0.1209
        ],
        [
          4999,
          0.1238
        ]
      ],
      "consensus": {
        "unanimous": {
          "fraction_episodes_reach_consensus": 0.96,
          "fraction_episodes_consensus_correct": 0.93,
          "fraction_episodes_consensus_wrong_only": 0.03,
          "fraction_correct_at_first_consensus": 0.96875,
          "mean_first_consensus_t": 5.53125,
          "median_first_consensus_t": 4.0
        },
        "majority": {
          "fraction_episodes_reach_consensus": 1.0,
          "fraction_episodes_consensus_correct": 0.97,
          "fraction_episodes_consensus_wrong_only": 0.03,
          "fraction_correct_at_first_consensus": 0.87,
          "mean_first_consensus_t": 1.33,
          "median_first_consensus_t": 1.0
        }
      },
      "beta_fit": {
        "alpha": 0.4432349183983844,
        "beta": 0.32888558967873394,
        "beta_std": 0.013189635337652243,
        "beta_ci_lower": 0.3030343794477187,
        "beta_ci_upper": 0.35473679990974916,
        "epsilon_inf": 0.05676508160161559,
        "fit_success": true,
        "method": "scipy_anchored_t0",
        "rmse": 0.011202712781695899,
        "r2": 0.9839170594838724,
        "fit_window_t_max": 20,
        "n_full_series": 20,
        "plateau_detected": false,
        "failure_reason": ""
      },
      "beta_hst_max": 0.8109302162163284,
      "beta_gap": -0.4820446265375945,
      "exceeds_hst_bound": false,
      "convergence_warning": true,
      "epsilon_series": [
        0.402,
        0.279,
        0.214,
        0.163,
        0.133,
        0.12,
        0.102,
        0.096,
        0.086,
        0.085,
        0.08,
        0.073,
        0.073,
        0.071,
        0.065,
        0.061,
        0.053,
        0.044,
        0.039,
        0.042
      ],
      "learning_rate_plot": "artifacts/_smoke/seed_1/plots/n_10__complete__anchored_t0.png",
      "learning_rate_plot_anchored_t0": "artifacts/_smoke/seed_1/plots/n_10__complete__anchored_t0.png",
      "train_loss_plot": "artifacts/_smoke/seed_1/plots/n_10__complete__train_loss.png"
    },
    "n_10/ws_p_0.0_seed_1": {
      "train_loss_final": 0.1307176649570465,
      "train_loss_running_mean_final": 0.38711693733930586,
      "best_running_mean_loss": 0.3434999430179596,
      "best_episode_idx": 4616,
      "best_validation_error": 0.1563,
      "best_validation_episode_idx": 4899,