{
  "seed": 3,
  "conditions": {
    "n_10/complete": {
      "train_loss_final": 0.007522581145167351,
      "train_loss_running_mean_final": 0.015991392319556326,
      "best_running_mean_loss": 0.011208977792412042,
      "best_episode_idx": 3757,
      "best_validation_error": 0.00428,
      "best_validation_episode_idx": 3999,
      "validation_history": [
        [
          99,
          0.03364
        ],
        [
          199,
          0.11516
        ],
        [
          299,
          0.00768
        ],
        [
          399,
          0.00552
        ],
        [
          499,
          0.00524
        ],
        [
          599,
          0.00508
        ],
        [
          699,
          0.00516
        ],
        [
          799,
          0.00516
        ],
        [
          899,
          0.00516
        ],
        [
          999,
          0.04264
        ],
        [
          1099,
          0.02616
        ],
        [
          1199,
          0.00512
        ],
        [
          1299,
          0.00512
        ],
        [
          1399,
          0.00512
        ],
        [
          1499,
          0.005
        ],
        [
          1599,
          0.005
        ],
        [
          1699,
          0.00524
        ],
        [
          1799,
          0.00496
        ],
        [
          1899,
          0.00464
        ],
        [
          1999,
          0.00496
        ],
        [
          2099,
          0.00556
        ],
        [
          2199,
          0.00484
        ],
        [
          2299,
          0.00492
        ],
        [
          2399,
          0.00496
        ],
        [
          2499,
          0.00504
        ],
        [
          2599,
          0.00492
        ],
        [
          2699,
          0.00492
        ],
        [
          2799,
          0.00496
        ],
        [
          2899,
          0.00496
        ],
        [
          2999,
          0.00492
        ],
        [
          3099,
          0.00472
        ],
        [
          3199,
          0.0048
        ],
        [
          3299,
          0.00492
        ],
        [
          3399,
          0.00496
        ],
        [
          3499,
          0.00472
        ],
        [
          3599,
          0.00472
        ],
        [
          3699,
          0.00464
        ],
        [
          3799,
          0.00464
        ],
        [
          3899,
          0.00464
        ],
        [
          3999,
          0.00428
        ],
        [
          4099,
          0.00652
        ],
        [
          4199,
          0.00516
        ],
        [
          4299,
          0.00556
        ],
        [
          4399,
          0.00556
        ],
        [
          4499,
          0.00504
        ],
        [
          4599,
          0.00492
        ],
        [
          4699,
          0.00544
        ],
        [
          4799,
          0.00504
        ],
        [
          4899,
          0.00472
        ],
        [
          4999,
          0.00484
        ]
      ],
      "consensus": {
        "unanimous": {
          "fraction_episodes_reach_consensus": 1.0,
          "fraction_episodes_consensus_correct": 0.993,
          "fraction_episodes_consensus_wrong_only": 0.007,
          "fraction_correct_at_first_consensus": 0.993,
          "mean_first_consensus_t": 2.168,
          "median_first_consensus_t": 2.0
        },
        "majority": {
          "fraction_episodes_reach_consensus": 1.0,
          "fraction_episodes_consensus_correct": 0.993,
          "fraction_episodes_consensus_wrong_only": 0.007,
          "fraction_correct_at_first_consensus": 0.987,
          "mean_first_consensus_t": 1.048,
          "median_first_consensus_t": 1.0
        }
      },
      "beta_fit": {
        "alpha": 0.493684340602726,
        "beta": 1.0381685574858026,
        "beta_std": 0.02500763035660936,
        "beta_ci_lower": 0.9891545026481577,
        "beta_ci_upper": 1.0871826123234476,
        "epsilon_inf": 0.006315659397274029,
        "fit_success": true,
        "method": "scipy_anchored_t0",
        "rmse": 0.00542799280340665,
        "r2": 0.9627992507843829,
        "fit_window_t_max": 50,
        "n_full_series": 50,
        "plateau_detected": false,
        "fit_anchor": "t0",
        "failure_reason": ""
      },
      "beta_hst_max": 2.7725887222397816,
      "beta_gap": -1.734420164753979,
      "exceeds_hst_bound": false,
      "convergence_warning": false,
      "epsilon_series": [
        0.2053,
        0.0446,
        0.0122,
        0.007,
        0.0071,
        0.007,
        0.007,
        0.007,
        0.007,
        0.007,
        0.007,
        0.007,
        0.007,
        0.007,
        0.007,
        0.007,
        0.007,
        0.007,
        0.007,
        0.007,
        0.007,
        0.007,
        0.007,
        0.007,
        0.007,
        0.007,
        0.007,
        0.007,
        0.007,
        0.007,
        0.007,
        0.007,
        0.007,
        0.007,
        0.007,
        0.007,
        0.007,
        0.007,
        0.007,
        0.007,
        0.007,
        0.007,
        0.007,
        0.007,
        0.007,
        0.007,
        0.007,
        0.007,
        0.007,
        0.007
      ],
      "learning_rate_plot": "artifacts/training_metrics_fair/grid_runs/n_10/q_0p8/seed_3/plots/n_10__complete__anchored_t0.png",
      "learning_rate_plot_anchored_t0": "artifacts/training_metrics_fair/grid_runs/n_10/q_0p8/seed_3/plots/n_10__complete__anchored_t0.png",
      "train_loss_plot": "artifacts/training_metrics_fair/grid_runs/n_10/q_0p8/seed_3/plots/n_10__complete__train_loss.png"
    },
    "n_10/ws_p_0.0_seed_3": {
      "train_loss_final": 0.009241691790521145,
      "train_loss_running_mean_final": 0.02833378210430965,
      "best_running_mean_loss": 0.018360489082988353,
      "best_episode_idx": 4755,
      "best_validation_error": 0.007,
      "best_validation_episode_idx": 3799,