{
  "seed": 0,
  "conditions": {
    "n_10/complete": {
      "train_loss_final": 0.018435414880514145,
      "train_loss_running_mean_final": 0.026518500661477446,
      "best_running_mean_loss": 0.012567572444677353,
      "best_episode_idx": 1709,
      "best_validation_error": 0.00424,
      "best_validation_episode_idx": 1699,
      "validation_history": [
        [
          99,
          0.20408
        ],
        [
          199,
          0.06092
        ],
        [
          299,
          0.01096
        ],
        [
          399,
          0.00692
        ],
        [
          499,
          0.00608
        ],
        [
          599,
          0.0066
        ],
        [
          699,
          0.00572
        ],
        [
          799,
          0.006
        ],
        [
          899,
          0.01188
        ],
        [
          999,
          0.00552
        ],
        [
          1099,
          0.00504
        ],
        [
          1199,
          0.00472
        ],
        [
          1299,
          0.0046
        ],
        [
          1399,
          0.00456
        ],
        [
          1499,
          0.00456
        ],
        [
          1599,
          0.00428
        ],
        [
          1699,
          0.00424
        ],
        [
          1799,
          0.52
        ],
        [
          1899,
          0.52
        ],
        [
          1999,
          0.52
        ],
        [
          2099,
          0.52
        ],
        [
          2199,
          0.00512
        ],
        [
          2299,
          0.0046
        ],
        [
          2399,
          0.0046
        ],
        [
          2499,
          0.0046
        ],
        [
          2599,
          0.0046
        ],
        [
          2699,
          0.0046
        ],
        [
          2799,
          0.0046
        ],
        [
          2899,
          0.0046
        ],
        [
          2999,
          0.0054
        ],
        [
          3099,
          0.00464
        ],
        [
          3199,
          0.00512
        ],
        [
          3299,
          0.00528
        ],
        [
          3399,
          0.0046
        ],
        [
          3499,
          0.00516
        ],
        [
          3599,
          0.005
        ],
        [
          3699,
          0.00516
        ],
        [
          3799,
          0.00508
        ],
        [
          3899,
          0.00492
        ],
        [
          3999,
          0.00456
        ],
        [
          4099,
          0.00452
        ],
        [
          4199,
          0.0056
        ],
        [
          4299,
          0.00548
        ],
        [
          4399,
          0.0054
        ],
        [
          4499,
          0.00476
        ],
        [
          4599,
          0.00492
        ],
        [
          4699,
          0.00444
        ],
        [
          4799,
          0.00428
        ],
        [
          4899,
          0.00716
        ],
        [
          4999,
          0.00496
        ]
      ],
      "consensus": {
        "unanimous": {
          "fraction_episodes_reach_consensus": 1.0,
          "fraction_episodes_consensus_correct": 0.996,
          "fraction_episodes_consensus_wrong_only": 0.004,
          "fraction_correct_at_first_consensus": 0.996,
          "mean_first_consensus_t": 2.21,
          "median_first_consensus_t": 2.0
        },
        "majority": {
          "fraction_episodes_reach_consensus": 1.0,
          "fraction_episodes_consensus_correct": 0.996,
          "fraction_episodes_consensus_wrong_only": 0.004,
          "fraction_correct_at_first_consensus": 0.993,
          "mean_first_consensus_t": 1.028,
          "median_first_consensus_t": 1.0
        }
      },
      "beta_fit": {
        "alpha": 0.4966212796471314,
        "beta": 1.05331597910816,
        "beta_std": 0.024796350286100912,
        "beta_ci_lower": 1.0047160255993628,
        "beta_ci_upper": 1.1019159326169574,
        "epsilon_inf": 0.00337872035286865,
        "fit_success": true,
        "method": "scipy_anchored_t0",
        "rmse": 0.0052916073496466765,
        "r2": 0.9636808587931746,
        "fit_window_t_max": 50,
        "n_full_series": 50,
        "plateau_detected": false,
        "fit_anchor": "t0",
        "failure_reason": ""
      },
      "beta_hst_max": 2.7725887222397816,
      "beta_gap": -1.7192727431316215,
      "exceeds_hst_bound": false,
      "convergence_warning": false,
      "epsilon_series": [
        0.1998,
        0.040600000000000004,
        0.0078000000000000005,
        0.0054,
        0.0049,
        0.0047,
        0.004200000000000001,
        0.004,
        0.004,
        0.004,
        0.004,
        0.004,
        0.004,
        0.004,
        0.004,
        0.004,
        0.004,
        0.004,
        0.004,
        0.004,
        0.004,
        0.004,
        0.004,
        0.004,
        0.004,
        0.004,
        0.004,
        0.004,
        0.004,
        0.004,
        0.004,
        0.004,
        0.004,
        0.004,
        0.004,
        0.004,
        0.004,
        0.004,
        0.004,
        0.004,
        0.004,
        0.004,
        0.004,
        0.004,
        0.004,
        0.004,
        0.004,
        0.004,
        0.004,
        0.004
      ],
      "learning_rate_plot": "artifacts/training_metrics_fair/grid_runs/n_10/q_0p8/seed_0/plots/n_10__complete__anchored_t0.png",
      "learning_rate_plot_anchored_t0": "artifacts/training_metrics_fair/grid_runs/n_10/q_0p8/seed_0/plots/n_10__complete__anchored_t0.png",
      "train_loss_plot": "artifacts/training_metrics_fair/grid_runs/n_10/q_0p8/seed_0/plots/n_10__complete__train_loss.png"
    },
    "n_10/ws_p_0.0_seed_0": {
      "train_loss_final": 0.02991214394569397,
      "train_loss_running_mean_final": 0.02394913508091122,
      "best_running_mean_loss": 0.018992579723708332,
      "best_episode_idx": 3097,
      "best_validation_error": 0.00788,
      "best_validation_episode_idx": 4199,