{
  "num_records": 15,
  "num_seeds": 5,
  "seeds": [
    0,
    1,
    2,
    3,
    4
  ],
  "cells": [
    {
      "num_nodes": 100,
      "signal_quality": 0.55,
      "topology": "complete",
      "n_seeds": 5,
      "beta_gat_mean": 0.2472964869772,
      "beta_gat_std": 0.1435810144307491,
      "beta_gat_se_mean": 0.012841594522232793,
      "beta_gat_ci_lower_mean": 0.22212742420955686,
      "beta_gat_ci_upper_mean": 0.2724655497448431,
      "beta_gat_best": 0.42805494556911616,
      "beta_gat_best_seed": 3,
      "beta_gap_at_best": 0.026713554644813342,
      "exceeds_hst_bound_at_best": true,
      "beta_hst_max_mean": 0.4013413909243028,
      "beta_gap_mean": -0.15404490394710285,
      "beta_gap_std": 0.1435810144307491,
      "exceeds_hst_bound_rate": 0.2,
      "convergence_warning_rate": 0.0,
      "fit_success_rate": 1.0,
      "fit_r2_mean": 0.9702480080724442,
      "unanimous_reach_consensus_rate_mean": 0.999,
      "unanimous_correct_consensus_rate_mean": 0.9810000000000001,
      "unanimous_wrong_only_consensus_rate_mean": 0.018,
      "unanimous_mean_first_consensus_t_mean": 12.999426045672086,
      "majority_reach_consensus_rate_mean": 1.0,
      "majority_correct_consensus_rate_mean": 0.9975999999999999,
      "majority_wrong_only_consensus_rate_mean": 0.0024000000000000002,
      "majority_mean_first_consensus_t_mean": 1.05
    },
    {
      "num_nodes": 100,
      "signal_quality": 0.55,
      "topology": "ws_p_0.0",
      "n_seeds": 5,
      "beta_gat_mean": 0.06522789833872525,
      "beta_gat_std": 0.003927103382879081,
      "beta_gat_se_mean": 0.000160052054816556,
      "beta_gat_ci_lower_mean": 0.06491420207563317,
      "beta_gat_ci_upper_mean": 0.06554159460181734,
      "beta_gat_best": 0.0701980036482684,
      "beta_gat_best_seed": 3,
      "beta_gap_at_best": -0.33114338727603443,
      "exceeds_hst_bound_at_best": false,
      "beta_hst_max_mean": 0.4013413909243028,
      "beta_gap_mean": -0.3361134925855776,
      "beta_gap_std": 0.003927103382879087,
      "exceeds_hst_bound_rate": 0.0,
      "convergence_warning_rate": 0.0,
      "fit_success_rate": 1.0,
      "fit_r2_mean": 0.9998741124309948,
      "unanimous_reach_consensus_rate_mean": 0.976,
      "unanimous_correct_consensus_rate_mean": 0.9757999999999999,
      "unanimous_wrong_only_consensus_rate_mean": 0.0002,
      "unanimous_mean_first_consensus_t_mean": 36.63202053098932,
      "majority_reach_consensus_rate_mean": 1.0,
      "majority_correct_consensus_rate_mean": 1.0,
      "majority_wrong_only_consensus_rate_mean": 0.0,
      "majority_mean_first_consensus_t_mean": 1.0388
    },
    {
      "num_nodes": 100,
      "signal_quality": 0.55,
      "topology": "ws_p_0.1",
      "n_seeds": 5,
      "beta_gat_mean": 0.06449157910733709,
      "beta_gat_std": 0.0018461975722729403,
      "beta_gat_se_mean": 0.00015231411773895706,
      "beta_gat_ci_lower_mean": 0.06419304892223175,
      "beta_gat_ci_upper_mean": 0.06479010929244244,
      "beta_gat_best": 0.06611842101634026,
      "beta_gat_best_seed": 4,
      "beta_gap_at_best": -0.3352229699079626,
      "exceeds_hst_bound_at_best": false,
      "beta_hst_max_mean": 0.4013413909243028,
      "beta_gap_mean": -0.3368498118169657,
      "beta_gap_std": 0.0018461975722729469,
      "exceeds_hst_bound_rate": 0.0,
      "convergence_warning_rate": 0.0,
      "fit_success_rate": 1.0,
      "fit_r2_mean": 0.9998825892485224,
      "unanimous_reach_consensus_rate_mean": 0.9715999999999999,
      "unanimous_correct_consensus_rate_mean": 0.9715999999999999,
      "unanimous_wrong_only_consensus_rate_mean": 0.0,
      "unanimous_mean_first_consensus_t_mean": 47.369455180921356,
      "majority_reach_consensus_rate_mean": 1.0,
      "majority_correct_consensus_rate_mean": 1.0,
      "majority_wrong_only_consensus_rate_mean": 0.0,
      "majority_mean_first_consensus_t_mean": 1.0493999999999999
    }
  ],
  "by_cell_key": {
    "n_100/q_0.55/complete": {
      "num_nodes": 100,
      "signal_quality": 0.55,
      "topology": "complete",
      "n_seeds": 5,
      "beta_gat_mean": 0.2472964869772,
      "beta_gat_std": 0.1435810144307491,
      "beta_gat_se_mean": 0.012841594522232793,
      "beta_gat_ci_lower_mean": 0.22212742420955686,
      "beta_gat_ci_upper_mean": 0.2724655497448431,
      "beta_gat_best": 0.42805494556911616,
      "beta_gat_best_seed": 3,
      "beta_gap_at_best": 0.026713554644813342,
      "exceeds_hst_bound_at_best": true,
      "beta_hst_max_mean": 0.4013413909243028,
      "beta_gap_mean": -0.15404490394710285,
      "beta_gap_std": 0.1435810144307491,
      "exceeds_hst_bound_rate": 0.2,
      "convergence_warning_rate": 0.0,
      "fit_success_rate": 1.0,
      "fit_r2_mean": 0.9702480080724442,
      "unanimous_reach_consensus_rate_mean": 0.999,
      "unanimous_correct_consensus_rate_mean": 0.9810000000000001,
      "unanimous_wrong_only_consensus_rate_mean": 0.018,
      "unanimous_mean_first_consensus_t_mean": 12.999426045672086,
      "majority_reach_consensus_rate_mean": 1.0,
      "majority_correct_consensus_rate_mean": 0.9975999999999999,
      "majority_wrong_only_consensus_rate_mean": 0.0024000000000000002,
      "majority_mean_first_consensus_t_mean": 1.05
    },
    "n_100/q_0.55/ws_p_0.0": {
      "num_nodes": 100,
      "signal_quality": 0.55,
      "topology": "ws_p_0.0",
      "n_seeds": 5,
      "beta_gat_mean": 0.06522789833872525,
      "beta_gat_std": 0.003927103382879081,
      "beta_gat_se_mean": 0.000160052054816556,
      "beta_gat_ci_lower_mean": 0.06491420207563317,
      "beta_gat_ci_upper_mean": 0.06554159460181734,
      "beta_gat_best": 0.0701980036482684,
      "beta_gat_best_seed": 3,
      "beta_gap_at_best": -0.33114338727603443,
      "exceeds_hst_bound_at_best": false,
      "beta_hst_max_mean": 0.4013413909243028,
      "beta_gap_mean": -0.3361134925855776,
      "beta_gap_std": 0.003927103382879087,
      "exceeds_hst_bound_rate": 0.0,
      "convergence_warning_rate": 0.0,
      "fit_success_rate": 1.0,
      "fit_r2_mean": 0.9998741124309948,
      "unanimous_reach_consensus_rate_mean": 0.976,
      "unanimous_correct_consensus_rate_mean": 0.9757999999999999,
      "unanimous_wrong_only_consensus_rate_mean": 0.0002,
      "unanimous_mean_first_consensus_t_mean": 36.63202053098932,
      "majority_reach_consensus_rate_mean": 1.0,
      "majority_correct_consensus_rate_mean": 1.0,
      "majority_wrong_only_consensus_rate_mean": 0.0,
      "majority_mean_first_consensus_t_mean": 1.0388
    },
    "n_100/q_0.55/ws_p_0.1": {
      "num_nodes": 100,
      "signal_quality": 0.55,
      "topology": "ws_p_0.1",
      "n_seeds": 5,
      "beta_gat_mean": 0.06449157910733709,
      "beta_gat_std": 0.0018461975722729403,
      "beta_gat_se_mean": 0.00015231411773895706,
      "beta_gat_ci_lower_mean": 0.06419304892223175,
      "beta_gat_ci_upper_mean": 0.06479010929244244,
      "beta_gat_best": 0.06611842101634026,
      "beta_gat_best_seed": 4,
      "beta_gap_at_best": -0.3352229699079626,
      "exceeds_hst_bound_at_best": false,
      "beta_hst_max_mean": 0.4013413909243028,
      "beta_gap_mean": -0.3368498118169657,
      "beta_gap_std": 0.0018461975722729469,
      "exceeds_hst_bound_rate": 0.0,
      "convergence_warning_rate": 0.0,
      "fit_success_rate": 1.0,
      "fit_r2_mean": 0.9998825892485224,
      "unanimous_reach_consensus_rate_mean": 0.9715999999999999,
      "unanimous_correct_consensus_rate_mean": 0.9715999999999999,
      "unanimous_wrong_only_consensus_rate_mean": 0.0,
      "unanimous_mean_first_consensus_t_mean": 47.369455180921356,
      "majority_reach_consensus_rate_mean": 1.0,
      "majority_correct_consensus_rate_mean": 1.0,
      "majority_wrong_only_consensus_rate_mean": 0.0,
      "majority_mean_first_consensus_t_mean": 1.0493999999999999
    }
  }
}