{
  "num_records": 15,
  "num_seeds": 5,
  "seeds": [
    0,
    1,
    2,
    3,
    4
  ],
  "cells": [
    {
      "num_nodes": 100,
      "signal_quality": 0.65,
      "topology": "complete",
      "n_seeds": 5,
      "beta_gat_mean": 3.8166198434796605,
      "beta_gat_std": 2.299117699481916,
      "beta_gat_se_mean": 0.28190063423498446,
      "beta_gat_ci_lower_mean": 3.2641047531600926,
      "beta_gat_ci_upper_mean": 4.369134933799229,
      "beta_gat_best": 6.221268184800865,
      "beta_gat_best_seed": 0,
      "beta_gap_at_best": 4.983189767988417,
      "exceeds_hst_bound_at_best": true,
      "beta_hst_max_mean": 1.2380784168124472,
      "beta_gap_mean": 2.5785414266672135,
      "beta_gap_std": 2.299117699481916,
      "exceeds_hst_bound_rate": 0.8,
      "convergence_warning_rate": 0.0,
      "fit_success_rate": 1.0,
      "fit_r2_mean": 0.9858608991116574,
      "unanimous_reach_consensus_rate_mean": 0.9992000000000001,
      "unanimous_correct_consensus_rate_mean": 0.9986,
      "unanimous_wrong_only_consensus_rate_mean": 0.0006000000000000001,
      "unanimous_mean_first_consensus_t_mean": 2.334459437751004,
      "majority_reach_consensus_rate_mean": 1.0,
      "majority_correct_consensus_rate_mean": 1.0,
      "majority_wrong_only_consensus_rate_mean": 0.0,
      "majority_mean_first_consensus_t_mean": 1.0006
    },
    {
      "num_nodes": 100,
      "signal_quality": 0.65,
      "topology": "ws_p_0.0",
      "n_seeds": 5,
      "beta_gat_mean": 0.39525453939788335,
      "beta_gat_std": 0.012118824053685555,
      "beta_gat_se_mean": 0.003208035190054936,
      "beta_gat_ci_lower_mean": 0.38896690596423855,
      "beta_gat_ci_upper_mean": 0.40154217283152815,
      "beta_gat_best": 0.4078901874566026,
      "beta_gat_best_seed": 2,
      "beta_gap_at_best": -0.8301882293558447,
      "exceeds_hst_bound_at_best": false,
      "beta_hst_max_mean": 1.2380784168124472,
      "beta_gap_mean": -0.8428238774145639,
      "beta_gap_std": 0.012118824053685548,
      "exceeds_hst_bound_rate": 0.0,
      "convergence_warning_rate": 0.0,
      "fit_success_rate": 1.0,
      "fit_r2_mean": 0.9996162184112132,
      "unanimous_reach_consensus_rate_mean": 1.0,
      "unanimous_correct_consensus_rate_mean": 1.0,
      "unanimous_wrong_only_consensus_rate_mean": 0.0,
      "unanimous_mean_first_consensus_t_mean": 9.715599999999998,
      "majority_reach_consensus_rate_mean": 1.0,
      "majority_correct_consensus_rate_mean": 1.0,
      "majority_wrong_only_consensus_rate_mean": 0.0,
      "majority_mean_first_consensus_t_mean": 1.0006
    },
    {
      "num_nodes": 100,
      "signal_quality": 0.65,
      "topology": "ws_p_0.1",
      "n_seeds": 5,
      "beta_gat_mean": 0.4019670487624446,
      "beta_gat_std": 0.012617051218304774,
      "beta_gat_se_mean": 0.0018864203262993994,
      "beta_gat_ci_lower_mean": 0.3982697328631935,
      "beta_gat_ci_upper_mean": 0.40566436466169575,
      "beta_gat_best": 0.4233135162084717,
      "beta_gat_best_seed": 0,
      "beta_gap_at_best": -0.8147649006039756,
      "exceeds_hst_bound_at_best": false,
      "beta_hst_max_mean": 1.2380784168124472,
      "beta_gap_mean": -0.8361113680500025,
      "beta_gap_std": 0.012617051218304774,
      "exceeds_hst_bound_rate": 0.0,
      "convergence_warning_rate": 0.0,
      "fit_success_rate": 1.0,
      "fit_r2_mean": 0.999803178592963,
      "unanimous_reach_consensus_rate_mean": 1.0,
      "unanimous_correct_consensus_rate_mean": 1.0,
      "unanimous_wrong_only_consensus_rate_mean": 0.0,
      "unanimous_mean_first_consensus_t_mean": 10.078999999999999,
      "majority_reach_consensus_rate_mean": 1.0,
      "majority_correct_consensus_rate_mean": 1.0,
      "majority_wrong_only_consensus_rate_mean": 0.0,
      "majority_mean_first_consensus_t_mean": 1.0006
    }
  ],
  "by_cell_key": {
    "n_100/q_0.65/complete": {
      "num_nodes": 100,
      "signal_quality": 0.65,
      "topology": "complete",
      "n_seeds": 5,
      "beta_gat_mean": 3.8166198434796605,
      "beta_gat_std": 2.299117699481916,
      "beta_gat_se_mean": 0.28190063423498446,
      "beta_gat_ci_lower_mean": 3.2641047531600926,
      "beta_gat_ci_upper_mean": 4.369134933799229,
      "beta_gat_best": 6.221268184800865,
      "beta_gat_best_seed": 0,
      "beta_gap_at_best": 4.983189767988417,
      "exceeds_hst_bound_at_best": true,
      "beta_hst_max_mean": 1.2380784168124472,
      "beta_gap_mean": 2.5785414266672135,
      "beta_gap_std": 2.299117699481916,
      "exceeds_hst_bound_rate": 0.8,
      "convergence_warning_rate": 0.0,
      "fit_success_rate": 1.0,
      "fit_r2_mean": 0.9858608991116574,
      "unanimous_reach_consensus_rate_mean": 0.9992000000000001,
      "unanimous_correct_consensus_rate_mean": 0.9986,
      "unanimous_wrong_only_consensus_rate_mean": 0.0006000000000000001,
      "unanimous_mean_first_consensus_t_mean": 2.334459437751004,
      "majority_reach_consensus_rate_mean": 1.0,
      "majority_correct_consensus_rate_mean": 1.0,
      "majority_wrong_only_consensus_rate_mean": 0.0,
      "majority_mean_first_consensus_t_mean": 1.0006
    },
    "n_100/q_0.65/ws_p_0.0": {
      "num_nodes": 100,
      "signal_quality": 0.65,
      "topology": "ws_p_0.0",
      "n_seeds": 5,
      "beta_gat_mean": 0.39525453939788335,
      "beta_gat_std": 0.012118824053685555,
      "beta_gat_se_mean": 0.003208035190054936,
      "beta_gat_ci_lower_mean": 0.38896690596423855,
      "beta_gat_ci_upper_mean": 0.40154217283152815,
      "beta_gat_best": 0.4078901874566026,
      "beta_gat_best_seed": 2,
      "beta_gap_at_best": -0.8301882293558447,
      "exceeds_hst_bound_at_best": false,
      "beta_hst_max_mean": 1.2380784168124472,
      "beta_gap_mean": -0.8428238774145639,
      "beta_gap_std": 0.012118824053685548,
      "exceeds_hst_bound_rate": 0.0,
      "convergence_warning_rate": 0.0,
      "fit_success_rate": 1.0,
      "fit_r2_mean": 0.9996162184112132,
      "unanimous_reach_consensus_rate_mean": 1.0,
      "unanimous_correct_consensus_rate_mean": 1.0,
      "unanimous_wrong_only_consensus_rate_mean": 0.0,
      "unanimous_mean_first_consensus_t_mean": 9.715599999999998,
      "majority_reach_consensus_rate_mean": 1.0,
      "majority_correct_consensus_rate_mean": 1.0,
      "majority_wrong_only_consensus_rate_mean": 0.0,
      "majority_mean_first_consensus_t_mean": 1.0006
    },
    "n_100/q_0.65/ws_p_0.1": {
      "num_nodes": 100,
      "signal_quality": 0.65,
      "topology": "ws_p_0.1",
      "n_seeds": 5,
      "beta_gat_mean": 0.4019670487624446,
      "beta_gat_std": 0.012617051218304774,
      "beta_gat_se_mean": 0.0018864203262993994,
      "beta_gat_ci_lower_mean": 0.3982697328631935,
      "beta_gat_ci_upper_mean": 0.40566436466169575,
      "beta_gat_best": 0.4233135162084717,
      "beta_gat_best_seed": 0,
      "beta_gap_at_best": -0.8147649006039756,
      "exceeds_hst_bound_at_best": false,
      "beta_hst_max_mean": 1.2380784168124472,
      "beta_gap_mean": -0.8361113680500025,
      "beta_gap_std": 0.012617051218304774,
      "exceeds_hst_bound_rate": 0.0,
      "convergence_warning_rate": 0.0,
      "fit_success_rate": 1.0,
      "fit_r2_mean": 0.999803178592963,
      "unanimous_reach_consensus_rate_mean": 1.0,
      "unanimous_correct_consensus_rate_mean": 1.0,
      "unanimous_wrong_only_consensus_rate_mean": 0.0,
      "unanimous_mean_first_consensus_t_mean": 10.078999999999999,
      "majority_reach_consensus_rate_mean": 1.0,
      "majority_correct_consensus_rate_mean": 1.0,
      "majority_wrong_only_consensus_rate_mean": 0.0,
      "majority_mean_first_consensus_t_mean": 1.0006
    }
  }
}