{
  "seed": 1,
  "conditions": {
    "n_100/complete": {
      "train_loss_final": null,
      "train_loss_running_mean_final": null,
      "best_running_mean_loss": null,
      "best_episode_idx": null,
      "best_validation_error": null,
      "best_validation_episode_idx": null,
      "validation_history": [],
      "consensus": {
        "unanimous": {
          "fraction_episodes_reach_consensus": 1.0,
          "fraction_episodes_consensus_correct": 0.999,
          "fraction_episodes_consensus_wrong_only": 0.001,
          "fraction_correct_at_first_consensus": 0.999,
          "mean_first_consensus_t": 2.0,
          "median_first_consensus_t": 2.0
        },
        "majority": {
          "fraction_episodes_reach_consensus": 1.0,
          "fraction_episodes_consensus_correct": 0.999,
          "fraction_episodes_consensus_wrong_only": 0.001,
          "fraction_correct_at_first_consensus": 0.999,
          "mean_first_consensus_t": 1.0,
          "median_first_consensus_t": 1.0
        }
      },
      "beta_fit": {
        "alpha": 7.006271198694247e-08,
        "beta": 0.0010571724313869018,
        "beta_std": 0.023516761556044468,
        "beta_ci_lower": -0.04503483325147638,
        "beta_ci_upper": 0.04714917811425018,
        "epsilon_inf": 0.0009999315537023564,
        "fit_success": true,
        "method": "scipy_anchored_t2",
        "rmse": 1.0297298638017433e-09,
        "r2": NaN,
        "fit_window_t_max": 50,
        "n_full_series": 50,
        "plateau_detected": false,
        "fit_anchor": "t2",
        "fit_start_t": 2,
        "failure_reason": ""
      },
      "beta_hst_max": 1.2380784168124472,
      "beta_gap": -1.2370212443810604,
      "exceeds_hst_bound": false,
      "convergence_warning": false,
      "epsilon_series": [
        0.35061,
        0.001,
        0.001,
        0.001,
        0.001,
        0.001,
        0.001,
        0.001,
        0.001,
        0.001,
        0.001,
        0.001,
        0.001,
        0.001,
        0.001,
        0.001,
        0.001,
        0.001,
        0.001,
        0.001,
        0.001,
        0.001,
        0.001,
        0.001,
        0.001,
        0.001,
        0.001,
        0.001,
        0.001,
        0.001,
        0.001,
        0.001,
        0.001,
        0.001,
        0.001,
        0.001,
        0.001,
        0.001,
        0.001,
        0.001,
        0.001,
        0.001,
        0.001,
        0.001,
        0.001,
        0.001,
        0.001,
        0.001,
        0.001,
        0.001
      ],
      "algorithm": "majority_vote",
      "learning_rate_plot": "artifacts/training_metrics_majority/grid_runs/n_100/q_0p65/seed_1/plots/n_100__complete__anchored_t2.png",
      "learning_rate_plot_anchored_t2": "artifacts/training_metrics_majority/grid_runs/n_100/q_0p65/seed_1/plots/n_100__complete__anchored_t2.png"
    },
    "n_100/ws_p_0.0_seed_1": {
      "train_loss_final": null,
      "train_loss_running_mean_final": null,
      "best_running_mean_loss": null,
      "best_episode_idx": null,
      "best_validation_error": null,
      "best_validation_episode_idx": null,
      "validation_history": [],
      "consensus": {
        "unanimous": {
          "fraction_episodes_reach_consensus": 0.207,
          "fraction_episodes_consensus_correct": 0.207,
          "fraction_episodes_consensus_wrong_only": 0.0,
          "fraction_correct_at_first_consensus": 1.0,
          "mean_first_consensus_t": 25.183574879227052,
          "median_first_consensus_t": 25.0
        },
        "majority": {
          "fraction_episodes_reach_consensus": 1.0,
          "fraction_episodes_consensus_correct": 1.0,
          "fraction_episodes_consensus_wrong_only": 0.0,
          "fraction_correct_at_first_consensus": 0.999,
          "mean_first_consensus_t": 1.0,
          "median_first_consensus_t": 1.0
        }
      },
      "beta_fit": {
        "alpha": 0.1929304801567185,
        "beta": 0.22087533044699195,
        "beta_std": 0.01688715610353412,
        "beta_ci_lower": 0.18777711268275932,
        "beta_ci_upper": 0.2539735482112246,
        "epsilon_inf": 0.05877131794512109,
        "fit_success": true,
        "method": "scipy_anchored_t2",
        "rmse": 0.010424769448140235,
        "r2": 0.9409781070046662,
        "fit_window_t_max": 50,
        "n_full_series": 50,
        "plateau_detected": false,
        "fit_anchor": "t2",
        "fit_start_t": 2,
        "failure_reason": ""
      },
      "beta_hst_max": 1.2380784168124472,
      "beta_gap": -1.0172030863654553,
      "exceeds_hst_bound": false,
      "convergence_warning": true,
      "epsilon_series": [
        0.35061,
        0.28275,
        0.20833,
        0.15657,
        0.13784,
        0.12369,
        0.1151,
        0.10815,
        0.10341,
        0.0987,
        0.09475,
        0.09175,
        0.08849,
        0.08536,
        0.08283,
        0.08041,
        0.07859,
        0.07644,
        0.07471,
        0.07257,
        0.07112,
        0.06921,
        0.06793,
        0.06662,
        0.0655,
        0.064,
        0.06268,
        0.0618,
        0.06087,
        0.05962,
        0.05866,
        0.05769,
        0.05703,
        0.05616,
        0.05555,
        0.05475,
        0.05405,
        0.05338,
        0.05292,
        0.05202,
        0.05153,
        0.05086,
        0.05049,
        0.04983,
        0.04946,
        0.04883,
        0.04841,
        0.04784,
        0.04735,
        0.04667
      ],
      "algorithm": "majority_vote",
      "learning_rate_plot": "artifacts/training_metrics_majority/grid_runs/n_100/q_0p65/seed_1/plots/n_100__ws_p_0.0_seed_1__anchored_t2.png",
      "learning_rate_plot_anchored_t2": "artifacts/training_metrics_majority/grid_runs/n_100/q_0p65/seed_1/plots/n_100__ws_p_0.0_seed_1__anchored_t2.png"
    },
    "n_100/ws_p_0.1_seed_1": {
      "train_loss_final": null,
      "train_loss_running_mean_final": null,
      "best_running_mean_loss": null,
      "best_episode_idx": null,
      "best_validation_error": null,
      "best_validation_episode_idx": null,
      "validation_history": [],
      "consensus": {
        "unanimous": {
          "fraction_episodes_reach_consensus": 0.196,
          "fraction_episodes_consensus_correct": 0.196,
          "fraction_episodes_consensus_wrong_only": 0.0,
          "fraction_correct_at_first_consensus": 1.0,
          "mean_first_consensus_t": 22.918367346938776,
          "median_first_consensus_t": 22.0
        },
        "majority": {
          "fraction_episodes_reach_consensus": 1.0,
          "fraction_episodes_consensus_correct": 1.0,
          "fraction_episodes_consensus_wrong_only": 0.0,
          "fraction_correct_at_first_consensus": 0.999,
          "mean_first_consensus_t": 1.0,
          "median_first_consensus_t": 1.0
        }
      },
      "beta_fit": {
        "alpha": 0.19841470639829942,
        "beta": 0.26189605785197745,
        "beta_std": 0.019470202499085897,
        "beta_ci_lower": 0.22373516218206735,
        "beta_ci_upper": 0.30005695352188755,
        "epsilon_inf": 0.06380144799085069,
        "fit_success": true,
        "method": "scipy_anchored_t2",
        "rmse": 0.009983436435232107,
        "r2": 0.9434125576215845,
        "fit_window_t_max": 50,
        "n_full_series": 50,
        "plateau_detected": false,
        "fit_anchor": "t2",
        "fit_start_t": 2,
        "failure_reason": ""
      },
      "beta_hst_max": 1.2380784168124472,
      "beta_gap": -0.9761823589604698,
      "exceeds_hst_bound": false,
      "convergence_warning": true,