{
  "seed": 4,
  "conditions": {
    "n_10/complete": {
      "train_loss_final": null,
      "train_loss_running_mean_final": null,
      "best_running_mean_loss": null,
      "best_episode_idx": null,
      "best_validation_error": null,
      "best_validation_episode_idx": null,
      "validation_history": [],
      "consensus": {
        "unanimous": {
          "fraction_episodes_reach_consensus": 1.0,
          "fraction_episodes_consensus_correct": 0.876,
          "fraction_episodes_consensus_wrong_only": 0.124,
          "fraction_correct_at_first_consensus": 0.876,
          "mean_first_consensus_t": 2.455,
          "median_first_consensus_t": 2.0
        },
        "majority": {
          "fraction_episodes_reach_consensus": 1.0,
          "fraction_episodes_consensus_correct": 0.876,
          "fraction_episodes_consensus_wrong_only": 0.124,
          "fraction_correct_at_first_consensus": 0.876,
          "mean_first_consensus_t": 1.221,
          "median_first_consensus_t": 1.0
        }
      },
      "beta_fit": {
        "alpha": 0.04605887236520619,
        "beta": 1.5595541079040132,
        "beta_std": 0.010789822380608074,
        "beta_ci_lower": 1.5384064446384371,
        "beta_ci_upper": 1.5807017711695892,
        "epsilon_inf": 0.12400980952842912,
        "fit_success": true,
        "method": "scipy_anchored_t2",
        "rmse": 0.00010656732942762062,
        "r2": 0.9997412546895532,
        "fit_window_t_max": 50,
        "n_full_series": 50,
        "plateau_detected": false,
        "fit_anchor": "t2",
        "fit_start_t": 2,
        "failure_reason": ""
      },
      "beta_hst_max": 1.2380784168124472,
      "beta_gap": 0.32147569109156593,
      "exceeds_hst_bound": false,
      "convergence_warning": true,
      "epsilon_series": [
        0.3525,
        0.1701,
        0.1334,
        0.1267,
        0.1246,
        0.124,
        0.124,
        0.124,
        0.124,
        0.124,
        0.124,
        0.124,
        0.124,
        0.124,
        0.124,
        0.124,
        0.124,
        0.124,
        0.124,
        0.124,
        0.124,
        0.124,
        0.124,
        0.124,
        0.124,
        0.124,
        0.124,
        0.124,
        0.124,
        0.124,
        0.124,
        0.124,
        0.124,
        0.124,
        0.124,
        0.124,
        0.124,
        0.124,
        0.124,
        0.124,
        0.124,
        0.124,
        0.124,
        0.124,
        0.124,
        0.124,
        0.124,
        0.124,
        0.124,
        0.124
      ],
      "algorithm": "majority_vote",
      "learning_rate_plot": "artifacts/training_metrics_majority/grid_runs/n_10/q_0p65/seed_4/plots/n_10__complete__anchored_t2.png",
      "learning_rate_plot_anchored_t2": "artifacts/training_metrics_majority/grid_runs/n_10/q_0p65/seed_4/plots/n_10__complete__anchored_t2.png"
    },
    "n_10/ws_p_0.0_seed_4": {
      "train_loss_final": null,
      "train_loss_running_mean_final": null,
      "best_running_mean_loss": null,
      "best_episode_idx": null,
      "best_validation_error": null,
      "best_validation_episode_idx": null,
      "validation_history": [],
      "consensus": {
        "unanimous": {
          "fraction_episodes_reach_consensus": 0.875,
          "fraction_episodes_consensus_correct": 0.869,
          "fraction_episodes_consensus_wrong_only": 0.006,
          "fraction_correct_at_first_consensus": 0.9931428571428571,
          "mean_first_consensus_t": 7.728,
          "median_first_consensus_t": 4.0
        },
        "majority": {
          "fraction_episodes_reach_consensus": 1.0,
          "fraction_episodes_consensus_correct": 0.979,
          "fraction_episodes_consensus_wrong_only": 0.021,
          "fraction_correct_at_first_consensus": 0.874,
          "mean_first_consensus_t": 1.226,
          "median_first_consensus_t": 1.0
        }
      },
      "beta_fit": {
        "alpha": 0.19842093782253464,
        "beta": 0.22392982340851064,
        "beta_std": 0.016735873679841248,
        "beta_ci_lower": 0.19112811374620997,
        "beta_ci_upper": 0.2567315330708113,
        "epsilon_inf": 0.05483717438454388,
        "fit_success": true,
        "method": "scipy_anchored_t2",
        "rmse": 0.010446333493260549,
        "r2": 0.9433834126532422,
        "fit_window_t_max": 50,
        "n_full_series": 50,
        "plateau_detected": false,
        "fit_anchor": "t2",
        "fit_start_t": 2,
        "failure_reason": ""
      },
      "beta_hst_max": 1.2380784168124472,
      "beta_gap": -1.0141485934039367,
      "exceeds_hst_bound": false,
      "convergence_warning": true,
      "epsilon_series": [
        0.3525,
        0.2827,
        0.211,
        0.1546,
        0.1349,
        0.1207,
        0.1118,
        0.1058,
        0.0999,
        0.0963,
        0.0913,
        0.0877,
        0.0854,
        0.0816,
        0.0786,
        0.0759,
        0.0737,
        0.0722,
        0.0705,
        0.0673,
        0.0667,
        0.0648,
        0.0639,
        0.0628,
        0.0621,
        0.06,
        0.0593,
        0.0577,
        0.0573,
        0.0561,
        0.0546,
        0.055,
        0.0531,
        0.0523,
        0.0523,
        0.0508,
        0.0502,
        0.0492,
        0.0492,
        0.0478,
        0.0472,
        0.0468,
        0.0466,
        0.0458,
        0.0447,
        0.0439,
        0.044,
        0.0435,
        0.0434,
        0.043
      ],
      "algorithm": "majority_vote",
      "learning_rate_plot": "artifacts/training_metrics_majority/grid_runs/n_10/q_0p65/seed_4/plots/n_10__ws_p_0.0_seed_4__anchored_t2.png",
      "learning_rate_plot_anchored_t2": "artifacts/training_metrics_majority/grid_runs/n_10/q_0p65/seed_4/plots/n_10__ws_p_0.0_seed_4__anchored_t2.png"
    },
    "n_10/ws_p_0.1_seed_4": {
      "train_loss_final": null,
      "train_loss_running_mean_final": null,
      "best_running_mean_loss": null,
      "best_episode_idx": null,
      "best_validation_error": null,
      "best_validation_episode_idx": null,
      "validation_history": [],
      "consensus": {
        "unanimous": {
          "fraction_episodes_reach_consensus": 0.8,
          "fraction_episodes_consensus_correct": 0.786,
          "fraction_episodes_consensus_wrong_only": 0.014,
          "fraction_correct_at_first_consensus": 0.9825,
          "mean_first_consensus_t": 5.92125,
          "median_first_consensus_t": 4.0
        },
        "majority": {
          "fraction_episodes_reach_consensus": 1.0,
          "fraction_episodes_consensus_correct": 0.954,
          "fraction_episodes_consensus_wrong_only": 0.046,
          "fraction_correct_at_first_consensus": 0.869,
          "mean_first_consensus_t": 1.239,
          "median_first_consensus_t": 1.0
        }
      },
      "beta_fit": {
        "alpha": 0.1803772361609038,
        "beta": 0.3874795301196736,
        "beta_std": 0.024621029109346763,
        "beta_ci_lower": 0.33922319980304166,
        "beta_ci_upper": 0.4357358604363056,
        "epsilon_inf": 0.0975956592147549,
        "fit_success": true,
        "method": "scipy_anchored_t2",
        "rmse": 0.006920910403508955,
        "r2": 0.9582708804855684,
        "fit_window_t_max": 50,
        "n_full_series": 50,
        "plateau_detected": false,
        "fit_anchor": "t2",
        "fit_start_t": 2,
        "failure_reason": ""
      },
      "beta_hst_max": 1.2380784168124472,
      "beta_gap": -0.8505988866927736,
      "exceeds_hst_bound": false,
      "convergence_warning": true,