{
  "seed": 1,
  "conditions": {
    "n_10/complete": {
      "train_loss_final": 0.14108946919441223,
      "train_loss_running_mean_final": 0.40551879711449146,
      "best_running_mean_loss": 0.3471218217164278,
      "best_episode_idx": 4802,
      "best_validation_error": 0.13246,
      "best_validation_episode_idx": 4199,
      "validation_history": [
        [
          99,
          0.59742
        ],
        [
          199,
          0.39608
        ],
        [
          299,
          0.6
        ],
        [
          399,
          0.59748
        ],
        [
          499,
          0.44982
        ],
        [
          599,
          0.44982
        ],
        [
          699,
          0.59696
        ],
        [
          799,
          0.45808
        ],
        [
          899,
          0.58546
        ],
        [
          999,
          0.4
        ],
        [
          1099,
          0.44982
        ],
        [
          1199,
          0.44982
        ],
        [
          1299,
          0.44982
        ],
        [
          1399,
          0.36078
        ],
        [
          1499,
          0.57922
        ],
        [
          1599,
          0.55388
        ],
        [
          1699,
          0.42498
        ],
        [
          1799,
          0.58836
        ],
        [
          1899,
          0.39898
        ],
        [
          1999,
          0.59594
        ],
        [
          2099,
          0.3234
        ],
        [
          2199,
          0.39876
        ],
        [
          2299,
          0.58038
        ],
        [
          2399,
          0.31144
        ],
        [
          2499,
          0.39332
        ],
        [
          2599,
          0.20348
        ],
        [
          2699,
          0.59154
        ],
        [
          2799,
          0.31522
        ],
        [
          2899,
          0.13338
        ],
        [
          2999,
          0.367
        ],
        [
          3099,
          0.2889
        ],
        [
          3199,
          0.19482
        ],
        [
          3299,
          0.40952
        ],
        [
          3399,
          0.36814
        ],
        [
          3499,
          0.4489
        ],
        [
          3599,
          0.14316
        ],
        [
          3699,
          0.37078
        ],
        [
          3799,
          0.37002
        ],
        [
          3899,
          0.2531
        ],
        [
          3999,
          0.20912
        ],
        [
          4099,
          0.37018
        ],
        [
          4199,
          0.13246
        ],
        [
          4299,
          0.3819
        ],
        [
          4399,
          0.18546
        ],
        [
          4499,
          0.20228
        ],
        [
          4599,
          0.24128
        ],
        [
          4699,
          0.18154
        ],
        [
          4799,
          0.1914
        ],
        [
          4899,
          0.17856
        ],
        [
          4999,
          0.16094
        ]
      ],
      "beta_fit": {
        "alpha": 0.4086032435691097,
        "beta": 0.07728529664808931,
        "beta_std": 0.0020062961196406904,
        "beta_ci_lower": 0.0733530285112711,
        "beta_ci_upper": 0.08121756478490752,
        "epsilon_inf": 0.09139675643089032,
        "fit_success": true,
        "method": "scipy_anchored_t0",
        "rmse": 0.013320954762099815,
        "r2": 0.9766907971177539,
        "fit_window_t_max": 74,
        "n_full_series": 100,
        "plateau_detected": true,
        "failure_reason": ""
      },
      "beta_hst_max": 0.4013413909243028,
      "beta_gap": -0.3240560942762135,
      "exceeds_hst_bound": false,
      "convergence_warning": true,
      "epsilon_series": [
        0.4486,
        0.39840000000000003,
        0.38920000000000005,
        0.3573,
        0.3427,
        0.3225,
        0.3052,
        0.2937,
        0.27790000000000004,
        0.269,
        0.25720000000000004,
        0.2446,
        0.2399,
        0.22890000000000002,
        0.2204,
        0.2126,
        0.20090000000000002,
        0.202,
        0.1932,
        0.187,
        0.1824,
        0.17830000000000001,
        0.1716,
        0.16690000000000002,
        0.1637,
        0.15960000000000002,
        0.15760000000000002,
        0.1522,
        0.15080000000000002,
        0.1443,
        0.1433,
        0.13920000000000002,
        0.1341,
        0.1307,
        0.1282,
        0.12710000000000002,
        0.12440000000000001,
        0.12380000000000001,
        0.1221,
        0.1197,
        0.1187,
        0.1163,
        0.1144,
        0.11220000000000001,
        0.1096,
        0.1078,
        0.10540000000000001,
        0.1052,
        0.10210000000000001,
        0.1024,
        0.1005,
        0.1003,
        0.0989,
        0.0976,
        0.09620000000000001,
        0.0944,
        0.0921,
        0.0907,
        0.0892,
        0.08650000000000001,
        0.0869,
        0.0849,
        0.08510000000000001,
        0.08370000000000001,
        0.08270000000000001,
        0.082,
        0.08170000000000001,
        0.0789,
        0.0794,
        0.07780000000000001,
        0.0784,
        0.0776,
        0.07690000000000001,
        0.0756,
        0.0752,
        0.07350000000000001,
        0.0741,
        0.0718,
        0.07100000000000001,
        0.0703,
        0.069,
        0.0674,
        0.06810000000000001,
        0.06770000000000001,
        0.0654,
        0.066,
        0.0637,
        0.0635,
        0.0629,
        0.061000000000000006,
        0.060200000000000004,
        0.060200000000000004,
        0.058800000000000005,
        0.058,
        0.058,
        0.0563,
        0.056,
        0.0545,
        0.0553,
        0.0534
      ],
      "learning_rate_plot": "artifacts/training_metrics_fair/grid_runs/n_10/q_0p55/seed_1/plots/n_10__complete__anchored_t0.png",
      "learning_rate_plot_anchored_t0": "artifacts/training_metrics_fair/grid_runs/n_10/q_0p55/seed_1/plots/n_10__complete__anchored_t0.png",
      "train_loss_plot": "artifacts/training_metrics_fair/grid_runs/n_10/q_0p55/seed_1/plots/n_10__complete__train_loss.png"
    },
    "n_10/ws_p_0.0_seed_1": {
      "train_loss_final": 0.19044466316699982,
      "train_loss_running_mean_final": 0.45051309242844584,
      "best_running_mean_loss": 0.40032318845391274,
      "best_episode_idx": 4819,
      "best_validation_error": 0.15392,
      "best_validation_episode_idx": 4999,