{
  "seed": 4,
  "conditions": {
    "n_10/complete": {
      "train_loss_final": 0.018808571621775627,
      "train_loss_running_mean_final": 0.012963122869841755,
      "best_running_mean_loss": 0.007124495899770409,
      "best_episode_idx": 3189,
      "best_validation_error": 0.00422,
      "best_validation_episode_idx": 299,
      "validation_history": [
        [
          99,
          0.01074
        ],
        [
          199,
          0.00698
        ],
        [
          299,
          0.00422
        ],
        [
          399,
          0.02278
        ],
        [
          499,
          0.02266
        ],
        [
          599,
          0.5366
        ],
        [
          699,
          0.45614
        ],
        [
          799,
          0.4537
        ],
        [
          899,
          0.0445
        ],
        [
          999,
          0.0229
        ],
        [
          1099,
          0.02264
        ],
        [
          1199,
          0.02248
        ],
        [
          1299,
          0.02248
        ],
        [
          1399,
          0.0226
        ],
        [
          1499,
          0.0814
        ],
        [
          1599,
          0.02248
        ],
        [
          1699,
          0.02238
        ],
        [
          1799,
          0.0223
        ],
        [
          1899,
          0.02226
        ],
        [
          1999,
          0.02276
        ],
        [
          2099,
          0.02242
        ],
        [
          2199,
          0.02224
        ],
        [
          2299,
          0.02224
        ],
        [
          2399,
          0.02212
        ],
        [
          2499,
          0.44594
        ],
        [
          2599,
          0.02228
        ],
        [
          2699,
          0.02224
        ],
        [
          2799,
          0.02212
        ],
        [
          2899,
          0.02202
        ],
        [
          2999,
          0.02196
        ],
        [
          3099,
          0.02196
        ],
        [
          3199,
          0.0219
        ],
        [
          3299,
          0.022
        ],
        [
          3399,
          0.02212
        ],
        [
          3499,
          0.02206
        ],
        [
          3599,
          0.53334
        ],
        [
          3699,
          0.0097
        ],
        [
          3799,
          0.02308
        ],
        [
          3899,
          0.02256
        ],
        [
          3999,
          0.00456
        ],
        [
          4099,
          0.20116
        ],
        [
          4199,
          0.01318
        ],
        [
          4299,
          0.1137
        ],
        [
          4399,
          0.0088
        ],
        [
          4499,
          0.00786
        ],
        [
          4599,
          0.0067
        ],
        [
          4699,
          0.00628
        ],
        [
          4799,
          0.00606
        ],
        [
          4899,
          0.0057
        ],
        [
          4999,
          0.00522
        ]
      ],
      "consensus": {
        "unanimous": {
          "fraction_episodes_reach_consensus": 1.0,
          "fraction_episodes_consensus_correct": 0.998,
          "fraction_episodes_consensus_wrong_only": 0.002,
          "fraction_correct_at_first_consensus": 0.998,
          "mean_first_consensus_t": 2.599,
          "median_first_consensus_t": 2.0
        },
        "majority": {
          "fraction_episodes_reach_consensus": 1.0,
          "fraction_episodes_consensus_correct": 0.999,
          "fraction_episodes_consensus_wrong_only": 0.001,
          "fraction_correct_at_first_consensus": 0.978,
          "mean_first_consensus_t": 1.039,
          "median_first_consensus_t": 1.0
        }
      },
      "beta_fit": {
        "alpha": 0.4982834199921228,
        "beta": 0.7761212415850108,
        "beta_std": 0.016932840184660874,
        "beta_ci_lower": 0.742933484667103,
        "beta_ci_upper": 0.8093089985029187,
        "epsilon_inf": 0.0017165800078772064,
        "fit_success": true,
        "method": "scipy_anchored_t0",
        "rmse": 0.0059558229456561935,
        "r2": 0.945551325732442,
        "fit_window_t_max": 100,
        "n_full_series": 100,
        "plateau_detected": false,
        "fit_anchor": "t0",
        "failure_reason": ""
      },
      "beta_hst_max": 2.7725887222397816,
      "beta_gap": -1.9964674806547706,
      "exceeds_hst_bound": false,
      "convergence_warning": false,
      "epsilon_series": [
        0.2076,
        0.1547,
        0.0351,
        0.0048000000000000004,
        0.0016,
        0.0015,
        0.0018000000000000002,
        0.002,
        0.002,
        0.002,
        0.002,
        0.002,
        0.002,
        0.002,
        0.002,
        0.002,
        0.002,
        0.002,
        0.002,
        0.002,
        0.002,
        0.002,
        0.002,
        0.002,
        0.002,
        0.002,
        0.002,
        0.002,
        0.002,
        0.002,
        0.002,
        0.002,
        0.002,
        0.002,
        0.002,
        0.002,
        0.002,
        0.002,
        0.002,
        0.002,
        0.002,
        0.002,
        0.002,
        0.002,
        0.002,
        0.002,
        0.002,
        0.002,
        0.002,
        0.002,
        0.002,
        0.002,
        0.002,
        0.002,
        0.002,
        0.002,
        0.002,
        0.002,
        0.002,
        0.002,
        0.002,
        0.002,
        0.002,
        0.002,
        0.002,
        0.002,
        0.002,
        0.002,
        0.002,
        0.002,
        0.002,
        0.002,
        0.002,
        0.002,
        0.002,
        0.002,
        0.002,
        0.002,
        0.002,
        0.002,
        0.002,
        0.002,
        0.002,
        0.002,
        0.002,
        0.002,
        0.002,
        0.002,
        0.002,
        0.002,
        0.002,
        0.002,
        0.002,
        0.002,
        0.002,
        0.002,
        0.002,
        0.002,
        0.002,
        0.002
      ],
      "learning_rate_plot": "artifacts/training_metrics_vector/grid_runs/n_10/q_0p8/seed_4/plots/n_10__complete__anchored_t0.png",
      "learning_rate_plot_anchored_t0": "artifacts/training_metrics_vector/grid_runs/n_10/q_0p8/seed_4/plots/n_10__complete__anchored_t0.png",
      "train_loss_plot": "artifacts/training_metrics_vector/grid_runs/n_10/q_0p8/seed_4/plots/n_10__complete__train_loss.png"
    },
    "n_10/ws_p_0.0_seed_4": {
      "train_loss_final": 0.016881456598639488,
      "train_loss_running_mean_final": 0.011485838554799557,
      "best_running_mean_loss": 0.010463821506127714,
      "best_episode_idx": 4764,
      "best_validation_error": 0.00432,
      "best_validation_episode_idx": 4799,