{
  "seed": 1,
  "conditions": {
    "n_100/complete": {
      "train_loss_final": null,
      "train_loss_running_mean_final": null,
      "best_running_mean_loss": null,
      "best_episode_idx": null,
      "best_validation_error": null,
      "best_validation_episode_idx": null,
      "validation_history": [],
      "consensus": {
        "unanimous": {
          "fraction_episodes_reach_consensus": 1.0,
          "fraction_episodes_consensus_correct": 0.854,
          "fraction_episodes_consensus_wrong_only": 0.146,
          "fraction_correct_at_first_consensus": 0.854,
          "mean_first_consensus_t": 2.148,
          "median_first_consensus_t": 2.0
        },
        "majority": {
          "fraction_episodes_reach_consensus": 1.0,
          "fraction_episodes_consensus_correct": 0.854,
          "fraction_episodes_consensus_wrong_only": 0.146,
          "fraction_correct_at_first_consensus": 0.854,
          "mean_first_consensus_t": 1.056,
          "median_first_consensus_t": 1.0
        }
      },
      "beta_fit": {
        "alpha": 0.009450091353727267,
        "beta": 2.025736869044409,
        "beta_std": 0.03785527109402198,
        "beta_ci_lower": 1.9515419010751258,
        "beta_ci_upper": 2.0999318370136923,
        "epsilon_inf": 0.1460045738818142,
        "fit_success": true,
        "method": "scipy_anchored_t2",
        "rmse": 4.6290377486096146e-05,
        "r2": 0.998814554277886,
        "fit_window_t_max": 50,
        "n_full_series": 50,
        "plateau_detected": false,
        "fit_anchor": "t2",
        "fit_start_t": 2,
        "failure_reason": ""
      },
      "beta_hst_max": 0.4013413909243028,
      "beta_gap": 1.6243954781201062,
      "exceeds_hst_bound": false,
      "convergence_warning": true,
      "epsilon_series": [
        0.44985,
        0.15546,
        0.14717,
        0.14648,
        0.146,
        0.146,
        0.146,
        0.146,
        0.146,
        0.146,
        0.146,
        0.146,
        0.146,
        0.146,
        0.146,
        0.146,
        0.146,
        0.146,
        0.146,
        0.146,
        0.146,
        0.146,
        0.146,
        0.146,
        0.146,
        0.146,
        0.146,
        0.146,
        0.146,
        0.146,
        0.146,
        0.146,
        0.146,
        0.146,
        0.146,
        0.146,
        0.146,
        0.146,
        0.146,
        0.146,
        0.146,
        0.146,
        0.146,
        0.146,
        0.146,
        0.146,
        0.146,
        0.146,
        0.146,
        0.146
      ],
      "algorithm": "majority_vote",
      "learning_rate_plot": "artifacts/training_metrics_majority/grid_runs/n_100/q_0p55/seed_1/plots/n_100__complete__anchored_t2.png",
      "learning_rate_plot_anchored_t2": "artifacts/training_metrics_majority/grid_runs/n_100/q_0p55/seed_1/plots/n_100__complete__anchored_t2.png"
    },
    "n_100/ws_p_0.0_seed_1": {
      "train_loss_final": null,
      "train_loss_running_mean_final": null,
      "best_running_mean_loss": null,
      "best_episode_idx": null,
      "best_validation_error": null,
      "best_validation_episode_idx": null,
      "validation_history": [],
      "consensus": {
        "unanimous": {
          "fraction_episodes_reach_consensus": 0.001,
          "fraction_episodes_consensus_correct": 0.001,
          "fraction_episodes_consensus_wrong_only": 0.0,
          "fraction_correct_at_first_consensus": 1.0,
          "mean_first_consensus_t": 43.0,
          "median_first_consensus_t": 43.0
        },
        "majority": {
          "fraction_episodes_reach_consensus": 1.0,
          "fraction_episodes_consensus_correct": 0.99,
          "fraction_episodes_consensus_wrong_only": 0.01,
          "fraction_correct_at_first_consensus": 0.855,
          "mean_first_consensus_t": 1.055,
          "median_first_consensus_t": 1.0
        }
      },
      "beta_fit": {
        "alpha": 0.10513324159658964,
        "beta": 0.046019879671315454,
        "beta_std": 0.0029715377252701194,
        "beta_ci_lower": 0.04019577275108394,
        "beta_ci_upper": 0.051843986591546966,
        "epsilon_inf": 0.2737062220794343,
        "fit_success": true,
        "method": "scipy_anchored_t2",
        "rmse": 0.006892086162607114,
        "r2": 0.9384094434772536,
        "fit_window_t_max": 100,
        "n_full_series": 100,
        "plateau_detected": false,
        "fit_anchor": "t2",
        "fit_start_t": 2,
        "failure_reason": ""
      },
      "beta_hst_max": 0.4013413909243028,
      "beta_gap": -0.3553215112529874,
      "exceeds_hst_bound": false,
      "convergence_warning": true,
      "epsilon_series": [
        0.44985,
        0.42528,
        0.39388,
        0.36934,
        0.35987,
        0.35124,
        0.34721,
        0.34235,
        0.33896,
        0.33481,
        0.33298,
        0.33048,
        0.32889,
        0.32614,
        0.32442,
        0.3226,
        0.321,
        0.31937,
        0.31837,
        0.31654,
        0.31532,
        0.31374,
        0.31229,
        0.31069,
        0.30978,
        0.30863,
        0.30826,
        0.30743,
        0.30655,
        0.30547,
        0.30428,
        0.30354,
        0.303,
        0.30176,
        0.30063,
        0.29972,
        0.29892,
        0.29791,
        0.29742,
        0.2965,
        0.29594,
        0.29486,
        0.29458,
        0.29406,
        0.2928,
        0.29218,
        0.29199,
        0.29118,
        0.29029,
        0.28991,
        0.28912,
        0.28863,
        0.2879,
        0.2875,
        0.28664,
        0.28627,
        0.28568,
        0.28499,
        0.28465,
        0.28396,
        0.28342,
        0.28284,
        0.28241,
        0.28192,
        0.28154,
        0.2814,
        0.28092,
        0.28063,
        0.27984,
        0.27953,
        0.27914,
        0.27865,
        0.27854,
        0.27786,
        0.2774,
        0.27713,
        0.2768,
        0.27629,
        0.27591,
        0.27525,
        0.27509,
        0.27464,
        0.27399,
        0.27377,
        0.27334,
        0.27283,
        0.27291,
        0.27183,
        0.27147,
        0.27139,
        0.27109,
        0.27051,
        0.27022,
        0.26988,
        0.26928,
        0.26909,
        0.26888,
        0.26821,
        0.26786,
        0.26745
      ],
      "algorithm": "majority_vote",
      "learning_rate_plot": "artifacts/training_metrics_majority/grid_runs/n_100/q_0p55/seed_1/plots/n_100__ws_p_0.0_seed_1__anchored_t2.png",
      "learning_rate_plot_anchored_t2": "artifacts/training_metrics_majority/grid_runs/n_100/q_0p55/seed_1/plots/n_100__ws_p_0.0_seed_1__anchored_t2.png"
    },
    "n_100/ws_p_0.1_seed_1": {
      "train_loss_final": null,
      "train_loss_running_mean_final": null,
      "best_running_mean_loss": null,
      "best_episode_idx": null,
      "best_validation_error": null,
      "best_validation_episode_idx": null,
      "validation_history": [],
      "consensus": {
        "unanimous": {
          "fraction_episodes_reach_consensus": 0.001,
          "fraction_episodes_consensus_correct": 0.001,
          "fraction_episodes_consensus_wrong_only": 0.0,
          "fraction_correct_at_first_consensus": 1.0,
          "mean_first_consensus_t": 90.0,
          "median_first_consensus_t": 90.0
        },
        "majority": {
          "fraction_episodes_reach_consensus": 1.0,
          "fraction_episodes_consensus_correct": 0.987,
          "fraction_episodes_consensus_wrong_only": 0.013,
          "fraction_correct_at_first_consensus": 0.859,
          "mean_first_consensus_t": 1.056,
          "median_first_consensus_t": 1.0
        }
      },
      "beta_fit": {
        "alpha": 0.09822498414088453,
        "beta": 0.05103778719139036,
        "beta_std": 0.003633608307514393,
        "beta_ci_lower": 0.04391604577473661,
        "beta_ci_upper": 0.05815952860804412,
        "epsilon_inf": 0.2829305410505331,