{
  "seed": 1,
  "conditions": {
    "n_10/complete": {
      "train_loss_final": 0.0648668110370636,
      "train_loss_running_mean_final": 0.1942129809036851,
      "best_running_mean_loss": 0.04806523960083723,
      "best_episode_idx": 4718,
      "best_validation_error": 0.01688,
      "best_validation_episode_idx": 1199,
      "validation_history": [
        [
          99,
          0.35568
        ],
        [
          199,
          0.2122
        ],
        [
          299,
          0.5868
        ],
        [
          399,
          0.04092
        ],
        [
          499,
          0.39172
        ],
        [
          599,
          0.10396
        ],
        [
          699,
          0.5682
        ],
        [
          799,
          0.02184
        ],
        [
          899,
          0.02672
        ],
        [
          999,
          0.01696
        ],
        [
          1099,
          0.18396
        ],
        [
          1199,
          0.01688
        ],
        [
          1299,
          0.03588
        ],
        [
          1399,
          0.03608
        ],
        [
          1499,
          0.03664
        ],
        [
          1599,
          0.04196
        ],
        [
          1699,
          0.03756
        ],
        [
          1799,
          0.01784
        ],
        [
          1899,
          0.02348
        ],
        [
          1999,
          0.04332
        ],
        [
          2099,
          0.08756
        ],
        [
          2199,
          0.04012
        ],
        [
          2299,
          0.04156
        ],
        [
          2399,
          0.49804
        ],
        [
          2499,
          0.24636
        ],
        [
          2599,
          0.02284
        ],
        [
          2699,
          0.02104
        ],
        [
          2799,
          0.03844
        ],
        [
          2899,
          0.02064
        ],
        [
          2999,
          0.05424
        ],
        [
          3099,
          0.03548
        ],
        [
          3199,
          0.03976
        ],
        [
          3299,
          0.03784
        ],
        [
          3399,
          0.03708
        ],
        [
          3499,
          0.0388
        ],
        [
          3599,
          0.07524
        ],
        [
          3699,
          0.0764
        ],
        [
          3799,
          0.05824
        ],
        [
          3899,
          0.05936
        ],
        [
          3999,
          0.05576
        ],
        [
          4099,
          0.04052
        ],
        [
          4199,
          0.02008
        ],
        [
          4299,
          0.03972
        ],
        [
          4399,
          0.03536
        ],
        [
          4499,
          0.03888
        ],
        [
          4599,
          0.03736
        ],
        [
          4699,
          0.05092
        ],
        [
          4799,
          0.0212
        ],
        [
          4899,
          0.02228
        ],
        [
          4999,
          0.02664
        ]
      ],
      "consensus": {
        "unanimous": {
          "fraction_episodes_reach_consensus": 1.0,
          "fraction_episodes_consensus_correct": 0.984,
          "fraction_episodes_consensus_wrong_only": 0.016,
          "fraction_correct_at_first_consensus": 0.984,
          "mean_first_consensus_t": 5.311,
          "median_first_consensus_t": 5.0
        },
        "majority": {
          "fraction_episodes_reach_consensus": 1.0,
          "fraction_episodes_consensus_correct": 0.985,
          "fraction_episodes_consensus_wrong_only": 0.015,
          "fraction_correct_at_first_consensus": 0.895,
          "mean_first_consensus_t": 1.21,
          "median_first_consensus_t": 1.0
        }
      },
      "beta_fit": {
        "alpha": 0.23294321316905958,
        "beta": 0.35910054107464756,
        "beta_std": 0.007900674342546326,
        "beta_ci_lower": 0.3436155039096771,
        "beta_ci_upper": 0.374585578239618,
        "epsilon_inf": 0.01594463860782922,
        "fit_success": true,
        "method": "scipy_anchored_t2",
        "rmse": 0.0031671892243747,
        "r2": 0.9947837780251853,
        "fit_window_t_max": 50,
        "n_full_series": 50,
        "plateau_detected": false,
        "fit_anchor": "t2",
        "fit_start_t": 2,
        "failure_reason": ""
      },
      "beta_hst_max": 1.2380784168124472,
      "beta_gap": -0.8789778757377997,
      "exceeds_hst_bound": false,
      "convergence_warning": false,
      "epsilon_series": [
        0.3529,
        0.23950000000000002,
        0.1973,
        0.1283,
        0.09050000000000001,
        0.06720000000000001,
        0.0545,
        0.0415,
        0.033,
        0.0275,
        0.0241,
        0.022500000000000003,
        0.0199,
        0.0196,
        0.0182,
        0.0178,
        0.017400000000000002,
        0.017400000000000002,
        0.0172,
        0.017,
        0.017,
        0.0166,
        0.016300000000000002,
        0.0162,
        0.0164,
        0.0162,
        0.0162,
        0.0161,
        0.0161,
        0.016,
        0.016,
        0.016,
        0.016,
        0.016,
        0.016,
        0.0159,
        0.016,
        0.016,
        0.016,
        0.016,
        0.016,
        0.016,
        0.016,
        0.016,
        0.016,
        0.016,
        0.016,
        0.016,
        0.016,
        0.016
      ],
      "learning_rate_plot": "/Users/leo-minhkustermann/Developer/Game Theory Project/artifacts/training_metrics_fair/grid_runs/n_10/q_0p65/seed_1/plots/n_10__complete__anchored_t2.png",
      "train_loss_plot": "artifacts/training_metrics_fair/grid_runs/n_10/q_0p65/seed_1/plots/n_10__complete__train_loss.png",
      "learning_rate_plot_anchored_t2": "/Users/leo-minhkustermann/Developer/Game Theory Project/artifacts/training_metrics_fair/grid_runs/n_10/q_0p65/seed_1/plots/n_10__complete__anchored_t2.png"
    },
    "n_10/ws_p_0.0_seed_1": {
      "train_loss_final": 0.04071192815899849,
      "train_loss_running_mean_final": 0.11738077745772899,
      "best_running_mean_loss": 0.07062894076108933,
      "best_episode_idx": 4654,
      "best_validation_error": 0.03016,
      "best_validation_episode_idx": 4699,