{
  "seed": 0,
  "conditions": {
    "n_100/complete": {
      "train_loss_final": null,
      "train_loss_running_mean_final": null,
      "best_running_mean_loss": null,
      "best_episode_idx": null,
      "best_validation_error": null,
      "best_validation_episode_idx": null,
      "validation_history": [],
      "consensus": {
        "unanimous": {
          "fraction_episodes_reach_consensus": 1.0,
          "fraction_episodes_consensus_correct": 0.853,
          "fraction_episodes_consensus_wrong_only": 0.147,
          "fraction_correct_at_first_consensus": 0.853,
          "mean_first_consensus_t": 2.141,
          "median_first_consensus_t": 2.0
        },
        "majority": {
          "fraction_episodes_reach_consensus": 1.0,
          "fraction_episodes_consensus_correct": 0.853,
          "fraction_episodes_consensus_wrong_only": 0.147,
          "fraction_correct_at_first_consensus": 0.853,
          "mean_first_consensus_t": 1.052,
          "median_first_consensus_t": 1.0
        }
      },
      "beta_fit": {
        "alpha": 0.012920169359055064,
        "beta": 3.6989092562855235,
        "beta_std": 0.003650677186573487,
        "beta_ci_lower": 3.6917540604806574,
        "beta_ci_upper": 3.7060644520903896,
        "epsilon_inf": 0.14699983539554368,
        "fit_success": true,
        "method": "scipy_anchored_t2",
        "rmse": 1.1196804218251277e-06,
        "r2": 0.9999996241661653,
        "fit_window_t_max": 50,
        "n_full_series": 50,
        "plateau_detected": false,
        "fit_anchor": "t2",
        "fit_start_t": 2,
        "failure_reason": ""
      },
      "beta_hst_max": 0.4013413909243028,
      "beta_gap": 3.297567865361221,
      "exceeds_hst_bound": false,
      "convergence_warning": true,
      "epsilon_series": [
        0.4493,
        0.15992,
        0.14732,
        0.147,
        0.147,
        0.147,
        0.147,
        0.147,
        0.147,
        0.147,
        0.147,
        0.147,
        0.147,
        0.147,
        0.147,
        0.147,
        0.147,
        0.147,
        0.147,
        0.147,
        0.147,
        0.147,
        0.147,
        0.147,
        0.147,
        0.147,
        0.147,
        0.147,
        0.147,
        0.147,
        0.147,
        0.147,
        0.147,
        0.147,
        0.147,
        0.147,
        0.147,
        0.147,
        0.147,
        0.147,
        0.147,
        0.147,
        0.147,
        0.147,
        0.147,
        0.147,
        0.147,
        0.147,
        0.147,
        0.147
      ],
      "algorithm": "majority_vote",
      "learning_rate_plot": "artifacts/training_metrics_majority/grid_runs/n_100/q_0p55/seed_0/plots/n_100__complete__anchored_t2.png",
      "learning_rate_plot_anchored_t2": "artifacts/training_metrics_majority/grid_runs/n_100/q_0p55/seed_0/plots/n_100__complete__anchored_t2.png"
    },
    "n_100/ws_p_0.0_seed_0": {
      "train_loss_final": null,
      "train_loss_running_mean_final": null,
      "best_running_mean_loss": null,
      "best_episode_idx": null,
      "best_validation_error": null,
      "best_validation_episode_idx": null,
      "validation_history": [],
      "consensus": {
        "unanimous": {
          "fraction_episodes_reach_consensus": 0.001,
          "fraction_episodes_consensus_correct": 0.001,
          "fraction_episodes_consensus_wrong_only": 0.0,
          "fraction_correct_at_first_consensus": 1.0,
          "mean_first_consensus_t": 29.0,
          "median_first_consensus_t": 29.0
        },
        "majority": {
          "fraction_episodes_reach_consensus": 1.0,
          "fraction_episodes_consensus_correct": 0.991,
          "fraction_episodes_consensus_wrong_only": 0.009,
          "fraction_correct_at_first_consensus": 0.854,
          "mean_first_consensus_t": 1.051,
          "median_first_consensus_t": 1.0
        }
      },
      "beta_fit": {
        "alpha": 0.10537788239482306,
        "beta": 0.04523948409175365,
        "beta_std": 0.003134302009264511,
        "beta_ci_lower": 0.03909636503692368,
        "beta_ci_upper": 0.05138260314658362,
        "epsilon_inf": 0.2668591447799002,
        "fit_success": true,
        "method": "scipy_anchored_t2",
        "rmse": 0.007373741742597209,
        "r2": 0.9307172043732026,
        "fit_window_t_max": 100,
        "n_full_series": 100,
        "plateau_detected": false,
        "fit_anchor": "t2",
        "fit_start_t": 2,
        "failure_reason": ""
      },
      "beta_hst_max": 0.4013413909243028,
      "beta_gap": -0.35610190683254916,
      "exceeds_hst_bound": false,
      "convergence_warning": true,
      "epsilon_series": [
        0.4493,
        0.42168,
        0.39044,
        0.36294,
        0.35293,
        0.3433,
        0.3396,
        0.33422,
        0.33138,
        0.32863,
        0.326,
        0.32404,
        0.32173,
        0.32013,
        0.31828,
        0.31646,
        0.31498,
        0.31351,
        0.31209,
        0.31014,
        0.30895,
        0.30722,
        0.30603,
        0.30505,
        0.3043,
        0.30289,
        0.30189,
        0.3004,
        0.29954,
        0.29877,
        0.29831,
        0.29751,
        0.2968,
        0.29587,
        0.29479,
        0.29402,
        0.2934,
        0.29259,
        0.29158,
        0.29021,
        0.28963,
        0.28884,
        0.28841,
        0.2875,
        0.28694,
        0.28576,
        0.28551,
        0.28452,
        0.28444,
        0.28362,
        0.28326,
        0.28204,
        0.28175,
        0.28091,
        0.2805,
        0.27976,
        0.27937,
        0.2789,
        0.27856,
        0.27829,
        0.27778,
        0.27723,
        0.2767,
        0.27597,
        0.27547,
        0.27467,
        0.27434,
        0.27381,
        0.27296,
        0.27239,
        0.27235,
        0.27185,
        0.27158,
        0.27132,
        0.27101,
        0.27022,
        0.26997,
        0.26918,
        0.26892,
        0.26856,
        0.26828,
        0.26781,
        0.26731,
        0.26694,
        0.26625,
        0.26603,
        0.26559,
        0.2651,
        0.26489,
        0.2643,
        0.26408,
        0.26389,
        0.26341,
        0.26292,
        0.26286,
        0.26214,
        0.26192,
        0.26137,
        0.26117,
        0.26079
      ],
      "algorithm": "majority_vote",
      "learning_rate_plot": "artifacts/training_metrics_majority/grid_runs/n_100/q_0p55/seed_0/plots/n_100__ws_p_0.0_seed_0__anchored_t2.png",
      "learning_rate_plot_anchored_t2": "artifacts/training_metrics_majority/grid_runs/n_100/q_0p55/seed_0/plots/n_100__ws_p_0.0_seed_0__anchored_t2.png"
    },
    "n_100/ws_p_0.1_seed_0": {
      "train_loss_final": null,
      "train_loss_running_mean_final": null,
      "best_running_mean_loss": null,
      "best_episode_idx": null,
      "best_validation_error": null,
      "best_validation_episode_idx": null,
      "validation_history": [],
      "consensus": {
        "unanimous": {
          "fraction_episodes_reach_consensus": 0.001,
          "fraction_episodes_consensus_correct": 0.001,
          "fraction_episodes_consensus_wrong_only": 0.0,
          "fraction_correct_at_first_consensus": 1.0,
          "mean_first_consensus_t": 85.0,
          "median_first_consensus_t": 85.0
        },
        "majority": {
          "fraction_episodes_reach_consensus": 1.0,
          "fraction_episodes_consensus_correct": 0.983,
          "fraction_episodes_consensus_wrong_only": 0.017,
          "fraction_correct_at_first_consensus": 0.853,
          "mean_first_consensus_t": 1.057,
          "median_first_consensus_t": 1.0
        }
      },
      "beta_fit": {
        "alpha": 0.09735090938402148,
        "beta": 0.050737820259517424,
        "beta_std": 0.003698471532179945,
        "beta_ci_lower": 0.04348894925859806,
        "beta_ci_upper": 0.05798669126043679,
        "epsilon_inf": 0.2786838866895129,