{
  "seed": 3,
  "conditions": {
    "n_10/complete": {
      "train_loss_final": 0.005618383176624775,
      "train_loss_running_mean_final": 0.019499521600082517,
      "best_running_mean_loss": 0.016875086650252343,
      "best_episode_idx": 4593,
      "best_validation_error": 0.00662,
      "best_validation_episode_idx": 4999,
      "validation_history": [
        [
          99,
          0.44
        ],
        [
          199,
          0.02968
        ],
        [
          299,
          0.00876
        ],
        [
          399,
          0.0268
        ],
        [
          499,
          0.0093
        ],
        [
          599,
          0.0358
        ],
        [
          699,
          0.00722
        ],
        [
          799,
          0.04702
        ],
        [
          899,
          0.0105
        ],
        [
          999,
          0.02626
        ],
        [
          1099,
          0.04534
        ],
        [
          1199,
          0.0073
        ],
        [
          1299,
          0.56
        ],
        [
          1399,
          0.00774
        ],
        [
          1499,
          0.02698
        ],
        [
          1599,
          0.02668
        ],
        [
          1699,
          0.24092
        ],
        [
          1799,
          0.29738
        ],
        [
          1899,
          0.01206
        ],
        [
          1999,
          0.0097
        ],
        [
          2099,
          0.00856
        ],
        [
          2199,
          0.05128
        ],
        [
          2299,
          0.00824
        ],
        [
          2399,
          0.0204
        ],
        [
          2499,
          0.00872
        ],
        [
          2599,
          0.00764
        ],
        [
          2699,
          0.00812
        ],
        [
          2799,
          0.00724
        ],
        [
          2899,
          0.01112
        ],
        [
          2999,
          0.00866
        ],
        [
          3099,
          0.00748
        ],
        [
          3199,
          0.00686
        ],
        [
          3299,
          0.00668
        ],
        [
          3399,
          0.08632
        ],
        [
          3499,
          0.01914
        ],
        [
          3599,
          0.02576
        ],
        [
          3699,
          0.02564
        ],
        [
          3799,
          0.00882
        ],
        [
          3899,
          0.00724
        ],
        [
          3999,
          0.00956
        ],
        [
          4099,
          0.03302
        ],
        [
          4199,
          0.00794
        ],
        [
          4299,
          0.00706
        ],
        [
          4399,
          0.02652
        ],
        [
          4499,
          0.02612
        ],
        [
          4599,
          0.03064
        ],
        [
          4699,
          0.00782
        ],
        [
          4799,
          0.0082
        ],
        [
          4899,
          0.00664
        ],
        [
          4999,
          0.00662
        ]
      ],
      "beta_fit": {
        "alpha": 0.4952819435959611,
        "beta": 0.5451452008593213,
        "beta_std": 0.019451863729966715,
        "beta_ci_lower": 0.5070202485164056,
        "beta_ci_upper": 0.583270153202237,
        "epsilon_inf": 0.004718056404038862,
        "fit_success": true,
        "method": "scipy_anchored_t0",
        "rmse": 0.006364146785277324,
        "r2": 0.9953711755579702,
        "fit_window_t_max": 8,
        "n_full_series": 100,
        "plateau_detected": true,
        "failure_reason": ""
      },
      "beta_hst_max": 1.694595720774407,
      "beta_gap": -1.1494505199150855,
      "exceeds_hst_bound": false,
      "convergence_warning": false,
      "epsilon_series": [
        0.3034,
        0.1578,
        0.1043,
        0.061000000000000006,
        0.038400000000000004,
        0.023,
        0.016,
        0.011300000000000001,
        0.009300000000000001,
        0.0078000000000000005,
        0.0067,
        0.006,
        0.0055000000000000005,
        0.005,
        0.0047,
        0.0045000000000000005,
        0.0043,
        0.0037,
        0.0033,
        0.0032,
        0.0028,
        0.0024000000000000002,
        0.0022,
        0.0018000000000000002,
        0.0016,
        0.0014,
        0.0012000000000000001,
        0.001,
        0.0011,
        0.001,
        0.001,
        0.001,
        0.001,
        0.001,
        0.001,
        0.001,
        0.001,
        0.001,
        0.001,
        0.001,
        0.001,
        0.001,
        0.001,
        0.001,
        0.001,
        0.001,
        0.001,
        0.0009000000000000001,
        0.001,
        0.001,
        0.001,
        0.001,
        0.001,
        0.0009000000000000001,
        0.0009000000000000001,
        0.0008,
        0.0007,
        0.0007,
        0.0006000000000000001,
        0.0005,
        0.0005,
        0.0005,
        0.0004,
        0.0002,
        0.0002,
        0.0001,
        0.0001,
        0.0001,
        0.0001,
        0.0,
        0.0,
        0.0,
        0.0,
        0.0,
        0.0,
        0.0,
        0.0,
        0.0,
        0.0,
        0.0,
        0.0,
        0.0,
        0.0,
        0.0,
        0.0,
        0.0,
        0.0,
        0.0,
        0.0,
        0.0,
        0.0,
        0.0,
        0.0,
        0.0,
        0.0,
        0.0,
        0.0,
        0.0,
        0.0,
        0.0
      ],
      "learning_rate_plot": "artifacts/training_metrics_fair/grid_runs/n_10/q_0p7/seed_3/plots/n_10__complete__anchored_t0.png",
      "learning_rate_plot_anchored_t0": "artifacts/training_metrics_fair/grid_runs/n_10/q_0p7/seed_3/plots/n_10__complete__anchored_t0.png",
      "train_loss_plot": "artifacts/training_metrics_fair/grid_runs/n_10/q_0p7/seed_3/plots/n_10__complete__train_loss.png"
    },
    "n_10/ws_p_0.0_seed_3": {
      "train_loss_final": 0.007146699354052544,
      "train_loss_running_mean_final": 0.029325584899634122,
      "best_running_mean_loss": 0.022805483229458332,
      "best_episode_idx": 3139,
      "best_validation_error": 0.01102,
      "best_validation_episode_idx": 4999,