{
  "seed": 2,
  "conditions": {
    "n_10/complete": {
      "train_loss_final": 0.7693089246749878,
      "train_loss_running_mean_final": 0.6896824032068253,
      "best_running_mean_loss": 0.674412284642458,
      "best_episode_idx": 2466,
      "best_validation_error": 0.45632,
      "best_validation_episode_idx": 4799,
      "validation_history": [
        [
          99,
          0.47404
        ],
        [
          199,
          0.49328
        ],
        [
          299,
          0.46976
        ],
        [
          399,
          0.48
        ],
        [
          499,
          0.48
        ],
        [
          599,
          0.47676
        ],
        [
          699,
          0.52
        ],
        [
          799,
          0.52
        ],
        [
          899,
          0.47444
        ],
        [
          999,
          0.47676
        ],
        [
          1099,
          0.47676
        ],
        [
          1199,
          0.46368
        ],
        [
          1299,
          0.46844
        ],
        [
          1399,
          0.47676
        ],
        [
          1499,
          0.47676
        ],
        [
          1599,
          0.47256
        ],
        [
          1699,
          0.52
        ],
        [
          1799,
          0.52
        ],
        [
          1899,
          0.52
        ],
        [
          1999,
          0.52
        ],
        [
          2099,
          0.52
        ],
        [
          2199,
          0.50252
        ],
        [
          2299,
          0.50252
        ],
        [
          2399,
          0.47676
        ],
        [
          2499,
          0.52
        ],
        [
          2599,
          0.52
        ],
        [
          2699,
          0.52
        ],
        [
          2799,
          0.52
        ],
        [
          2899,
          0.52
        ],
        [
          2999,
          0.52
        ],
        [
          3099,
          0.52
        ],
        [
          3199,
          0.52
        ],
        [
          3299,
          0.47912
        ],
        [
          3399,
          0.472
        ],
        [
          3499,
          0.45832
        ],
        [
          3599,
          0.52
        ],
        [
          3699,
          0.52
        ],
        [
          3799,
          0.52
        ],
        [
          3899,
          0.47524
        ],
        [
          3999,
          0.474
        ],
        [
          4099,
          0.45928
        ],
        [
          4199,
          0.48404
        ],
        [
          4299,
          0.46808
        ],
        [
          4399,
          0.52
        ],
        [
          4499,
          0.52
        ],
        [
          4599,
          0.473
        ],
        [
          4699,
          0.47092
        ],
        [
          4799,
          0.45632
        ],
        [
          4899,
          0.47136
        ],
        [
          4999,
          0.473
        ]
      ],
      "consensus": {
        "unanimous": {
          "fraction_episodes_reach_consensus": 0.967,
          "fraction_episodes_consensus_correct": 0.504,
          "fraction_episodes_consensus_wrong_only": 0.463,
          "fraction_correct_at_first_consensus": 0.5201654601861427,
          "mean_first_consensus_t": 16.250258531540847,
          "median_first_consensus_t": 14.0
        },
        "majority": {
          "fraction_episodes_reach_consensus": 1.0,
          "fraction_episodes_consensus_correct": 0.907,
          "fraction_episodes_consensus_wrong_only": 0.093,
          "fraction_correct_at_first_consensus": 0.592,
          "mean_first_consensus_t": 1.331,
          "median_first_consensus_t": 1.0
        }
      },
      "beta_fit": {
        "alpha": 0.04246629394430379,
        "beta": 0.0015421951204664097,
        "beta_std": NaN,
        "beta_ci_lower": NaN,
        "beta_ci_upper": NaN,
        "epsilon_inf": 0.4575337060556962,
        "fit_success": false,
        "method": "anchored_t2_log_linear_fallback",
        "rmse": 0.029995289687149203,
        "r2": -76.14801254169028,
        "fit_window_t_max": 50,
        "n_full_series": 50,
        "plateau_detected": false,
        "fit_anchor": "t2",
        "failure_reason": "poor_fit_r2"
      },
      "beta_hst_max": 0.16008541534707313,
      "beta_gap": null,
      "exceeds_hst_bound": null,
      "convergence_warning": true,
      "epsilon_series": [
        0.4772,
        0.4762,
        0.4662,
        0.4706,
        0.47040000000000004,
        0.47090000000000004,
        0.46340000000000003,
        0.46780000000000005,
        0.46580000000000005,
        0.468,
        0.4697,
        0.4733,
        0.4642,
        0.46390000000000003,
        0.4656,
        0.4691,
        0.46690000000000004,
        0.4698,
        0.4667,
        0.4703,
        0.4701,
        0.465,
        0.47050000000000003,
        0.4696,
        0.4726,
        0.4637,
        0.4641,
        0.4665,
        0.4665,
        0.47090000000000004,
        0.4646,
        0.47100000000000003,
        0.4732,
        0.46830000000000005,
        0.4702,
        0.46640000000000004,
        0.4733,
        0.46490000000000004,
        0.46950000000000003,
        0.47150000000000003,
        0.468,
        0.466,
        0.46530000000000005,
        0.4711,
        0.46690000000000004,
        0.4665,
        0.4642,
        0.4665,
        0.4691,
        0.4768
      ],
      "learning_rate_plot": "artifacts/training_metrics_vector/grid_runs/n_10/q_0p52/seed_2/plots/n_10__complete__anchored_t0.png",
      "learning_rate_plot_anchored_t0": "artifacts/training_metrics_vector/grid_runs/n_10/q_0p52/seed_2/plots/n_10__complete__anchored_t0.png",
      "train_loss_plot": "artifacts/training_metrics_vector/grid_runs/n_10/q_0p52/seed_2/plots/n_10__complete__train_loss.png",
      "learning_rate_plot_anchored_t2": "artifacts/anchor_t2/training_metrics_vector/grid_runs/n_10/q_0p52/seed_2/plots/n_10__complete__anchored_t2.png"
    },
    "n_10/ws_p_0.0_seed_2": {
      "train_loss_final": 0.7710261940956116,
      "train_loss_running_mean_final": 0.6899397134780884,
      "best_running_mean_loss": 0.6744278091192245,
      "best_episode_idx": 4391,
      "best_validation_error": 0.45344,
      "best_validation_episode_idx": 4099,