{
  "seed": 2,
  "conditions": {
    "n_10/complete": {
      "train_loss_final": null,
      "train_loss_running_mean_final": null,
      "best_running_mean_loss": null,
      "best_episode_idx": null,
      "best_validation_error": null,
      "best_validation_episode_idx": null,
      "validation_history": [],
      "consensus": {
        "unanimous": {
          "fraction_episodes_reach_consensus": 1.0,
          "fraction_episodes_consensus_correct": 0.651,
          "fraction_episodes_consensus_wrong_only": 0.349,
          "fraction_correct_at_first_consensus": 0.651,
          "mean_first_consensus_t": 2.778,
          "median_first_consensus_t": 3.0
        },
        "majority": {
          "fraction_episodes_reach_consensus": 1.0,
          "fraction_episodes_consensus_correct": 0.651,
          "fraction_episodes_consensus_wrong_only": 0.349,
          "fraction_correct_at_first_consensus": 0.65,
          "mean_first_consensus_t": 1.331,
          "median_first_consensus_t": 1.0
        }
      },
      "beta_fit": {
        "alpha": 0.024022297233124934,
        "beta": 1.7609194573525098,
        "beta_std": 0.07410502103077904,
        "beta_ci_lower": 1.6156762850585995,
        "beta_ci_upper": 1.90616262964642,
        "epsilon_inf": 0.34894880681042517,
        "fit_success": true,
        "method": "scipy_anchored_t2",
        "rmse": 0.000305468751365884,
        "r2": 0.9921444238017643,
        "fit_window_t_max": 50,
        "n_full_series": 50,
        "plateau_detected": false,
        "fit_anchor": "t2",
        "fit_start_t": 2,
        "failure_reason": ""
      },
      "beta_hst_max": 0.4013413909243028,
      "beta_gap": 1.3595780664282069,
      "exceeds_hst_bound": false,
      "convergence_warning": true,
      "epsilon_series": [
        0.4494,
        0.373,
        0.3527,
        0.3511,
        0.3479,
        0.3484,
        0.3485,
        0.3485,
        0.3486,
        0.3488,
        0.349,
        0.349,
        0.349,
        0.349,
        0.349,
        0.349,
        0.349,
        0.349,
        0.349,
        0.349,
        0.349,
        0.349,
        0.349,
        0.349,
        0.349,
        0.349,
        0.349,
        0.349,
        0.349,
        0.349,
        0.349,
        0.349,
        0.349,
        0.349,
        0.349,
        0.349,
        0.349,
        0.349,
        0.349,
        0.349,
        0.349,
        0.349,
        0.349,
        0.349,
        0.349,
        0.349,
        0.349,
        0.349,
        0.349,
        0.349
      ],
      "algorithm": "majority_vote",
      "learning_rate_plot": "artifacts/training_metrics_majority/grid_runs/n_10/q_0p55/seed_2/plots/n_10__complete__anchored_t2.png",
      "learning_rate_plot_anchored_t2": "artifacts/training_metrics_majority/grid_runs/n_10/q_0p55/seed_2/plots/n_10__complete__anchored_t2.png"
    },
    "n_10/ws_p_0.0_seed_2": {
      "train_loss_final": null,
      "train_loss_running_mean_final": null,
      "best_running_mean_loss": null,
      "best_episode_idx": null,
      "best_validation_error": null,
      "best_validation_episode_idx": null,
      "validation_history": [],
      "consensus": {
        "unanimous": {
          "fraction_episodes_reach_consensus": 0.521,
          "fraction_episodes_consensus_correct": 0.436,
          "fraction_episodes_consensus_wrong_only": 0.085,
          "fraction_correct_at_first_consensus": 0.836852207293666,
          "mean_first_consensus_t": 13.132437619961612,
          "median_first_consensus_t": 6.0
        },
        "majority": {
          "fraction_episodes_reach_consensus": 1.0,
          "fraction_episodes_consensus_correct": 0.832,
          "fraction_episodes_consensus_wrong_only": 0.168,
          "fraction_correct_at_first_consensus": 0.664,
          "mean_first_consensus_t": 1.382,
          "median_first_consensus_t": 1.0
        }
      },
      "beta_fit": {
        "alpha": 0.10256992978037768,
        "beta": 0.04461248368638796,
        "beta_std": 0.0028626947104387055,
        "beta_ci_lower": 0.03900170515519478,
        "beta_ci_upper": 0.050223262217581145,
        "epsilon_inf": 0.276813014318886,
        "fit_success": true,
        "method": "scipy_anchored_t2",
        "rmse": 0.0066178119731323416,
        "r2": 0.9406763717891634,
        "fit_window_t_max": 100,
        "n_full_series": 100,
        "plateau_detected": false,
        "fit_anchor": "t2",
        "fit_start_t": 2,
        "failure_reason": ""
      },
      "beta_hst_max": 0.4013413909243028,
      "beta_gap": -0.35672890723791484,
      "exceeds_hst_bound": false,
      "convergence_warning": true,
      "epsilon_series": [
        0.4494,
        0.4235,
        0.3914,
        0.3725,
        0.3638,
        0.3569,
        0.35,
        0.344,
        0.341,
        0.3374,
        0.3349,
        0.3342,
        0.3311,
        0.3258,
        0.3268,
        0.3239,
        0.3228,
        0.3219,
        0.3218,
        0.3196,
        0.3191,
        0.3169,
        0.3163,
        0.3132,
        0.314,
        0.3128,
        0.3126,
        0.3096,
        0.3086,
        0.308,
        0.3076,
        0.3063,
        0.3061,
        0.3056,
        0.3042,
        0.3027,
        0.3024,
        0.3018,
        0.3012,
        0.3011,
        0.2994,
        0.298,
        0.2977,
        0.2965,
        0.2964,
        0.2961,
        0.296,
        0.2943,
        0.2933,
        0.2935,
        0.2919,
        0.2926,
        0.292,
        0.292,
        0.2909,
        0.2893,
        0.2894,
        0.2885,
        0.2881,
        0.2878,
        0.2879,
        0.2871,
        0.2864,
        0.287,
        0.2854,
        0.2846,
        0.2841,
        0.2836,
        0.2834,
        0.2837,
        0.2831,
        0.2818,
        0.2831,
        0.2811,
        0.2807,
        0.2805,
        0.2792,
        0.2789,
        0.2792,
        0.2775,
        0.2786,
        0.2769,
        0.2776,
        0.2776,
        0.2764,
        0.276,
        0.2751,
        0.2756,
        0.2745,
        0.2749,
        0.2739,
        0.2743,
        0.274,
        0.2737,
        0.273,
        0.2731,
        0.2727,
        0.2723,
        0.2704,
        0.2709
      ],
      "algorithm": "majority_vote",
      "learning_rate_plot": "artifacts/training_metrics_majority/grid_runs/n_10/q_0p55/seed_2/plots/n_10__ws_p_0.0_seed_2__anchored_t2.png",
      "learning_rate_plot_anchored_t2": "artifacts/training_metrics_majority/grid_runs/n_10/q_0p55/seed_2/plots/n_10__ws_p_0.0_seed_2__anchored_t2.png"
    },
    "n_10/ws_p_0.1_seed_2": {
      "train_loss_final": null,
      "train_loss_running_mean_final": null,
      "best_running_mean_loss": null,
      "best_episode_idx": null,
      "best_validation_error": null,
      "best_validation_episode_idx": null,
      "validation_history": [],
      "consensus": {
        "unanimous": {
          "fraction_episodes_reach_consensus": 0.559,
          "fraction_episodes_consensus_correct": 0.459,
          "fraction_episodes_consensus_wrong_only": 0.1,
          "fraction_correct_at_first_consensus": 0.8211091234347049,
          "mean_first_consensus_t": 14.162790697674419,
          "median_first_consensus_t": 6.0
        },
        "majority": {
          "fraction_episodes_reach_consensus": 1.0,
          "fraction_episodes_consensus_correct": 0.805,
          "fraction_episodes_consensus_wrong_only": 0.195,
          "fraction_correct_at_first_consensus": 0.66,
          "mean_first_consensus_t": 1.394,
          "median_first_consensus_t": 1.0
        }
      },
      "beta_fit": {
        "alpha": 0.09210508865613935,
        "beta": 0.0465763988172153,
        "beta_std": 0.0038350470971824004,
        "beta_ci_lower": 0.03905984462772291,
        "beta_ci_upper": 0.05409295300670769,
        "epsilon_inf": 0.28470004674647836,
        "fit_success": true,
        "method": "scipy_anchored_t2",