{
  "seed": 3,
  "conditions": {
    "n_10/complete": {
      "train_loss_final": 0.005599224008619785,
      "train_loss_running_mean_final": 0.008062514904886485,
      "best_running_mean_loss": 0.007917030025273561,
      "best_episode_idx": 4755,
      "best_validation_error": 0.00242,
      "best_validation_episode_idx": 599,
      "validation_history": [
        [
          99,
          0.02472
        ],
        [
          199,
          0.00372
        ],
        [
          299,
          0.00346
        ],
        [
          399,
          0.00244
        ],
        [
          499,
          0.00254
        ],
        [
          599,
          0.00242
        ],
        [
          699,
          0.00242
        ],
        [
          799,
          0.56
        ],
        [
          899,
          0.56
        ],
        [
          999,
          0.43888
        ],
        [
          1099,
          0.55358
        ],
        [
          1199,
          0.06604
        ],
        [
          1299,
          0.00406
        ],
        [
          1399,
          0.0037
        ],
        [
          1499,
          0.1934
        ],
        [
          1599,
          0.01452
        ],
        [
          1699,
          0.00482
        ],
        [
          1799,
          0.00394
        ],
        [
          1899,
          0.00326
        ],
        [
          1999,
          0.54996
        ],
        [
          2099,
          0.1977
        ],
        [
          2199,
          0.02986
        ],
        [
          2299,
          0.00522
        ],
        [
          2399,
          0.00548
        ],
        [
          2499,
          0.00476
        ],
        [
          2599,
          0.0041
        ],
        [
          2699,
          0.00386
        ],
        [
          2799,
          0.00384
        ],
        [
          2899,
          0.00378
        ],
        [
          2999,
          0.00374
        ],
        [
          3099,
          0.00368
        ],
        [
          3199,
          0.00362
        ],
        [
          3299,
          0.00356
        ],
        [
          3399,
          0.00338
        ],
        [
          3499,
          0.0032
        ],
        [
          3599,
          0.1977
        ],
        [
          3699,
          0.53878
        ],
        [
          3799,
          0.005
        ],
        [
          3899,
          0.00562
        ],
        [
          3999,
          0.00468
        ],
        [
          4099,
          0.0037
        ],
        [
          4199,
          0.00358
        ],
        [
          4299,
          0.00356
        ],
        [
          4399,
          0.00342
        ],
        [
          4499,
          0.00324
        ],
        [
          4599,
          0.0032
        ],
        [
          4699,
          0.00304
        ],
        [
          4799,
          0.00302
        ],
        [
          4899,
          0.00268
        ],
        [
          4999,
          0.00268
        ]
      ],
      "consensus": {
        "unanimous": {
          "fraction_episodes_reach_consensus": 1.0,
          "fraction_episodes_consensus_correct": 0.998,
          "fraction_episodes_consensus_wrong_only": 0.002,
          "fraction_correct_at_first_consensus": 0.998,
          "mean_first_consensus_t": 2.263,
          "median_first_consensus_t": 2.0
        },
        "majority": {
          "fraction_episodes_reach_consensus": 1.0,
          "fraction_episodes_consensus_correct": 0.998,
          "fraction_episodes_consensus_wrong_only": 0.002,
          "fraction_correct_at_first_consensus": 0.987,
          "mean_first_consensus_t": 1.047,
          "median_first_consensus_t": 1.0
        }
      },
      "beta_fit": {
        "alpha": 0.49830823192329177,
        "beta": 0.9769578538742689,
        "beta_std": 0.011562757791047202,
        "beta_ci_lower": 0.9542952650418565,
        "beta_ci_upper": 0.9996204427066814,
        "epsilon_inf": 0.001691768076708223,
        "fit_success": true,
        "method": "scipy_anchored_t0",
        "rmse": 0.002850991803591639,
        "r2": 0.9817963100939662,
        "fit_window_t_max": 100,
        "n_full_series": 100,
        "plateau_detected": false,
        "fit_anchor": "t0",
        "failure_reason": ""
      },
      "beta_hst_max": 2.7725887222397816,
      "beta_gap": -1.7956308683655127,
      "exceeds_hst_bound": false,
      "convergence_warning": false,
      "epsilon_series": [
        0.2053,
        0.0655,
        0.0081,
        0.0026000000000000003,
        0.0023,
        0.002,
        0.002,
        0.002,
        0.002,
        0.002,
        0.002,
        0.002,
        0.002,
        0.002,
        0.002,
        0.002,
        0.002,
        0.002,
        0.002,
        0.002,
        0.002,
        0.002,
        0.002,
        0.002,
        0.002,
        0.002,
        0.002,
        0.002,
        0.002,
        0.002,
        0.002,
        0.002,
        0.002,
        0.002,
        0.002,
        0.002,
        0.002,
        0.002,
        0.002,
        0.002,
        0.002,
        0.002,
        0.002,
        0.002,
        0.002,
        0.002,
        0.002,
        0.002,
        0.002,
        0.002,
        0.002,
        0.002,
        0.002,
        0.002,
        0.002,
        0.002,
        0.002,
        0.002,
        0.002,
        0.002,
        0.002,
        0.002,
        0.002,
        0.002,
        0.002,
        0.002,
        0.002,
        0.002,
        0.002,
        0.002,
        0.002,
        0.002,
        0.002,
        0.002,
        0.002,
        0.002,
        0.002,
        0.002,
        0.002,
        0.002,
        0.002,
        0.002,
        0.002,
        0.002,
        0.002,
        0.002,
        0.002,
        0.002,
        0.002,
        0.002,
        0.002,
        0.002,
        0.002,
        0.002,
        0.002,
        0.002,
        0.002,
        0.002,
        0.002,
        0.002
      ],
      "learning_rate_plot": "artifacts/training_metrics_vector/grid_runs/n_10/q_0p8/seed_3/plots/n_10__complete__anchored_t0.png",
      "learning_rate_plot_anchored_t0": "artifacts/training_metrics_vector/grid_runs/n_10/q_0p8/seed_3/plots/n_10__complete__anchored_t0.png",
      "train_loss_plot": "artifacts/training_metrics_vector/grid_runs/n_10/q_0p8/seed_3/plots/n_10__complete__train_loss.png"
    },
    "n_10/ws_p_0.0_seed_3": {
      "train_loss_final": 0.006178312934935093,
      "train_loss_running_mean_final": 0.012541535245254636,
      "best_running_mean_loss": 0.010612690900452436,
      "best_episode_idx": 1065,
      "best_validation_error": 0.0039,
      "best_validation_episode_idx": 999,