{
  "seed": 2,
  "conditions": {
    "n_10/complete": {
      "train_loss_final": 0.023420728743076324,
      "train_loss_running_mean_final": 0.02493411589413881,
      "best_running_mean_loss": 0.012714179940521717,
      "best_episode_idx": 2786,
      "best_validation_error": 0.00416,
      "best_validation_episode_idx": 3999,
      "validation_history": [
        [
          99,
          0.46776
        ],
        [
          199,
          0.01116
        ],
        [
          299,
          0.14844
        ],
        [
          399,
          0.0064
        ],
        [
          499,
          0.22656
        ],
        [
          599,
          0.0066
        ],
        [
          699,
          0.00572
        ],
        [
          799,
          0.0046
        ],
        [
          899,
          0.00444
        ],
        [
          999,
          0.00444
        ],
        [
          1099,
          0.0044
        ],
        [
          1199,
          0.0044
        ],
        [
          1299,
          0.0044
        ],
        [
          1399,
          0.03676
        ],
        [
          1499,
          0.00496
        ],
        [
          1599,
          0.00484
        ],
        [
          1699,
          0.0044
        ],
        [
          1799,
          0.00444
        ],
        [
          1899,
          0.00444
        ],
        [
          1999,
          0.0044
        ],
        [
          2099,
          0.0044
        ],
        [
          2199,
          0.00424
        ],
        [
          2299,
          0.00436
        ],
        [
          2399,
          0.00448
        ],
        [
          2499,
          0.00444
        ],
        [
          2599,
          0.00428
        ],
        [
          2699,
          0.0044
        ],
        [
          2799,
          0.0044
        ],
        [
          2899,
          0.00424
        ],
        [
          2999,
          0.00724
        ],
        [
          3099,
          0.00428
        ],
        [
          3199,
          0.00428
        ],
        [
          3299,
          0.00424
        ],
        [
          3399,
          0.00424
        ],
        [
          3499,
          0.00468
        ],
        [
          3599,
          0.0044
        ],
        [
          3699,
          0.0042
        ],
        [
          3799,
          0.00436
        ],
        [
          3899,
          0.00424
        ],
        [
          3999,
          0.00416
        ],
        [
          4099,
          0.0044
        ],
        [
          4199,
          0.0044
        ],
        [
          4299,
          0.00504
        ],
        [
          4399,
          0.00516
        ],
        [
          4499,
          0.00424
        ],
        [
          4599,
          0.00436
        ],
        [
          4699,
          0.03064
        ],
        [
          4799,
          0.00428
        ],
        [
          4899,
          0.00444
        ],
        [
          4999,
          0.00444
        ]
      ],
      "consensus": {
        "unanimous": {
          "fraction_episodes_reach_consensus": 1.0,
          "fraction_episodes_consensus_correct": 0.998,
          "fraction_episodes_consensus_wrong_only": 0.002,
          "fraction_correct_at_first_consensus": 0.998,
          "mean_first_consensus_t": 2.113,
          "median_first_consensus_t": 2.0
        },
        "majority": {
          "fraction_episodes_reach_consensus": 1.0,
          "fraction_episodes_consensus_correct": 0.998,
          "fraction_episodes_consensus_wrong_only": 0.002,
          "fraction_correct_at_first_consensus": 0.996,
          "mean_first_consensus_t": 1.027,
          "median_first_consensus_t": 1.0
        }
      },
      "beta_fit": {
        "alpha": 0.498716834214406,
        "beta": 1.0860483710681657,
        "beta_std": 0.02918569336133761,
        "beta_ci_lower": 1.0288454632161141,
        "beta_ci_upper": 1.1432512789202172,
        "epsilon_inf": 0.001283165785594029,
        "fit_success": true,
        "method": "scipy_anchored_t0",
        "rmse": 0.005957720907461212,
        "r2": 0.9522017847671358,
        "fit_window_t_max": 50,
        "n_full_series": 50,
        "plateau_detected": false,
        "fit_anchor": "t0",
        "failure_reason": ""
      },
      "beta_hst_max": 2.7725887222397816,
      "beta_gap": -1.686540351171616,
      "exceeds_hst_bound": false,
      "convergence_warning": false,
      "epsilon_series": [
        0.1952,
        0.0302,
        0.0036000000000000003,
        0.002,
        0.002,
        0.002,
        0.002,
        0.002,
        0.002,
        0.002,
        0.002,
        0.002,
        0.002,
        0.002,
        0.002,
        0.002,
        0.002,
        0.002,
        0.002,
        0.002,
        0.002,
        0.002,
        0.002,
        0.002,
        0.002,
        0.002,
        0.002,
        0.002,
        0.002,
        0.002,
        0.002,
        0.002,
        0.002,
        0.002,
        0.002,
        0.002,
        0.002,
        0.002,
        0.002,
        0.002,
        0.002,
        0.002,
        0.002,
        0.002,
        0.002,
        0.002,
        0.002,
        0.002,
        0.002,
        0.002
      ],
      "learning_rate_plot": "artifacts/training_metrics_fair/grid_runs/n_10/q_0p8/seed_2/plots/n_10__complete__anchored_t0.png",
      "learning_rate_plot_anchored_t0": "artifacts/training_metrics_fair/grid_runs/n_10/q_0p8/seed_2/plots/n_10__complete__anchored_t0.png",
      "train_loss_plot": "artifacts/training_metrics_fair/grid_runs/n_10/q_0p8/seed_2/plots/n_10__complete__train_loss.png"
    },
    "n_10/ws_p_0.0_seed_2": {
      "train_loss_final": 0.03296859189867973,
      "train_loss_running_mean_final": 0.027417992847040294,
      "best_running_mean_loss": 0.01815570461098105,
      "best_episode_idx": 4185,
      "best_validation_error": 0.00716,
      "best_validation_episode_idx": 2199,