{
  "seed": 0,
  "conditions": {
    "n_10/complete": {
      "train_loss_final": 0.027387144044041634,
      "train_loss_running_mean_final": 0.06574399279430508,
      "best_running_mean_loss": 0.01653428181540221,
      "best_episode_idx": 1697,
      "best_validation_error": 0.00652,
      "best_validation_episode_idx": 4199,
      "validation_history": [
        [
          99,
          0.27944
        ],
        [
          199,
          0.48
        ],
        [
          299,
          0.49618
        ],
        [
          399,
          0.51788
        ],
        [
          499,
          0.51326
        ],
        [
          599,
          0.0676
        ],
        [
          699,
          0.47092
        ],
        [
          799,
          0.00974
        ],
        [
          899,
          0.00864
        ],
        [
          999,
          0.00824
        ],
        [
          1099,
          0.01452
        ],
        [
          1199,
          0.00802
        ],
        [
          1299,
          0.00986
        ],
        [
          1399,
          0.0098
        ],
        [
          1499,
          0.00756
        ],
        [
          1599,
          0.00804
        ],
        [
          1699,
          0.00706
        ],
        [
          1799,
          0.00796
        ],
        [
          1899,
          0.00872
        ],
        [
          1999,
          0.00658
        ],
        [
          2099,
          0.0082
        ],
        [
          2199,
          0.00784
        ],
        [
          2299,
          0.00718
        ],
        [
          2399,
          0.00674
        ],
        [
          2499,
          0.0294
        ],
        [
          2599,
          0.00704
        ],
        [
          2699,
          0.05304
        ],
        [
          2799,
          0.01014
        ],
        [
          2899,
          0.00738
        ],
        [
          2999,
          0.00698
        ],
        [
          3099,
          0.40416
        ],
        [
          3199,
          0.00866
        ],
        [
          3299,
          0.01618
        ],
        [
          3399,
          0.00902
        ],
        [
          3499,
          0.00858
        ],
        [
          3599,
          0.47478
        ],
        [
          3699,
          0.01368
        ],
        [
          3799,
          0.00852
        ],
        [
          3899,
          0.00812
        ],
        [
          3999,
          0.00742
        ],
        [
          4099,
          0.00654
        ],
        [
          4199,
          0.00652
        ],
        [
          4299,
          0.00746
        ],
        [
          4399,
          0.02776
        ],
        [
          4499,
          0.0085
        ],
        [
          4599,
          0.0077
        ],
        [
          4699,
          0.00878
        ],
        [
          4799,
          0.00712
        ],
        [
          4899,
          0.01412
        ],
        [
          4999,
          0.00786
        ]
      ],
      "beta_fit": {
        "alpha": 0.5,
        "beta": 0.5606754923807102,
        "beta_std": 0.03234277556831397,
        "beta_ci_lower": 0.4972848171067529,
        "beta_ci_upper": 0.6240661676546676,
        "epsilon_inf": 4.423865313510161e-22,
        "fit_success": true,
        "method": "scipy_anchored_t0",
        "rmse": 0.007835022399978152,
        "r2": 0.9938634115127535,
        "fit_window_t_max": 6,
        "n_full_series": 100,
        "plateau_detected": true,
        "failure_reason": ""
      },
      "beta_hst_max": 1.694595720774407,
      "beta_gap": -1.1339202283936967,
      "exceeds_hst_bound": false,
      "convergence_warning": false,
      "epsilon_series": [
        0.301,
        0.162,
        0.08800000000000001,
        0.044500000000000005,
        0.026000000000000002,
        0.0146,
        0.0098,
        0.0073,
        0.0067,
        0.0053,
        0.0049,
        0.0047,
        0.0045000000000000005,
        0.0043,
        0.0043,
        0.004200000000000001,
        0.0041,
        0.0043,
        0.0041,
        0.004200000000000001,
        0.004,
        0.004,
        0.004,
        0.004,
        0.004,
        0.004,
        0.004,
        0.004,
        0.004,
        0.004,
        0.004,
        0.004,
        0.004,
        0.004,
        0.004,
        0.004,
        0.004,
        0.004,
        0.004,
        0.004,
        0.004,
        0.004,
        0.004,
        0.004,
        0.004,
        0.004,
        0.004,
        0.004,
        0.004,
        0.004,
        0.004,
        0.004,
        0.004,
        0.004,
        0.004,
        0.004,
        0.004,
        0.004,
        0.004,
        0.004,
        0.004,
        0.004,
        0.004,
        0.004,
        0.004,
        0.004,
        0.004,
        0.004,
        0.004,
        0.004,
        0.004,
        0.004,
        0.004,
        0.004,
        0.004,
        0.004,
        0.004,
        0.004,
        0.004,
        0.004,
        0.004,
        0.004,
        0.004,
        0.004,
        0.004,
        0.004,
        0.004,
        0.004,
        0.004,
        0.004,
        0.004,
        0.004,
        0.004,
        0.004,
        0.004,
        0.004,
        0.004,
        0.004,
        0.004,
        0.004
      ],
      "learning_rate_plot": "artifacts/training_metrics_fair/grid_runs/n_10/q_0p7/seed_0/plots/n_10__complete__anchored_t0.png",
      "learning_rate_plot_anchored_t0": "artifacts/training_metrics_fair/grid_runs/n_10/q_0p7/seed_0/plots/n_10__complete__anchored_t0.png",
      "train_loss_plot": "artifacts/training_metrics_fair/grid_runs/n_10/q_0p7/seed_0/plots/n_10__complete__train_loss.png"
    },
    "n_10/ws_p_0.0_seed_0": {
      "train_loss_final": 0.027332181110978127,
      "train_loss_running_mean_final": 0.030336120217107236,
      "best_running_mean_loss": 0.023979878076352178,
      "best_episode_idx": 4532,
      "best_validation_error": 0.0117,
      "best_validation_episode_idx": 3899,