{
  "seed": 4,
  "conditions": {
    "n_100/complete": {
      "train_loss_final": null,
      "train_loss_running_mean_final": null,
      "best_running_mean_loss": null,
      "best_episode_idx": null,
      "best_validation_error": null,
      "best_validation_episode_idx": null,
      "validation_history": [],
      "consensus": {
        "unanimous": {
          "fraction_episodes_reach_consensus": 1.0,
          "fraction_episodes_consensus_correct": 0.866,
          "fraction_episodes_consensus_wrong_only": 0.134,
          "fraction_correct_at_first_consensus": 0.866,
          "mean_first_consensus_t": 2.154,
          "median_first_consensus_t": 2.0
        },
        "majority": {
          "fraction_episodes_reach_consensus": 1.0,
          "fraction_episodes_consensus_correct": 0.866,
          "fraction_episodes_consensus_wrong_only": 0.134,
          "fraction_correct_at_first_consensus": 0.866,
          "mean_first_consensus_t": 1.049,
          "median_first_consensus_t": 1.0
        }
      },
      "beta_fit": {
        "alpha": 0.013946593696818412,
        "beta": 1.9997792565231778,
        "beta_std": 0.013309597208576412,
        "beta_ci_lower": 1.9736929253456332,
        "beta_ci_upper": 2.0258655877007223,
        "epsilon_inf": 0.13399652981745547,
        "fit_success": true,
        "method": "scipy_anchored_t2",
        "rmse": 2.4683408315193377e-05,
        "r2": 0.9998452009732711,
        "fit_window_t_max": 50,
        "n_full_series": 50,
        "plateau_detected": false,
        "fit_anchor": "t2",
        "fit_start_t": 2,
        "failure_reason": ""
      },
      "beta_hst_max": 0.4013413909243028,
      "beta_gap": 1.598437865598875,
      "exceeds_hst_bound": false,
      "convergence_warning": true,
      "epsilon_series": [
        0.44897,
        0.14794,
        0.13593,
        0.13409,
        0.134,
        0.134,
        0.134,
        0.134,
        0.134,
        0.134,
        0.134,
        0.134,
        0.134,
        0.134,
        0.134,
        0.134,
        0.134,
        0.134,
        0.134,
        0.134,
        0.134,
        0.134,
        0.134,
        0.134,
        0.134,
        0.134,
        0.134,
        0.134,
        0.134,
        0.134,
        0.134,
        0.134,
        0.134,
        0.134,
        0.134,
        0.134,
        0.134,
        0.134,
        0.134,
        0.134,
        0.134,
        0.134,
        0.134,
        0.134,
        0.134,
        0.134,
        0.134,
        0.134,
        0.134,
        0.134
      ],
      "algorithm": "majority_vote",
      "learning_rate_plot": "artifacts/training_metrics_majority/grid_runs/n_100/q_0p55/seed_4/plots/n_100__complete__anchored_t2.png",
      "learning_rate_plot_anchored_t2": "artifacts/training_metrics_majority/grid_runs/n_100/q_0p55/seed_4/plots/n_100__complete__anchored_t2.png"
    },
    "n_100/ws_p_0.0_seed_4": {
      "train_loss_final": null,
      "train_loss_running_mean_final": null,
      "best_running_mean_loss": null,
      "best_episode_idx": null,
      "best_validation_error": null,
      "best_validation_episode_idx": null,
      "validation_history": [],
      "consensus": {
        "unanimous": {
          "fraction_episodes_reach_consensus": 0.001,
          "fraction_episodes_consensus_correct": 0.001,
          "fraction_episodes_consensus_wrong_only": 0.0,
          "fraction_correct_at_first_consensus": 1.0,
          "mean_first_consensus_t": 11.0,
          "median_first_consensus_t": 11.0
        },
        "majority": {
          "fraction_episodes_reach_consensus": 1.0,
          "fraction_episodes_consensus_correct": 0.993,
          "fraction_episodes_consensus_wrong_only": 0.007,
          "fraction_correct_at_first_consensus": 0.865,
          "mean_first_consensus_t": 1.055,
          "median_first_consensus_t": 1.0
        }
      },
      "beta_fit": {
        "alpha": 0.10292663753123482,
        "beta": 0.045715168712760185,
        "beta_std": 0.003111674101789738,
        "beta_ci_lower": 0.039616399541626275,
        "beta_ci_upper": 0.051813937883894094,
        "epsilon_inf": 0.2743830689469948,
        "fit_success": true,
        "method": "scipy_anchored_t2",
        "rmse": 0.007098621733641363,
        "r2": 0.932389626739694,
        "fit_window_t_max": 100,
        "n_full_series": 100,
        "plateau_detected": false,
        "fit_anchor": "t2",
        "fit_start_t": 2,
        "failure_reason": ""
      },
      "beta_hst_max": 0.4013413909243028,
      "beta_gap": -0.3556262222115426,
      "exceeds_hst_bound": false,
      "convergence_warning": true,
      "epsilon_series": [
        0.44897,
        0.42448,
        0.39422,
        0.36969,
        0.35845,
        0.34978,
        0.34433,
        0.33985,
        0.33763,
        0.33427,
        0.33214,
        0.32958,
        0.32801,
        0.32584,
        0.32401,
        0.32253,
        0.3208,
        0.3189,
        0.3183,
        0.3163,
        0.31473,
        0.31372,
        0.31275,
        0.31141,
        0.31078,
        0.30913,
        0.3088,
        0.30754,
        0.30644,
        0.30523,
        0.30458,
        0.30363,
        0.30313,
        0.30203,
        0.30123,
        0.30048,
        0.29965,
        0.2988,
        0.29842,
        0.29729,
        0.29654,
        0.29552,
        0.29489,
        0.29407,
        0.29382,
        0.29276,
        0.29215,
        0.29171,
        0.29116,
        0.29056,
        0.29021,
        0.28917,
        0.28919,
        0.28832,
        0.28755,
        0.28705,
        0.28644,
        0.286,
        0.28548,
        0.28482,
        0.2846,
        0.28384,
        0.28395,
        0.28273,
        0.28266,
        0.28204,
        0.28153,
        0.28078,
        0.2803,
        0.27993,
        0.27975,
        0.27887,
        0.27848,
        0.27779,
        0.27756,
        0.27725,
        0.27715,
        0.27646,
        0.27614,
        0.27566,
        0.27555,
        0.27511,
        0.27457,
        0.27439,
        0.27387,
        0.27331,
        0.27305,
        0.27256,
        0.2725,
        0.27199,
        0.27201,
        0.27148,
        0.27114,
        0.27065,
        0.27072,
        0.26985,
        0.26971,
        0.26901,
        0.26868,
        0.26841
      ],
      "algorithm": "majority_vote",
      "learning_rate_plot": "artifacts/training_metrics_majority/grid_runs/n_100/q_0p55/seed_4/plots/n_100__ws_p_0.0_seed_4__anchored_t2.png",
      "learning_rate_plot_anchored_t2": "artifacts/training_metrics_majority/grid_runs/n_100/q_0p55/seed_4/plots/n_100__ws_p_0.0_seed_4__anchored_t2.png"
    },
    "n_100/ws_p_0.1_seed_4": {
      "train_loss_final": null,
      "train_loss_running_mean_final": null,
      "best_running_mean_loss": null,
      "best_episode_idx": null,
      "best_validation_error": null,
      "best_validation_episode_idx": null,
      "validation_history": [],
      "consensus": {
        "unanimous": {
          "fraction_episodes_reach_consensus": 0.001,
          "fraction_episodes_consensus_correct": 0.001,
          "fraction_episodes_consensus_wrong_only": 0.0,
          "fraction_correct_at_first_consensus": 1.0,
          "mean_first_consensus_t": 78.0,
          "median_first_consensus_t": 78.0
        },
        "majority": {
          "fraction_episodes_reach_consensus": 1.0,
          "fraction_episodes_consensus_correct": 0.986,
          "fraction_episodes_consensus_wrong_only": 0.014,
          "fraction_correct_at_first_consensus": 0.863,
          "mean_first_consensus_t": 1.049,
          "median_first_consensus_t": 1.0
        }
      },
      "beta_fit": {
        "alpha": 0.09581012321024915,
        "beta": 0.05224528824729208,
        "beta_std": 0.0037807229111022343,
        "beta_ci_lower": 0.04483520750600627,
        "beta_ci_upper": 0.059655368988577887,
        "epsilon_inf": 0.2834929376521017,