{
  "seed": 0,
  "conditions": {
    "n_10/complete": {
      "train_loss_final": 0.061067432165145874,
      "train_loss_running_mean_final": 0.043383012590929866,
      "best_running_mean_loss": 0.01327439300948754,
      "best_episode_idx": 4456,
      "best_validation_error": 0.0042,
      "best_validation_episode_idx": 599,
      "validation_history": [
        [
          99,
          0.00576
        ],
        [
          199,
          0.0068
        ],
        [
          299,
          0.00448
        ],
        [
          399,
          0.00444
        ],
        [
          499,
          0.00444
        ],
        [
          599,
          0.0042
        ],
        [
          699,
          0.00424
        ],
        [
          799,
          0.00444
        ],
        [
          899,
          0.00432
        ],
        [
          999,
          0.2218
        ],
        [
          1099,
          0.20052
        ],
        [
          1199,
          0.46832
        ],
        [
          1299,
          0.43948
        ],
        [
          1399,
          0.1986
        ],
        [
          1499,
          0.1986
        ],
        [
          1599,
          0.1986
        ],
        [
          1699,
          0.1986
        ],
        [
          1799,
          0.25104
        ],
        [
          1899,
          0.14088
        ],
        [
          1999,
          0.01912
        ],
        [
          2099,
          0.00988
        ],
        [
          2199,
          0.00888
        ],
        [
          2299,
          0.00728
        ],
        [
          2399,
          0.00512
        ],
        [
          2499,
          0.00892
        ],
        [
          2599,
          0.00788
        ],
        [
          2699,
          0.0068
        ],
        [
          2799,
          0.00644
        ],
        [
          2899,
          0.00548
        ],
        [
          2999,
          0.00524
        ],
        [
          3099,
          0.00548
        ],
        [
          3199,
          0.00484
        ],
        [
          3299,
          0.00892
        ],
        [
          3399,
          0.00768
        ],
        [
          3499,
          0.0074
        ],
        [
          3599,
          0.0066
        ],
        [
          3699,
          0.00532
        ],
        [
          3799,
          0.0052
        ],
        [
          3899,
          0.00512
        ],
        [
          3999,
          0.00508
        ],
        [
          4099,
          0.0048
        ],
        [
          4199,
          0.0048
        ],
        [
          4299,
          0.00516
        ],
        [
          4399,
          0.00516
        ],
        [
          4499,
          0.00668
        ],
        [
          4599,
          0.0052
        ],
        [
          4699,
          0.00508
        ],
        [
          4799,
          0.00508
        ],
        [
          4899,
          0.01904
        ],
        [
          4999,
          0.01076
        ]
      ],
      "consensus": {
        "unanimous": {
          "fraction_episodes_reach_consensus": 1.0,
          "fraction_episodes_consensus_correct": 0.996,
          "fraction_episodes_consensus_wrong_only": 0.004,
          "fraction_correct_at_first_consensus": 0.996,
          "mean_first_consensus_t": 2.175,
          "median_first_consensus_t": 2.0
        },
        "majority": {
          "fraction_episodes_reach_consensus": 1.0,
          "fraction_episodes_consensus_correct": 0.996,
          "fraction_episodes_consensus_wrong_only": 0.004,
          "fraction_correct_at_first_consensus": 0.983,
          "mean_first_consensus_t": 1.033,
          "median_first_consensus_t": 1.0
        }
      },
      "beta_fit": {
        "alpha": 0.4960001998,
        "beta": 0.168109915661653,
        "beta_std": NaN,
        "beta_ci_lower": NaN,
        "beta_ci_upper": NaN,
        "epsilon_inf": 0.0039998002000000005,
        "fit_success": false,
        "method": "anchored_t2_log_linear_fallback",
        "rmse": 0.095905513390742,
        "r2": -10.876600486314144,
        "fit_window_t_max": 50,
        "n_full_series": 50,
        "plateau_detected": false,
        "fit_anchor": "t2",
        "failure_reason": "poor_fit_r2"
      },
      "beta_hst_max": 2.7725887222397816,
      "beta_gap": null,
      "exceeds_hst_bound": null,
      "convergence_warning": false,
      "epsilon_series": [
        0.1998,
        0.043300000000000005,
        0.0074,
        0.0053,
        0.0048000000000000004,
        0.0046,
        0.0045000000000000005,
        0.0044,
        0.004200000000000001,
        0.004,
        0.004,
        0.004,
        0.004,
        0.004,
        0.004,
        0.004,
        0.004,
        0.004,
        0.004,
        0.004,
        0.004,
        0.004,
        0.004,
        0.004,
        0.004,
        0.004,
        0.004,
        0.004,
        0.004,
        0.004,
        0.004,
        0.004,
        0.004,
        0.004,
        0.004,
        0.004,
        0.004,
        0.004,
        0.004,
        0.004,
        0.004,
        0.004,
        0.004,
        0.004,
        0.004,
        0.004,
        0.004,
        0.004,
        0.004,
        0.004
      ],
      "learning_rate_plot": "artifacts/training_metrics_vector/grid_runs/n_10/q_0p8/seed_0/plots/n_10__complete__anchored_t0.png",
      "learning_rate_plot_anchored_t0": "artifacts/training_metrics_vector/grid_runs/n_10/q_0p8/seed_0/plots/n_10__complete__anchored_t0.png",
      "train_loss_plot": "artifacts/training_metrics_vector/grid_runs/n_10/q_0p8/seed_0/plots/n_10__complete__train_loss.png",
      "learning_rate_plot_anchored_t2": "artifacts/anchor_t2/training_metrics_vector/grid_runs/n_10/q_0p8/seed_0/plots/n_10__complete__anchored_t2.png"
    },
    "n_10/ws_p_0.0_seed_0": {
      "train_loss_final": 0.02563411369919777,
      "train_loss_running_mean_final": 0.02113321631681174,
      "best_running_mean_loss": 0.017246604659594596,
      "best_episode_idx": 4456,
      "best_validation_error": 0.00712,
      "best_validation_episode_idx": 4599,