{
  "seed": 0,
  "conditions": {
    "n_10/complete": {
      "train_loss_final": 0.0813504010438919,
      "train_loss_running_mean_final": 0.14369819797575473,
      "best_running_mean_loss": 0.06606281047686935,
      "best_episode_idx": 4832,
      "best_validation_error": 0.0226,
      "best_validation_episode_idx": 4499,
      "validation_history": [
        [
          99,
          0.3538
        ],
        [
          199,
          0.48
        ],
        [
          299,
          0.34968
        ],
        [
          399,
          0.35704
        ],
        [
          499,
          0.47252
        ],
        [
          599,
          0.05228
        ],
        [
          699,
          0.03792
        ],
        [
          799,
          0.48
        ],
        [
          899,
          0.50608
        ],
        [
          999,
          0.48104
        ],
        [
          1099,
          0.08408
        ],
        [
          1199,
          0.47756
        ],
        [
          1299,
          0.47536
        ],
        [
          1399,
          0.4738
        ],
        [
          1499,
          0.04472
        ],
        [
          1599,
          0.43732
        ],
        [
          1699,
          0.02876
        ],
        [
          1799,
          0.08372
        ],
        [
          1899,
          0.15668
        ],
        [
          1999,
          0.17696
        ],
        [
          2099,
          0.46016
        ],
        [
          2199,
          0.04204
        ],
        [
          2299,
          0.52
        ],
        [
          2399,
          0.52
        ],
        [
          2499,
          0.35496
        ],
        [
          2599,
          0.34544
        ],
        [
          2699,
          0.51692
        ],
        [
          2799,
          0.49844
        ],
        [
          2899,
          0.07772
        ],
        [
          2999,
          0.11264
        ],
        [
          3099,
          0.02584
        ],
        [
          3199,
          0.02624
        ],
        [
          3299,
          0.04308
        ],
        [
          3399,
          0.04268
        ],
        [
          3499,
          0.025
        ],
        [
          3599,
          0.02408
        ],
        [
          3699,
          0.0422
        ],
        [
          3799,
          0.04156
        ],
        [
          3899,
          0.03972
        ],
        [
          3999,
          0.02396
        ],
        [
          4099,
          0.02604
        ],
        [
          4199,
          0.03912
        ],
        [
          4299,
          0.07648
        ],
        [
          4399,
          0.02688
        ],
        [
          4499,
          0.0226
        ],
        [
          4599,
          0.09524
        ],
        [
          4699,
          0.04772
        ],
        [
          4799,
          0.02628
        ],
        [
          4899,
          0.07868
        ],
        [
          4999,
          0.02624
        ]
      ],
      "consensus": {
        "unanimous": {
          "fraction_episodes_reach_consensus": 1.0,
          "fraction_episodes_consensus_correct": 0.99,
          "fraction_episodes_consensus_wrong_only": 0.01,
          "fraction_correct_at_first_consensus": 0.99,
          "mean_first_consensus_t": 4.783,
          "median_first_consensus_t": 4.0
        },
        "majority": {
          "fraction_episodes_reach_consensus": 1.0,
          "fraction_episodes_consensus_correct": 0.992,
          "fraction_episodes_consensus_wrong_only": 0.008,
          "fraction_correct_at_first_consensus": 0.888,
          "mean_first_consensus_t": 1.187,
          "median_first_consensus_t": 1.0
        }
      },
      "beta_fit": {
        "alpha": 0.4915481312277345,
        "beta": 0.37904688399427233,
        "beta_std": 0.007190650698862772,
        "beta_ci_lower": 0.36495346759909353,
        "beta_ci_upper": 0.39314030038945114,
        "epsilon_inf": 0.00845186877226551,
        "fit_success": true,
        "method": "scipy_anchored_t0",
        "rmse": 0.0069257560980098744,
        "r2": 0.9884432626026878,
        "fit_window_t_max": 50,
        "n_full_series": 50,
        "plateau_detected": false,
        "fit_anchor": "t0",
        "failure_reason": ""
      },
      "beta_hst_max": 1.2380784168124472,
      "beta_gap": -0.8590315328181749,
      "exceeds_hst_bound": false,
      "convergence_warning": false,
      "epsilon_series": [
        0.3523,
        0.2761,
        0.1688,
        0.10600000000000001,
        0.0695,
        0.0434,
        0.030100000000000002,
        0.0227,
        0.0179,
        0.0142,
        0.0119,
        0.0115,
        0.011300000000000001,
        0.0102,
        0.010100000000000001,
        0.0099,
        0.01,
        0.0097,
        0.0099,
        0.0099,
        0.0099,
        0.0099,
        0.0099,
        0.0099,
        0.0099,
        0.01,
        0.01,
        0.01,
        0.01,
        0.01,
        0.01,
        0.01,
        0.01,
        0.01,
        0.01,
        0.01,
        0.01,
        0.01,
        0.01,
        0.01,
        0.01,
        0.01,
        0.01,
        0.01,
        0.01,
        0.01,
        0.01,
        0.01,
        0.01,
        0.01
      ],
      "learning_rate_plot": "artifacts/training_metrics_fair/grid_runs/n_10/q_0p65/seed_0/plots/n_10__complete__anchored_t0.png",
      "learning_rate_plot_anchored_t0": "artifacts/training_metrics_fair/grid_runs/n_10/q_0p65/seed_0/plots/n_10__complete__anchored_t0.png",
      "train_loss_plot": "artifacts/training_metrics_fair/grid_runs/n_10/q_0p65/seed_0/plots/n_10__complete__train_loss.png"
    },
    "n_10/ws_p_0.0_seed_0": {
      "train_loss_final": 0.07611943036317825,
      "train_loss_running_mean_final": 0.09784192699939012,
      "best_running_mean_loss": 0.072364056808874,
      "best_episode_idx": 4471,
      "best_validation_error": 0.03552,
      "best_validation_episode_idx": 3999,