{
  "seed": 2,
  "conditions": {
    "n_10/complete": {
      "train_loss_final": 0.01779547519981861,
      "train_loss_running_mean_final": 0.05950220131780952,
      "best_running_mean_loss": 0.006559309610165656,
      "best_episode_idx": 3486,
      "best_validation_error": 0.00216,
      "best_validation_episode_idx": 3299,
      "validation_history": [
        [
          99,
          0.43006
        ],
        [
          199,
          0.5166
        ],
        [
          299,
          0.479
        ],
        [
          399,
          0.0072
        ],
        [
          499,
          0.00722
        ],
        [
          599,
          0.00316
        ],
        [
          699,
          0.0027
        ],
        [
          799,
          0.00276
        ],
        [
          899,
          0.00242
        ],
        [
          999,
          0.0024
        ],
        [
          1099,
          0.00282
        ],
        [
          1199,
          0.02762
        ],
        [
          1299,
          0.00234
        ],
        [
          1399,
          0.0024
        ],
        [
          1499,
          0.00226
        ],
        [
          1599,
          0.00236
        ],
        [
          1699,
          0.00228
        ],
        [
          1799,
          0.00234
        ],
        [
          1899,
          0.00226
        ],
        [
          1999,
          0.0023
        ],
        [
          2099,
          0.0023
        ],
        [
          2199,
          0.0022
        ],
        [
          2299,
          0.00218
        ],
        [
          2399,
          0.00226
        ],
        [
          2499,
          0.00226
        ],
        [
          2599,
          0.00218
        ],
        [
          2699,
          0.00256
        ],
        [
          2799,
          0.0023
        ],
        [
          2899,
          0.00218
        ],
        [
          2999,
          0.00222
        ],
        [
          3099,
          0.00218
        ],
        [
          3199,
          0.00218
        ],
        [
          3299,
          0.00216
        ],
        [
          3399,
          0.00216
        ],
        [
          3499,
          0.00306
        ],
        [
          3599,
          0.0025
        ],
        [
          3699,
          0.00294
        ],
        [
          3799,
          0.00264
        ],
        [
          3899,
          0.00222
        ],
        [
          3999,
          0.00222
        ],
        [
          4099,
          0.00222
        ],
        [
          4199,
          0.0022
        ],
        [
          4299,
          0.0036
        ],
        [
          4399,
          0.00318
        ],
        [
          4499,
          0.00246
        ],
        [
          4599,
          0.00222
        ],
        [
          4699,
          0.00224
        ],
        [
          4799,
          0.00218
        ],
        [
          4899,
          0.00452
        ],
        [
          4999,
          0.00226
        ]
      ],
      "beta_fit": {
        "alpha": 0.4983141804446498,
        "beta": 1.0655031920673397,
        "beta_std": 0.01640099862409507,
        "beta_ci_lower": 1.0333578254536224,
        "beta_ci_upper": 1.097648558681057,
        "epsilon_inf": 0.0016858195553501908,
        "fit_success": true,
        "method": "scipy_anchored_t0",
        "rmse": 0.0035246795520303877,
        "r2": 0.9674229652076238,
        "fit_window_t_max": 100,
        "n_full_series": 100,
        "plateau_detected": false,
        "failure_reason": ""
      },
      "beta_hst_max": 2.7725887222397816,
      "beta_gap": -1.707085530172442,
      "exceeds_hst_bound": false,
      "convergence_warning": false,
      "epsilon_series": [
        0.1952,
        0.038400000000000004,
        0.0079,
        0.0019,
        0.0017000000000000001,
        0.0018000000000000002,
        0.0018000000000000002,
        0.002,
        0.002,
        0.002,
        0.002,
        0.002,
        0.002,
        0.002,
        0.002,
        0.002,
        0.002,
        0.002,
        0.002,
        0.002,
        0.002,
        0.002,
        0.002,
        0.002,
        0.002,
        0.002,
        0.002,
        0.002,
        0.002,
        0.002,
        0.002,
        0.002,
        0.002,
        0.002,
        0.002,
        0.002,
        0.002,
        0.002,
        0.002,
        0.002,
        0.002,
        0.002,
        0.002,
        0.002,
        0.002,
        0.002,
        0.002,
        0.002,
        0.002,
        0.002,
        0.002,
        0.002,
        0.002,
        0.002,
        0.002,
        0.002,
        0.002,
        0.002,
        0.002,
        0.002,
        0.002,
        0.002,
        0.002,
        0.002,
        0.002,
        0.002,
        0.002,
        0.002,
        0.002,
        0.002,
        0.002,
        0.002,
        0.002,
        0.002,
        0.002,
        0.002,
        0.002,
        0.002,
        0.002,
        0.002,
        0.002,
        0.002,
        0.002,
        0.002,
        0.002,
        0.002,
        0.002,
        0.002,
        0.002,
        0.002,
        0.002,
        0.002,
        0.002,
        0.002,
        0.002,
        0.002,
        0.002,
        0.002,
        0.002,
        0.002
      ],
      "learning_rate_plot": "artifacts/training_metrics_fair/grid_runs/n_10/q_0p8/seed_2/plots/n_10__complete__anchored_t0.png",
      "learning_rate_plot_anchored_t0": "artifacts/training_metrics_fair/grid_runs/n_10/q_0p8/seed_2/plots/n_10__complete__anchored_t0.png",
      "train_loss_plot": "artifacts/training_metrics_fair/grid_runs/n_10/q_0p8/seed_2/plots/n_10__complete__train_loss.png"
    },
    "n_10/ws_p_0.0_seed_2": {
      "train_loss_final": 0.04661748930811882,
      "train_loss_running_mean_final": 0.29483311641961335,
      "best_running_mean_loss": 0.009743371066870168,
      "best_episode_idx": 4401,
      "best_validation_error": 0.00354,
      "best_validation_episode_idx": 4899,