{
  "seed": 1,
  "conditions": {
    "n_10/complete": {
      "train_loss_final": 0.7066676020622253,
      "train_loss_running_mean_final": 0.6943209141492843,
      "best_running_mean_loss": 0.43624822452664375,
      "best_episode_idx": 2408,
      "best_validation_error": 0.1478,
      "best_validation_episode_idx": 2399,
      "validation_history": [
        [
          99,
          0.4
        ],
        [
          199,
          0.4
        ],
        [
          299,
          0.59668
        ],
        [
          399,
          0.47076
        ],
        [
          499,
          0.39356
        ],
        [
          599,
          0.37944
        ],
        [
          699,
          0.48524
        ],
        [
          799,
          0.31772
        ],
        [
          899,
          0.52668
        ],
        [
          999,
          0.37636
        ],
        [
          1099,
          0.31504
        ],
        [
          1199,
          0.26436
        ],
        [
          1299,
          0.21616
        ],
        [
          1399,
          0.3976
        ],
        [
          1499,
          0.2342
        ],
        [
          1599,
          0.58424
        ],
        [
          1699,
          0.44684
        ],
        [
          1799,
          0.5674
        ],
        [
          1899,
          0.36652
        ],
        [
          1999,
          0.24032
        ],
        [
          2099,
          0.17068
        ],
        [
          2199,
          0.19512
        ],
        [
          2299,
          0.29668
        ],
        [
          2399,
          0.1478
        ],
        [
          2499,
          0.4002
        ],
        [
          2599,
          0.39956
        ],
        [
          2699,
          0.59212
        ],
        [
          2799,
          0.39796
        ],
        [
          2899,
          0.39808
        ],
        [
          2999,
          0.39904
        ],
        [
          3099,
          0.39896
        ],
        [
          3199,
          0.39792
        ],
        [
          3299,
          0.39824
        ],
        [
          3399,
          0.59396
        ],
        [
          3499,
          0.40492
        ],
        [
          3599,
          0.40328
        ],
        [
          3699,
          0.40308
        ],
        [
          3799,
          0.40368
        ],
        [
          3899,
          0.40116
        ],
        [
          3999,
          0.40096
        ],
        [
          4099,
          0.39728
        ],
        [
          4199,
          0.198
        ],
        [
          4299,
          0.16152
        ],
        [
          4399,
          0.40224
        ],
        [
          4499,
          0.40308
        ],
        [
          4599,
          0.40352
        ],
        [
          4699,
          0.57768
        ],
        [
          4799,
          0.4176
        ],
        [
          4899,
          0.59408
        ],
        [
          4999,
          0.58088
        ]
      ],
      "consensus": {
        "unanimous": {
          "fraction_episodes_reach_consensus": 0.967,
          "fraction_episodes_consensus_correct": 0.938,
          "fraction_episodes_consensus_wrong_only": 0.029,
          "fraction_correct_at_first_consensus": 0.9576008273009308,
          "mean_first_consensus_t": 17.99482936918304,
          "median_first_consensus_t": 17.0
        },
        "majority": {
          "fraction_episodes_reach_consensus": 1.0,
          "fraction_episodes_consensus_correct": 0.986,
          "fraction_episodes_consensus_wrong_only": 0.014,
          "fraction_correct_at_first_consensus": 0.616,
          "mean_first_consensus_t": 1.281,
          "median_first_consensus_t": 1.0
        }
      },
      "beta_fit": {
        "alpha": 0.49893373097648896,
        "beta": 0.05681256758824569,
        "beta_std": 0.0009350829454087151,
        "beta_ci_lower": 0.05497983869268697,
        "beta_ci_upper": 0.058645296483804406,
        "epsilon_inf": 0.0010662690235110305,
        "fit_success": true,
        "method": "scipy_anchored_t0",
        "rmse": 0.006530685266016843,
        "r2": 0.9972645993990447,
        "fit_window_t_max": 50,
        "n_full_series": 50,
        "plateau_detected": false,
        "fit_anchor": "t0",
        "failure_reason": ""
      },
      "beta_hst_max": 0.4013413909243028,
      "beta_gap": -0.3445288233360571,
      "exceeds_hst_bound": false,
      "convergence_warning": false,
      "epsilon_series": [
        0.4486,
        0.44470000000000004,
        0.4238,
        0.4087,
        0.381,
        0.36660000000000004,
        0.3413,
        0.3312,
        0.313,
        0.2882,
        0.2761,
        0.2592,
        0.2422,
        0.23090000000000002,
        0.2127,
        0.2034,
        0.1877,
        0.1821,
        0.1696,
        0.15660000000000002,
        0.14450000000000002,
        0.137,
        0.1296,
        0.1184,
        0.11660000000000001,
        0.1068,
        0.1019,
        0.09920000000000001,
        0.09330000000000001,
        0.0884,
        0.0829,
        0.078,
        0.0751,
        0.0693,
        0.0671,
        0.062200000000000005,
        0.059800000000000006,
        0.0575,
        0.0543,
        0.053200000000000004,
        0.051300000000000005,
        0.0487,
        0.0485,
        0.0454,
        0.0438,
        0.0437,
        0.0409,
        0.040600000000000004,
        0.0381,
        0.0374
      ],
      "learning_rate_plot": "artifacts/training_metrics_vector/grid_runs/n_10/q_0p55/seed_1/plots/n_10__complete__anchored_t0.png",
      "learning_rate_plot_anchored_t0": "artifacts/training_metrics_vector/grid_runs/n_10/q_0p55/seed_1/plots/n_10__complete__anchored_t0.png",
      "train_loss_plot": "artifacts/training_metrics_vector/grid_runs/n_10/q_0p55/seed_1/plots/n_10__complete__train_loss.png"
    },
    "n_10/ws_p_0.0_seed_1": {
      "train_loss_final": 0.09891415387392044,
      "train_loss_running_mean_final": 0.3538884327560663,
      "best_running_mean_loss": 0.23441400323063136,
      "best_episode_idx": 4840,
      "best_validation_error": 0.11668,
      "best_validation_episode_idx": 4999,