{
  "seed": 4,
  "conditions": {
    "n_10/complete": {
      "train_loss_final": 0.024597713723778725,
      "train_loss_running_mean_final": 0.13311497056623922,
      "best_running_mean_loss": 0.013367973752319812,
      "best_episode_idx": 3027,
      "best_validation_error": 0.00588,
      "best_validation_episode_idx": 3599,
      "validation_history": [
        [
          99,
          0.46
        ],
        [
          199,
          0.18696
        ],
        [
          299,
          0.0254
        ],
        [
          399,
          0.00748
        ],
        [
          499,
          0.00704
        ],
        [
          599,
          0.46
        ],
        [
          699,
          0.46
        ],
        [
          799,
          0.04568
        ],
        [
          899,
          0.01316
        ],
        [
          999,
          0.00972
        ],
        [
          1099,
          0.0078
        ],
        [
          1199,
          0.008
        ],
        [
          1299,
          0.02268
        ],
        [
          1399,
          0.02428
        ],
        [
          1499,
          0.14336
        ],
        [
          1599,
          0.2302
        ],
        [
          1699,
          0.3184
        ],
        [
          1799,
          0.0186
        ],
        [
          1899,
          0.00952
        ],
        [
          1999,
          0.00864
        ],
        [
          2099,
          0.0074
        ],
        [
          2199,
          0.00732
        ],
        [
          2299,
          0.00668
        ],
        [
          2399,
          0.006
        ],
        [
          2499,
          0.0266
        ],
        [
          2599,
          0.02504
        ],
        [
          2699,
          0.02452
        ],
        [
          2799,
          0.02452
        ],
        [
          2899,
          0.02452
        ],
        [
          2999,
          0.02456
        ],
        [
          3099,
          0.02456
        ],
        [
          3199,
          0.02456
        ],
        [
          3299,
          0.02456
        ],
        [
          3399,
          0.02476
        ],
        [
          3499,
          0.0062
        ],
        [
          3599,
          0.00588
        ],
        [
          3699,
          0.0062
        ],
        [
          3799,
          0.02428
        ],
        [
          3899,
          0.02428
        ],
        [
          3999,
          0.02448
        ],
        [
          4099,
          0.02452
        ],
        [
          4199,
          0.00616
        ],
        [
          4299,
          0.02472
        ],
        [
          4399,
          0.02444
        ],
        [
          4499,
          0.02448
        ],
        [
          4599,
          0.02456
        ],
        [
          4699,
          0.02456
        ],
        [
          4799,
          0.02448
        ],
        [
          4899,
          0.02444
        ],
        [
          4999,
          0.02512
        ]
      ],
      "consensus": {
        "unanimous": {
          "fraction_episodes_reach_consensus": 1.0,
          "fraction_episodes_consensus_correct": 0.997,
          "fraction_episodes_consensus_wrong_only": 0.003,
          "fraction_correct_at_first_consensus": 0.997,
          "mean_first_consensus_t": 2.372,
          "median_first_consensus_t": 2.0
        },
        "majority": {
          "fraction_episodes_reach_consensus": 1.0,
          "fraction_episodes_consensus_correct": 0.998,
          "fraction_episodes_consensus_wrong_only": 0.002,
          "fraction_correct_at_first_consensus": 0.991,
          "mean_first_consensus_t": 1.034,
          "median_first_consensus_t": 1.0
        }
      },
      "beta_fit": {
        "alpha": 0.49750525512405064,
        "beta": 0.028552844936306953,
        "beta_std": NaN,
        "beta_ci_lower": NaN,
        "beta_ci_upper": NaN,
        "epsilon_inf": 0.002494744875949367,
        "fit_success": false,
        "method": "anchored_t2_log_linear_fallback",
        "rmse": 0.27368877029433586,
        "r2": -85.34181156081897,
        "fit_window_t_max": 50,
        "n_full_series": 50,
        "plateau_detected": false,
        "fit_anchor": "t2",
        "failure_reason": "poor_fit_r2"
      },
      "beta_hst_max": 2.7725887222397816,
      "beta_gap": null,
      "exceeds_hst_bound": null,
      "convergence_warning": false,
      "epsilon_series": [
        0.2076,
        0.056600000000000004,
        0.0109,
        0.0044,
        0.0032,
        0.0027,
        0.0027,
        0.0027,
        0.0028,
        0.003,
        0.003,
        0.003,
        0.003,
        0.003,
        0.003,
        0.003,
        0.003,
        0.003,
        0.003,
        0.003,
        0.003,
        0.003,
        0.003,
        0.003,
        0.003,
        0.003,
        0.003,
        0.003,
        0.003,
        0.003,
        0.003,
        0.003,
        0.003,
        0.003,
        0.003,
        0.003,
        0.003,
        0.003,
        0.003,
        0.003,
        0.003,
        0.003,
        0.003,
        0.003,
        0.003,
        0.003,
        0.003,
        0.003,
        0.003,
        0.003
      ],
      "learning_rate_plot": "artifacts/training_metrics_fair/grid_runs/n_10/q_0p8/seed_4/plots/n_10__complete__anchored_t0.png",
      "learning_rate_plot_anchored_t0": "artifacts/training_metrics_fair/grid_runs/n_10/q_0p8/seed_4/plots/n_10__complete__anchored_t0.png",
      "train_loss_plot": "artifacts/training_metrics_fair/grid_runs/n_10/q_0p8/seed_4/plots/n_10__complete__train_loss.png",
      "learning_rate_plot_anchored_t2": "artifacts/anchor_t2/training_metrics_fair/grid_runs/n_10/q_0p8/seed_4/plots/n_10__complete__anchored_t2.png"
    },
    "n_10/ws_p_0.0_seed_4": {
      "train_loss_final": 0.030447522178292274,
      "train_loss_running_mean_final": 0.024780788496136665,
      "best_running_mean_loss": 0.01926079884171486,
      "best_episode_idx": 3937,
      "best_validation_error": 0.00816,
      "best_validation_episode_idx": 4899,